path	byteLength	sha256
.dockerignore	503	da1540ee4453c482d5c5970f880dd87e6cf5aec6ec178876af1ba5ae63270d5d
.gitattributes	205	949e482c1afad1a712dd413e3385278e29d06e3b7606001e7c02f1ce831b1201
.github/dependabot.yml	1062	30355193b3cb76595ec5501ad25ed758e38d6f12bce398241d548d10f92e110c
.github/workflows/p41-exact-windows-node24-current-root-closure.yml	451	eb34fa00c7e26e890c94c88ba3cf597b260b8ca8301dbba3e31f75531ea794c1
.github/workflows/p42-exact-windows-node24-lifecycle-quarantine.yml	2057	89c10f0b6b2a673abb87c93feacd34be861436b3375428297fc55ef4e6345222
.github/workflows/p42-exact-windows-semantic-dual-build.yml	1633	94b8ef5509c5e883c6e9616e95dd36900ddd7f6e58211645b19629775f6c56b4
.github/workflows/p47-windows-build-relevant-projection.yml	4703	776f02676c1fc82d3099118a0d85e3b1d265b22bc29567adb98388c65484207f
.github/workflows/pass26-exact-runtime-bridge.yml	4263	61f9e01b47f52c4574f7eede1dbc70326b695f8b2885e5095919cd9f421b128a
.github/workflows/pass4992-supply-chain-security.yml	4052	10ea0c6d708490cf27270b41fad6f0103d3bb4c8af1519763e48ecf319bd3820
.github/workflows/quality-and-fresh-builds.yml	1580	a220e0714ef0bdf77e02313b8778d41e8d08e8d7500f453c83cfae7debe88ce9
.gitignore	673	cc62612425bef1f1bd5d771f2ddba5a54e96a0d7a81a0ae3fd29f7d6abae86e7
.node-version	8	55075b5ec4e8b31936cbbc282b8829116d1fd48f2f2f1856dee592a6650700ce
.npmrc	114	a134d45fb2d7291fcd19f4283fe737fe4193bf0085f63ef295ddabbc27fa88a3
.nvmrc	8	55075b5ec4e8b31936cbbc282b8829116d1fd48f2f2f1856dee592a6650700ce
.vercelignore	771	b844b7ae70423e9dba4dbfac0b508d63a743f6cdebd453ba330f7e341c45f5b9
CLEAN_SAFE_README.md	27522	163315a22c973d6ae3dd6c72f8744c4f2f3f480b48e5e49130c5a02ca45bf579
ENV_PRODUCTION_READY.example	9982	63f6cebb9cb0c74c10810c465bae2b3ea8de75d1d4c840f8f37b8cda3258d34e
P51_NATIVE_WINDOWS_EXACT_BUNDLE_PROJECTION/P51_CHANGELOG_FROM_P50.txt	1522	aaa727d364b4d4b7aaa5a60c661c4f16d0d3ca599d6f180fd9c856a78379ec7d
P51_NATIVE_WINDOWS_EXACT_BUNDLE_PROJECTION/P51_LOCAL_EVIDENCE_INSPECTION.json	2069	94f7f5988789f6592145bfc5245fc92756ed0c5fc182f91ae7ff5a2fdd96732c
P51_NATIVE_WINDOWS_EXACT_BUNDLE_PROJECTION/P51_SECRET_PRIVATE_KEY_SCAN.json	355	62ce512752f899d28183982abc3ddbb366e4b2bc286b39406e66f6061e12f6eb
P51_NATIVE_WINDOWS_EXACT_BUNDLE_PROJECTION/P51_TRUTH_BOUNDARY.txt	605	38a40db4f2780686f68b16109278fec91eace206d41415ccbb9bc7cff981b582
P51_NATIVE_WINDOWS_EXACT_BUNDLE_PROJECTION/VELMERE_CURRENT_STATE_AND_PASS_DELTA_LEDGER_P50_V16_2026-08-15.txt	3836	c88b535f2359a969f0070052aaae66e71f615bcc98d012cb3c482d919ae33764
P51_PACKAGE_BUILD_RECIPE.json	462	305ca88a4525b2907e508f33d3c741a4a41a824fb55e9ec5bcc384ad345bc00e
P52_PACKAGE_BUILD_RECIPE.json	582	fb4f4476361c7b577dd3aa6970eb0f0948d683d705ab6bdd99b76a75816c8422
PACKAGE_CONTENT_MANIFEST.tsv	907378	579e3d5450da0aaff3fad528c2d5eae33b6c0643ce88ab350895c3dfbb7aca21
README.md	47090	dd7ca5bb245406096be1400220132c236ccdb7784726028001d025de0976693c
VELMERE_A100R0_PATCH.txt	853	96a09023acd35e88c87f6ec2d91bf241c8a7961be223fa342375137c730e12ab
VELMERE_A102R10_PATCH.txt	985	55d58ddaefff3097f2c6d7b803bae3d234da5060233a25f44ccae437316e294b
VELMERE_A102R11_PATCH.txt	486	462777088bc241642a4fb399b0d58b408708079f4102a20062320339c12c0c64
VELMERE_A102R12_PATCH.txt	791	65fb5616440a45d759e0130e8dd439f0a99d10996ca5bc7e90e46ecb37180061
VELMERE_A102R13_PATCH.txt	792	1647860fad8f6d4ce437ab011606143b9139639ab428d0c3ce0d7a62d48e116e
VELMERE_A102R14_PATCH.txt	1213	6ef47ea31e98178b7b4fe5f597c8a00c45545422db09e0547329213a34a26bfd
VELMERE_A102R15_PATCH.txt	1333	fe60d068c60aaac4f2997af22e556b857249c34a01cb7e0eb8d161604490558f
VELMERE_A102R16_PATCH.txt	895	4f15dc0bd053596fc56e7e8079e3ec6e7d457f500962e0a08c3f22214a401fab
VELMERE_A102R17_PATCH.txt	967	640fd8e141765880d6c2dbda3447efe9f409234ebde19fd69959ceecb8bd6071
VELMERE_A102R18_PATCH.txt	1095	595e4572ac762a08e136523750322d6ecf124b6deb790ec906498d467f0120c5
VELMERE_A102R19_PATCH.txt	802	4dca39bf5e8ae3d45e57cf1c876e5e2120a65ef194519397ccc86120dc6935fd
VELMERE_A102R1_PATCH.txt	2235	7fb6f54be8bc3cf51423573c97b7a4c2c7293f82560bbedc8e09ca2bf78507e1
VELMERE_A102R20_PATCH.txt	931	74f3d6d920d6b1c783d5e80f6f473b38d86e17c8971bb550a1afab85bc505ab7
VELMERE_A102R21_PATCH.txt	1187	183ff56c7fa139ae44aa347604e43bbe39d8f6d964ab79ac0a8fade247467684
VELMERE_A102R22_PATCH.txt	785	9da2e1cead07e187a910e338da1c9315c65035f4f58d3d95209ee8b2edc3c918
VELMERE_A102R23_PATCH.txt	1117	a123679d7389964233c9e848618ff2a903b29b91cf7f3ae603af766c5dcf91fc
VELMERE_A102R24_PATCH.txt	957	84acdfa49d8bca9468207ccc0d90ff2c99e4f846a9aabace5533c8683ec1ddd7
VELMERE_A102R25_PATCH.txt	744	56ebbc93f79f6406d7e595327124d4bb8de8784a61b49a47655c2bfa27ca214d
VELMERE_A102R26_PATCH.txt	816	930838935d17edd616e77c564d6c1d0d6dfe66efa74b230757f1cd399a698f02
VELMERE_A102R27_PATCH.txt	788	9a013ac0952b4f7465ceeebcd76ad88ce93b4f53ebc9e70329530a802f4d36e2
VELMERE_A102R28_PATCH.txt	869	c0d45563d44c3830485d04a181bfa629cb8de8568dd163765b555dc15c9efd11
VELMERE_A102R29_PATCH.txt	1112	53e355ab1f2b568d586aa7efb812e7427c1868122e1ac7c0938a2681ab1fe03e
VELMERE_A102R30_PATCH.txt	509	81bceade51f84c6dcd07f87317b9fd1807943c1d2b4b9a02fb4bee18440ca038
VELMERE_A102R31_PATCH.txt	565	ba32ca6be137c435961555cefcd635306b337dd40a8c83fcecce35c93ce75178
VELMERE_A102R32_PATCH.txt	582	5bb533c14a48172f7f23b854659f681e2e13ee0852c7cba3df6bd41c54e609c3
VELMERE_A102R33_PATCH.txt	261	d5662d905dc0cd0c2287794dc8ff73247eb216d2066ed717d033135de3ce3ec5
VELMERE_A102R34_PATCH.txt	348	068cb891abad73ca1e713255ad4903f4de88338ce9c90f10337b4c8fce9aec91
VELMERE_A102R35_PATCH.txt	285	5a0247b197a4648dd154e0d65b57ddded963ff58dc8a411fb323b376fcee81dd
VELMERE_A102R36_PATCH.txt	846	85dbb0c077e7f37ea8e24cd2d2a9e251753b1dbc717341280e61d81224eb1362
VELMERE_A102R38_PATCH.txt	2755	a9acebfbccc91c77a11d55b5994d04ae3e7c993fdc517545798514b0ccaeef53
VELMERE_A102R39_PATCH.txt	1100	073d952f3b21e1abcae6f088c20d2d2014035a02a647865fc5049da5f02070a0
VELMERE_A102R3_PATCH.txt	1319	c7d98e3e1ddeab764deef74c7b8522d7cb265c23fc9da811fed56392f2458bbf
VELMERE_A102R40_PATCH.txt	1453	6248fa4bb2f6d384f94b9d228c42538cf28ab97cee22f7f152c40a4d33812f34
VELMERE_A102R41_PATCH.txt	1704	40b2a299e776a8ccac4302000eba5875179291cf5bb674c052346902828842a5
VELMERE_A102R42_PATCH.txt	992	0210822c2df45377bf3a27bc399cdd768e650f0da4cb128046e252d1cf1a950e
VELMERE_A102R43_PATCH.txt	985	0ed14c6219098aa75b023cc146fa31c1cb1d1522ee3680515f929a38c2425daf
VELMERE_A102R44P10_PATCH.txt	1794	bda22b3ac745cc27d75382f10d4198784fcf33a68cae2750e106314ca4e83bdb
VELMERE_A102R44P11_PATCH.txt	2658	1d7e8c0d47fefee017af2e985137a0750dba0c46eacf95efdf9b3b57f18ef17b
VELMERE_A102R44P12_PATCH.txt	4788	589248734e3e253aa5ace0deab23b57f4f6ed9e3ae972b590d5ed61f88824c28
VELMERE_A102R44P13_PATCH.txt	1968	64835ad9c47132139a3f656994923d547ed9386ef390b8db4c742dbc838139a8
VELMERE_A102R44P14_PATCH.txt	1587	e3236fc4414e7ba3f394fbedc5c5d858fc72eebbef238fe2a7759bf404232bb1
VELMERE_A102R44P15_PATCH.txt	2435	392a3ba4df84b34b6b3b93a582450f430ee1255018322898cffcbe76702b937e
VELMERE_A102R44P16_PATCH.txt	2007	0f971e2112da383da0e0f5073898aa66161c1ad57ce37d6fe49f5cb3257f21be
VELMERE_A102R44P17_PATCH.txt	599	fab360e05c35345730f53759d0332d5b4fb45dbeb0a1d11fdeeb43d92a4ee292
VELMERE_A102R44P18_PATCH.txt	1500	b0e5ddc965d76d9050712b5420c379d121fe8748b3b83891e61d73fd227a2661
VELMERE_A102R44P19_PATCH.txt	1360	0e523fc9f5c31ba727cd06a1eec11b56cf385dfaf16ef711bf2aa4f170b3d058
VELMERE_A102R44P21_PATCH.txt	675	db9390fad6ac7bfef7bfb6844930834f85684769a6badee5ec1944917a3b24d3
VELMERE_A102R44P22_PATCH.txt	2328	8b4fb903d89231deb616da969c952fdbddad7a81b986cd734195cc3fd55cf5ce
VELMERE_A102R44P24_PATCH.txt	881	a32cd9b1a13919625f7bf2fad00937e587ead189b14e2f402430ecda04c9dd9b
VELMERE_A102R44P27_PATCH.txt	1025	8266f8d2329e0dacc8b8497c18f16039c199b00462b9adc14a51f718e753d49e
VELMERE_A102R44P28_PATCH.txt	658	63e40fa1db0acc0b49ee01fbd36bafff1106c6f541b3510b92d3d87f667708dd
VELMERE_A102R44P29_PATCH.txt	621	c5336e303635fd7d6ca10eedbf5e0f88fbf32c0c790ce020d828516fad918b5a
VELMERE_A102R44P30_PATCH.txt	2499	8f57bbdc1797de842d4cde2767c3e5336ae5836610c8d0cfdfa04625e82e8ff8
VELMERE_A102R44P31_PATCH.txt	1108	81cf28f62740b1039b6a420bba3a436a8713054201f74b04bd2e888a399e5e20
VELMERE_A102R44P32_PATCH.txt	1360	12f28f00af5476d9c7e281da4ddf9c5a1a5d756239bbb2f24d8917e4e30b337e
VELMERE_A102R44P33_PATCH.txt	1478	0d4a18bd0b13f4b35821dc6d42ca23da045cbae5b6445446340117d4ab522db4
VELMERE_A102R44P34_PATCH.txt	1734	e67b0522c8a19cce6477d2ff1a7d55355588af495048924bc6ee7bea13d77874
VELMERE_A102R44P35_PATCH.txt	2229	72359e8ce0de27dd8c7bedffd425e2a3859909e886e9e6bc82fb223b851f32fb
VELMERE_A102R44P37_PATCH.txt	879	bea2add187254a8e687d71a29ef40c2d609c7d256f56cf370ad9df102f466cc7
VELMERE_A102R44P38_PATCH.txt	1545	639049cc562cf61330b714e7058381011d8374d9f8f902526ff531b5f32980f8
VELMERE_A102R44P39_PATCH.txt	1713	5c54f3efd329287ae2c819c3ae3dfc96ff4f958f016faa9b5c385ee946d0e7b7
VELMERE_A102R44P41_PATCH.txt	2628	79bf31b02d5f75499fb266d3a911072eef2b0b48f4826ecbab1a155bdff35482
VELMERE_A102R44P44_PATCH.txt	1401	0cd87de3eb99605a8a4c9f2a4abc82a12834d0413664b4ae44d51c99e7fd9b5e
VELMERE_A102R44P45_PATCH.txt	475	31c11c49e89ff4c9355d86e3a7116be57b5361b31f9ad09a43b92bae5d1bb555
VELMERE_A102R44P5_PATCH.txt	1925	9632440c64767b94f6156ecec0a454646be60562aea0eab65b2c224fe1739002
VELMERE_A102R44P6_PATCH.txt	2285	7c51eeed453d7070c2f70b4a4f3d63ff714a17084b0b6d65cd29af6c1c295b13
VELMERE_A102R44P7_PATCH.txt	4089	42f4b6246d75380b871829d97f0fefe98d004f3ab29bd5f95d8c82dbc09c1832
VELMERE_A102R44P8_PATCH.txt	2853	e5fe374e0181fd5539beef6da81e1e32e234111f80ed518bca2c69fa529f98a0
VELMERE_A102R44P9_PATCH.txt	1452	e5161e780bf005a2c02e43bd041f42793f76d831c83878c2a6d107efbd2cbccc
VELMERE_A102R44_PATCH.txt	1930	98471a781cc13609afa1773217bb1b391a371fee01fab2facac78b4e4f34f0dd
VELMERE_A102R44_PRODUCT_REALITY_WAVE1_PATCH.txt	4895	98ec6105288ddc8f408c528e07c47dc5f3970435a4bad4513fc836de4dc651c8
VELMERE_A102R44_PRODUCT_REALITY_WAVE2_PATCH.txt	4112	00b2d364fe8636397f0db680f78a2b92593faeb67c4d0534d3e9a99514ca3102
VELMERE_A102R44_PRODUCT_REALITY_WAVE3_PATCH.txt	910	f91ff34f750d55ec50b82ba1d4b26592f7bfe1ee6d66858512cba49f1fb10218
VELMERE_A102R44_PRODUCT_REALITY_WAVE4_PATCH.txt	1817	f0241a4a7daf97c92713e5ea5f4f352019a7a3f5def0d81953e00c99818843ee
VELMERE_A102R4_PATCH.txt	1833	c7d166cf841ebab749249dc5d46fc02f3a06044331ef4f1bf60a86070e1f99ae
VELMERE_A102R5_PATCH.txt	1728	76327914797751549e2883a14f5385a10c286fd392a794335c253137e1d78e2f
VELMERE_A102R6_PATCH.txt	792	6277697ea8774fb24ee59669d6a948b7413fdabaef5dd9c55b15514e16c09064
VELMERE_A102R7_PATCH.txt	776	3650be71d404a7f6ca7562ce0c2e4dd75f76ee4ffc7fd2ec71d65221818ee783
VELMERE_A102R8_PATCH.txt	2189	36ef4a31ff83321fb9080784f1fbadb4ede9955f6c36192774f272a4d900499e
VELMERE_A43_PATCH.txt	217	bf0d5b4baaa1e17eab3f54b551e94cfc17c996abce70d6ff3fd34549fa7f9fe3
VELMERE_A44_PATCH.txt	657	e9e9a168a9c668d022a01d5910e85f7b8d01e7ed79831bdacb82e52a84842c34
VELMERE_A45_PATCH.txt	392	ce5be8e6c6f8bc6fa03ac22fb8e6cf0fe23e9ba5fa36919de9dfcd089bfc9ca6
VELMERE_A46_PATCH.txt	512	99aba823e940ee2013966832402097bb59dacde3aa66b213e820a575ae61cd8a
VELMERE_A47_PATCH.txt	691	964998af8ecf416ac186a8b4f99bcb2042948df2effb5c81331a978330ba0db8
VELMERE_A48_PATCH.txt	650	2042b69e6121f3cae02b676fb2243ec648516a5e0b022641fe6ca7ebd450dfc4
VELMERE_A49_PATCH.txt	319	7a6ffb599df8ee1d66e5298cd207b154bda0c4d771f79d0093046050fac785fb
VELMERE_A50_PATCH.txt	295	4b89d56ccafa6c1a6f525d9ba6592e2b912fccca964b9d087f1fbe27130493e3
VELMERE_A51_PATCH.txt	648	144edb98a59a206df6c0e82b774815c5274604f5a76aeac01bb8ce8efd8470dc
VELMERE_A52_PATCH.txt	364	6c25badd0b9d3111cd9e8eadaedfc0cb4f09474c3ed62c6c947946eea7c3fc44
VELMERE_A53_PATCH.txt	343	f80d7c9d38483584f7205a34441e989861b3454ea0310c6f183746ab91977cc0
VELMERE_A54_PATCH.txt	1046	24d8234076cd526a497902ae4ed84541fac587efd817f8dd39bf3c7aba8c889d
VELMERE_A55_PATCH.txt	974	2a490c7ff48b68792294557837b9f15df926cc424c8d92c5610565b8809e7680
VELMERE_A56_PATCH.txt	1237	b9632091423d6322c43bbbe0fb944f957b7c99a82602201ff23fea7e1e1da67d
VELMERE_A57_PATCH.txt	1296	20a885e98bc6b001cf03c64e2c96d96b439f67a56f1912d914df2ac9714301ee
VELMERE_A58_PATCH.txt	812	3dc539d829292fbe6ee46cfd8d3f91a8f6b9a732363c4d275154ea1aa6463e2b
VELMERE_A59_PATCH.txt	1545	5854ee9f1de0967ad22e718668bfc4a3a0006e730bf4f10d023ce53667754b3b
VELMERE_A60_PATCH.txt	524	9ce895eab57df605fd87d67607d54fa5b1c8f9773b1ecbe46a0cc8b02cc9efa1
VELMERE_A61_PATCH.txt	485	ba90bb2af17da56736f7fcca45eefa8eac7ce92f5bc0b278446d93f702fb1ff5
VELMERE_A62_PATCH.txt	949	2781c97e40ae6ad0b7831320e2807d9522fc6d2fe28583650b996714edc1f8fc
VELMERE_A63_PATCH.txt	392	717b45557483667c3cd0aa3b7c53b1b06bb426be1364832194a3f941f796f942
VELMERE_A64_PATCH.txt	418	5ec2d5434b1800079dc969ae5858091ec3d8163327eafd0e08b518309df74c49
VELMERE_A66_PATCH.txt	803	91802613ba69cf6db97e6bac4eca1b094ba2ffbbcedd11cd6c027e78eb2c6358
VELMERE_A68_PATCH.txt	243	483d58a66dfae81e3fccf4982d992800ab9ca86460ce7ab92a165119c4cae112
VELMERE_A69_PATCH.txt	369	73e4ae356618cdfe54227ddf1c9ac2f0c78368a742dc8a89ae7ae44d8b709b13
VELMERE_A70_PATCH.txt	698	a682319e901daad8c708a13d87bd5fe9691d1d496304b8dd9c3d5f44cd53795c
VELMERE_A71_PATCH.txt	726	bb448140c681b16bd550a80a0dae84702b8e7b0160627b11e8ada8edffeb8bd2
VELMERE_A72_PATCH.txt	913	177ff2b42ccb3526cda3ad2bf67c6fea932d2a50b20d51769b1d539e639287e0
VELMERE_A73_PATCH.txt	1385	285013e08d567a8d0a76cd8b1e010dd93be423ae67c52aefd94c61687ca8675d
VELMERE_A74_PATCH.txt	558	9fdb6f2522525af3b8208de22246793835755ac0b26936f6156ff65051fbc27f
VELMERE_A75_PATCH.txt	857	8538dcaf7d6841fb85ea86f90194e2b5c7bafce425b49a3af5ae7ac1698bef80
VELMERE_A76_PATCH.txt	1315	bd6f3e8503c981e281bc6f3569b3de81e5059cef735670fb88b770e185f7215b
VELMERE_A77_PATCH.txt	1274	f7e5119e4b108ef5f3320ca01376b3f80c2a65c7eeaf7ba1a73ce6e353afa529
VELMERE_A78_PATCH.txt	621	c016c009dd5d7a7c61ec4287cbc3cd91066c9b9e65375cc332e85194019d7341
VELMERE_A79_PATCH.txt	1091	6e45b6f9b212672b411861fa63f85bfd6f743828f28ac84c6e242ff234640689
VELMERE_A80_PATCH.txt	1185	b05d4e2f41db121d5cb8b3475c46b8decf64f302c4bfc16fe1c092c379027d26
VELMERE_A81_PATCH.txt	1917	a8135e6336d97a4549768b7b77b6c5c2a38c27457e4797db71c523f7a2baa135
VELMERE_A82_PATCH.txt	1012	97cdc75ba7d1396c0fb6bfd68a6b2a590164155b70a43074c3046ee4f5d379e5
VELMERE_A83_PATCH.txt	2258	8c92498749d7f081e2dcc6235ce43e24eeb8d0350f91245b364734c90f277355
VELMERE_A84_PATCH.txt	545	d8da5537f36770650534b9c65f7f2b1af05e8d0d7e7b60bbea566b07e4859442
VELMERE_A85_PATCH.txt	336	e879e60413f2be1ac52a8727b5bfae396cf238149f09da1e843d9c1ff050de8a
VELMERE_A86_PATCH.txt	2297	5d5b247f321c7c854245465babd2cc5c48214b326a12ecc77fdf84ee91a36ecc
VELMERE_A87_PATCH.txt	1727	6809e1a6c30a1e0ace1921e18f5765209a800c65b742292940a6327cb9fb93b7
VELMERE_A88R1_PATCH.txt	2699	8212842f0a3f0501b70331f3561f6158b4ddf4caf8a0e6ad98ae2499ee263a18
VELMERE_A88_PATCH.txt	1127	0e33a03b47c359a83abe28562d5e3e28b15d96e682c7c229aa4c7cc713b18f68
VELMERE_A89_PATCH.txt	1192	4ed8541a3457d3f84db3959d4f0954e9ca37e0cda06416ac4dfde25154c51e2b
VELMERE_A94R2_PATCH.txt	761	69ecfb952eedd60bcd60b251b09a57aca1bc74c846b4e33ef460ee777fc469fe
VELMERE_A95_PATCH.txt	1193	0e58eb66a4a3ff4f1760c03497be7055df47eb9b35caf26e3ce9a69039b8ed1d
VELMERE_A96R0_PATCH.txt	750	8625351494fde154878c8a97acabf20a28fcac8aa4be55e416073f77e532d248
VELMERE_A97R1_PATCH.txt	545	d5c12dc75ae2e0c66b3d30bc6697ba2e70cb3c236ca09f9352aac0a6bc20839d
VELMERE_A98R0_PATCH.txt	148	6aaa0c9033c7a2485a28e7da0f8a630b49160e5f0c3629101da7273c08b5b810
VELMERE_A99R0_PATCH.txt	1192	52765d1e3551d054b8243b3dbcf451d42100d83d7100f608da4c37394ff768f3
VELMERE_ACTIVE_PASS.txt	106	5d9b9bea87152b7dabd57ab5465f6243f0257aa5df91c3116d5ee29c88e7f5a0
VELMERE_CANONICAL_OWNER_DIRECTIVE_V16_FULL_TOPOLOGY_FREE_LEGAL_CURRENT_WORLD_CLASS_2026-08-14.txt	62609	67816a5a9238668c8080a3a8cc623f078d268c1b78fddf534cb4893bb45490e9
VELMERE_IMPORT_A47_ACCEPTANCE_EVIDENCE.cmd	774	9b732fab2dce2356fe564ddc5e7c9a7e4dd74fcfdabda89f70536906a1a87c1a
VELMERE_RUN_A100_INCIDENT_KILL_SWITCH_CUSTOMER_COMMUNICATION.cmd	313	f638ce6c06e24f4cb9847fb31685bc6370c2f3d353f1b4d9eb411b27ebfa9307
VELMERE_RUN_A45_ACCEPTANCE.cmd	489	b022285656d1f49bff854015d018467ebc6fa136836bedd626b41bef8e7cbb77
VELMERE_RUN_A46_DATA_ACCEPTANCE.cmd	515	aa3873a43b3a1c286451678f5db22bbc12f3dcf529b54c8040d6e90c17ef9e13
VELMERE_RUN_A48_STAGING_TENANT_ISOLATION.cmd	793	9f498a60380660607bb66166eba7a36b05cf7b3ca39c234b47ef3096d366fd09
VELMERE_RUN_A49_STRIPE_PAYMENT_ACCEPTANCE.cmd	695	3f427f7f6abfab05f70f48d92a3d91777036014d3d774dc079f5d0b71caa8c09
VELMERE_RUN_A50_EMAIL_STORAGE_KMS_ACCEPTANCE.cmd	756	ceb733b64e07b4d71ca595f9a94611bcb0da10d1150356e4967e17bdb86d201f
VELMERE_RUN_A51_BACKUP_RESTORE_ROLLBACK_PROVIDER_LOSS_ACCEPTANCE.cmd	741	2163c5e0c63513c6fa71579ce1372bc62ab1ae2fa718fdc8d99e17dc16225189
VELMERE_RUN_A52_KILL_SWITCH_INCIDENT_CUSTOMER_COMMUNICATION_ACCEPTANCE.cmd	733	1100da9f1507bca9da6ee5569e2a90ada673598a69445d3aeeac84aab39c974e
VELMERE_RUN_A53_MEASURED_SLO_ALERT_ACK_VENDOR_EXIT_ACCEPTANCE.cmd	744	239394664967f920f5d3b9b4542c2d79a65f2b8015af3bbe3aab9ae0f6d236c5
VELMERE_RUN_A54_STRICT_SLO_ALERT_ACK_VENDOR_EXIT_RECOVERY_ACCEPTANCE.cmd	686	d6c0c233cc5aec891b419cf1ce505f3006743178337459489ba8f7035fa467cc
VELMERE_RUN_A55_INDEPENDENT_RETEST_LEGAL_CUSTOMER_RELEASE_ACCEPTANCE.cmd	325	97b88f0ddc8732155d3b8c9e228105fdf4affc4771ef8ed926ac3f980e9a4c74
VELMERE_RUN_A56_OUT_OF_TIME_SLO_VENDOR_EXIT_OBSERVATION_ACCEPTANCE.cmd	323	55c4f6d85e14623f94e3dac902e527940b86c298a14c3eccb8bf49489bbfcca9
VELMERE_RUN_A57_CONTROLLED_CANARY_KILL_SWITCH_ROLLBACK_TELEMETRY_ACCEPTANCE.cmd	332	19a59fbdeb3558aee1ba27a775356683fbf9321581720f238f158c739ad33e64
VELMERE_RUN_A60_EXACT_FINAL_BYTE_BUILD_BROWSER_ACCEPTANCE.cmd	526	796fe95c417a26e8ff0539a0422841fcfe26758dc381c3b29f28330c3b86edf3
VELMERE_RUN_A61_HISTORICAL_ARTIFACT_RECOVERY.cmd	542	7babbc90a4537e42ab216c5405997febe6857f3b96479acbc6e359aaf5ad1b50
VELMERE_RUN_A62_OFFLINE_EXACT_RUNTIME_DEPENDENCY_BOOTSTRAP.cmd	233	7471989943a9400292f688d4950005b9b78ce97544aa3bb327e62e9bcdf74eca
VELMERE_RUN_A63_STAGING_PROGRAM_ORCHESTRATOR.cmd	283	f58564ad67de83552853ca29c9b05003fb7692dfdb31f25de4b1a61e1d8f9fa2
VELMERE_RUN_A64_HISTORICAL_CONTROL_METADATA_RECOVERY.cmd	324	faaf6bbaef8d96cc37f1e74dfd022f389e5144fe7f2d87f6b2bc78e5dfd891cd
VELMERE_RUN_A77_CLEAN_ROOT_GOVERNANCE_INTAKE.cmd	93	b8f2b106aec8ed52b4fb383fd159c3483c07bc07652a60b92d4570c608f6f845
VELMERE_RUN_A78_EXACT_RUNTIME_LOCKFILE_BROWSER_BOOTSTRAP.cmd	469	a2b9b6df477adccddbd1779354fa44d3bb83de93153f94709ace9c9b36443413
VELMERE_RUN_A79_EXACT_FINAL_BYTE_BUILD_BROWSER_ACCEPTANCE.cmd	589	4574e091120de61b88f85f960ba6f3aa50ea88a3f621fde228ae68038a04644d
VELMERE_RUN_A80_FROZEN_LOCAL_RELEASE_CANDIDATE.cmd	460	14fd4bf1798f748cb82497eed20f8e92751a278b70bf63232721bf5a97a6cd4f
VELMERE_RUN_A81_CANONICAL_MEGA_MATRIX.cmd	481	a8fa7e06d4a0790d312ad93fa9a06742ff65e5959612d4dbf6cc6871efed8657
VELMERE_RUN_A82_AUDIT_REAL_CONTRACT_MATRIX.cmd	342	f82912a29989ce7c89bd22d028f3a51b2166c2e477e9ea58f9f8412aab20fb84
VELMERE_RUN_A83_BROWSER_LENS_PDF_REAL_PACKET_MATRIX.cmd	728	51e26961d489b6709c5522a42fdca31fc520a557e227e42029345fa3b31a80f9
VELMERE_RUN_A84_SHIELD_FULL_CATALOG_TIER_MATRIX.cmd	390	79c379e55b115109c5a73d65c0407662a78042e1ca06d6cf994f9009a97fd2b9
VELMERE_RUN_A86_REAL_MARKETS_CROSS_ASSET_MATRIX.cmd	461	10d480937be4f2adfc55b1397a3b1f315023c33900bf2ca8cd3f73ea94c22843
VELMERE_RUN_A87_MARKET_IMPACT_WHALE_WATCH_MATRIX.cmd	533	42d52e3f06e2c5d0ba2272d96b816b956d53d42c5f3a6b548711feb326689448
VELMERE_RUN_A88R1_SEMANTIC_ROUTE_PRIVACY_PDF.cmd	740	724f5526fc65e2086313693acf08e71dc29cea4c26ff965391b1d26d645d963b
VELMERE_RUN_A88_BRAIN_ANGEL_RISK_EVAL.cmd	438	870da31ad517f4a651710db448723273760e655bdd7a192c6dfa76200ec5c93b
VELMERE_RUN_A89_ACCOUNT_AUTH_TENANT_PRIVACY_RED_TEAM.cmd	614	23c3978dab3c51502bacef834b0b17495015bf2232abf812379961c7c813d868
VELMERE_RUN_A95_STAGING_SUBJECT_ADMISSION.cmd	98	237dffaff58f059c9480b4bbce78a67387fe834247efb3c23790854bb4635914
VELMERE_RUN_FULL_CHECK.ps1	563	98ee57a510fae2e6f7836dde348747a43d08bfa3236560f52f59eb3c9b2949fc
VELMERE_SETUP_WINDOWS_A34.ps1	4227	2d0b8386e90fe5437dcc4413089cca28d93cfeb6b3b1c7ac162c9d699b673266
VELMERE_SETUP_WINDOWS_A35.ps1	4316	97ecead91f634e6172b5a80c4d6d838d80014a0b1f36a84780198fa1558145da
VELMERE_SETUP_WINDOWS_A36.ps1	4255	930a5ad1965bb96ddd142214f327d8a2b157c2238602414add8466aed4a656ac
VELMERE_SETUP_WINDOWS_A37.ps1	4247	6c068566391fb34c73a657887c9138584ba5ce08a55471b349ecec9ff9cf7621
VELMERE_START_A42.cmd	924	0c1fa2c0ef45de7e74989f1e346d6a3f55272a2bbcb28807e1dff12a2ee6b53b
VELMERE_START_A43.cmd	1158	9f8789f5b428556136395f0ed79fbb03730f658c939dde9b796de6654e8691d3
VELMERE_START_A44.cmd	1416	d370896ba162284adc39b92da8f121f6ddd7f4f6dad8c4f590476c2263d96c48
VELMERE_START_A45.cmd	429	ac5421ba448e13f04f77f8a0b7cfb73f51d3333dc2c03c7e466a306fc2c363c5
VELMERE_VERIFY_A81_CLEAN_UNPACK.cmd	97	d0ef854e13f3413466d2de9b8da178773b2a563a3de6e0698dcfbc83479aedfe
VELMERE_VERIFY_A82_CLEAN_UNPACK.cmd	99	08f88133066171ac88334a6c5a20533fccf905a9fff2d2be36bd25950adae4b9
VELMERE_VERIFY_A83_CLEAN_UNPACK.cmd	85	4f87843bc7c841583c29f0ebe2c09f0bbec1b6aac40005498b6ef4fa7deb3135
VELMERE_VERIFY_A84_CLEAN_UNPACK.cmd	85	629ff16b14d317461943d59d82d77ffcf494f7b9f0a3192747de4c0b9edb5634
VELMERE_VERIFY_A86_CLEAN_UNPACK.cmd	97	bc990ea800cb520a8bb4663d1aab245e8dafdc68cf345a954a84079d8e651111
VELMERE_VERIFY_A86_CURRENT_ROOT_DESCENDANT.cmd	99	ed0226a4dc6ff7c90c1a532343da7b4751560e6828a1d09bd8673a61dd14d81e
VELMERE_VERIFY_A86_REAL_MARKETS_CROSS_ASSET_MATRIX.cmd	133	219d2f580d4fe7a3ce3d17054ed51ffac53b45e5e1ff29d7e967badee5a86ead
VELMERE_WORLD_CLASS_MAX_ROADMAP_PASS35.txt	2063137	2c1f8a7a46e65aa668db061c6286e5be23b4484417907d27d930e45bc38bffc5
_velmere/PASS36_A102R44P10_SOURCE_MANIFEST.json	1209555	f346ce4a9ff23b8951a36968751def0dd32bde697fdba88deb1978bdfa1ea5d2
_velmere/PASS36_A102R44P11_SOURCE_MANIFEST.json	1215632	59e7be36cffdffeb4b45ead7b57daae0073f38642d3b56db208da941f62a21f1
_velmere/PASS36_A102R44P12_SOURCE_MANIFEST.json	1221140	793e950b6c62e81e5ccef57f03cf28ea4356b4438cf1e9a115fe2c048ecdb8d6
_velmere/PASS36_A102R44P13_SOURCE_MANIFEST.json	1224814	df46bf8d8a2c5ca7b4271dce4cb1b00c7149901fbb870a305b4413e885a3f9d6
_velmere/PASS36_A102R44P14_RETAINED_WORKING_ROOT_MANIFEST.json	1227147	b48a433f92c1115f7698aa2ab7f35b94a36a336404bdeeb65e167e49e9f66d9f
_velmere/PASS36_A102R44P14_SOURCE_ONLY_MANIFEST.json	1227352	241193cf4ac0dc92f1059875452d1f199af3d8d87f6fbeb253b6be704e38bfc1
_velmere/PASS36_A102R44P15_SOURCE_ONLY_MANIFEST.json	1231692	99bca65e559d8d78dee9163f9b4b82ddd4bf46ed2b5e8a573aa904340b8a475c
_velmere/PASS36_A102R44P16_SOURCE_ONLY_MANIFEST.json	1235034	d56a4653ce87e901cf5ee5cd7c309dd25f066174c97f63d8f54ac074382fa58d
_velmere/PASS36_A102R44P17_SOURCE_ONLY_MANIFEST.json	1238088	59284738fcfa269533419c345fbbe0789c443a7f485c9050036394e30acf9bc7
_velmere/PASS36_A102R44P18_SOURCE_ONLY_MANIFEST.json	1240924	9d0bb386ae794349ca6007a028d6fe1aa0744bb7b8fc8570121a28c31de25de5
_velmere/PASS36_A102R44P19_SOURCE_ONLY_MANIFEST.json	1243923	465492ef2cfe69c179f6ab107be930d451d40fdcb6e3103331f463415911a37e
_velmere/PASS36_A102R44P1_PATCH_SOURCE_MANIFEST.json	1201797	f048a7a72ad68e3d3b241c09d7b6f20a65c082363c69c290170a3eed9edf9e36
_velmere/PASS36_A102R44P20_SOURCE_ONLY_MANIFEST.json	1245607	0d63489ce34d6ff0999742dbfc146ee295b1c9834665b3a14542118a3147e46a
_velmere/PASS36_A102R44P21_SOURCE_ONLY_MANIFEST.json	1248374	5313cbf073855673054f3130cfa2d62b182aae495921c722ef14c3c491c4a5f1
_velmere/PASS36_A102R44P22_SOURCE_ONLY_MANIFEST.json	1257988	f1630a65dc05a719d0d7fb6d1bd9c384f8dab0ed0ff7989107fb0773dcc727fd
_velmere/PASS36_A102R44P23_SOURCE_ONLY_MANIFEST.json	1261520	f2d6c4cefa6a5dc7f6dfd80bbd48a79aa632faa9db8cfcb29ea40f9ef2281bd9
_velmere/PASS36_A102R44P24_SOURCE_ONLY_MANIFEST.json	1264491	9c18f3816fc4fcdbd50ef473ba62cbde6a70acda18bd1d60d4152b26dc1c48df
_velmere/PASS36_A102R44P25_SOURCE_ONLY_MANIFEST.json	1269249	14a43a5989dad542c7b369869541cbfc18225d69fc21a4365ef51eed105a7507
_velmere/PASS36_A102R44P26_SOURCE_ONLY_MANIFEST.json	1273364	a92958f1e22d096904733f886262d144e5249f7aa681d781f8798c3569bff9ba
_velmere/PASS36_A102R44P27_SOURCE_ONLY_MANIFEST.json	1277655	2fbae8adc5d2c1e22c4ca0feedd8a03de2e62eaa5081c2ab805edd2d755472af
_velmere/PASS36_A102R44P28_SOURCE_ONLY_MANIFEST.json	1280228	4a57ea62ebbdc5422fe47cfe5a2f8b6b247442efa4b083f043e7872ca13f7cd1
_velmere/PASS36_A102R44P29_SOURCE_ONLY_MANIFEST.json	1284749	0b36773c6c9cb683d3404763cd3dd220bf9e7a0b9c6bcd5f7c1c0062e691cf69
_velmere/PASS36_A102R44P2_PATCH_SOURCE_MANIFEST.json	1222106	6875bf76aad4edf3128936e88abdcf14cdb40828b815beec09328123b333d289
_velmere/PASS36_A102R44P30_SOURCE_ONLY_MANIFEST.json	1289116	f58cf1eebaf0ad35976afa919bb0f53452e963c1b269d93f578829d342b9fcfa
_velmere/PASS36_A102R44P31_SOURCE_ONLY_MANIFEST.json	1292594	1dae92c5e85eb8772d8c2d6fcb4028c90dc8eee2bd3adb86f2c6ff32962c02f6
_velmere/PASS36_A102R44P32_SOURCE_ONLY_MANIFEST.json	1296274	d2e7c5cb646686e6aba652f219ae11ec542f216ae7d27cc8095a62440e23a872
_velmere/PASS36_A102R44P33_SOURCE_ONLY_MANIFEST.json	1299767	319da1ce1bcaeca46a5da7e6db573ed2bb8318f59bb29843d96751c28635794c
_velmere/PASS36_A102R44P34_SOURCE_ONLY_MANIFEST.json	1304469	3bbbcb3c866c898cb3bdfc720d4c2fcc2a4a7c8f9ed25f9c2adc94ff6de8ea94
_velmere/PASS36_A102R44P35_SOURCE_ONLY_MANIFEST.json	1311662	935556f6c9461a8793fef38c0811b54c8a82c5f63036d348eec74f52c3113662
_velmere/PASS36_A102R44P36_SOURCE_ONLY_MANIFEST.json	984350	ccbbb4be33e9e24d37e5c2dd910c30a8f8bd2dd5dc46c8416168323c72286cb7
_velmere/PASS36_A102R44P37_SOURCE_ONLY_MANIFEST.json	1199532	18ce5547f38327a501e3aeb758a057d265d98f4c49e8130e83d4ddc22a9ba2e4
_velmere/PASS36_A102R44P38_SOURCE_ONLY_MANIFEST.json	1210709	79f617f46e9fe7d1f38a9399b381ee4065314fa525ad8e5c20040fd5235bb2e6
_velmere/PASS36_A102R44P39_SOURCE_ONLY_MANIFEST.json	1216866	a9ba682418793b0c10d57321632cc93228b3c379f3ac66311355d5467bddca5f
_velmere/PASS36_A102R44P3_SOURCE_MANIFEST.json	1209788	06580b8552b4c119b3da49fe7fb9a6e29216163f81ab4d7be95065a38f1b2114
_velmere/PASS36_A102R44P41_SOURCE_ONLY_MANIFEST.json	1221475	c054938982774d351a752a362b6b0f2cc2feaa81f05801293cdd7cd9b873e757
_velmere/PASS36_A102R44P43_SOURCE_ONLY_MANIFEST.json	1225751	b3686ec440f9d1a11602de8321ac6a4c6a8e4c85e3517733f6860359e1900e7c
_velmere/PASS36_A102R44P44_SOURCE_ONLY_MANIFEST.json	1229264	b57cc79ec53f9e85b3ec92a023f2551280489ddef9eaf33379919563420e2a1f
_velmere/PASS36_A102R44P45_SOURCE_ONLY_MANIFEST.json	1235331	c72c0a6fd8ff206ad2eb1cff62682cd12cc03a41fb6c6e199cae5cea365a85c7
_velmere/PASS36_A102R44P46_P47_SOURCE_ONLY_MANIFEST.json	1288904	97348f7489e4e533bce78a9a8adc0f91c464564a1f8f739112647fcf8524a9bf
_velmere/PASS36_A102R44P46_SOURCE_ONLY_MANIFEST.json	1284491	1214d67066c228e0a60cf0bc1dda34b6cb184b011f411f49686d07ee8bc23229
_velmere/PASS36_A102R44P4_SOURCE_MANIFEST.json	1217274	7f2424bee3c24196a99ea8f4b93142c232369c5367049cc32b4c5d0786f28958
_velmere/PASS36_A102R44P5_SOURCE_MANIFEST.json	1224409	54f7dfd4a1b79f5838f2b1844eda67cbef531080f64228eeadd6d8aee60d3626
_velmere/PASS36_A102R44P6_SOURCE_MANIFEST.json	1214869	f1af86e34d5dfa826b8a47aea4145f561c794cc5b6617b023c3ffe7ffab604fa
_velmere/PASS36_A102R44P7_SOURCE_MANIFEST.json	1219134	4f884ccb5639e175e5ba6f838dbfd8bd8255b3d51279226aa5b95d798414ca02
_velmere/PASS36_A102R44P8_SOURCE_MANIFEST.json	1216893	91e4782af4c97d19ca16b17b7802deceb779c868bae3ec0c623929d9ff4cc02a
_velmere/PASS36_A102R44P9_SOURCE_MANIFEST.json	1206172	8e4d8d46d8c27ca659ede4b63beb696f3ac063e948ca6be4eb77c8e17fe68841
_velmere/PASS36_A102R44_SOURCE_ONLY_MANIFEST.json	1192185	0029799b966ec886364b4be8449616646b34ce1a8751fd6cf870897e15ed60ee
_velmere/VELMERE_R44P46_METHOD_VALUE_TRUTH_WORKING_CHILD.json	3550	06cd7d6d6053482afb2696c716da16efa8a3933da064fbb3d188d716392bbd11
app/[locale]/[...missing]/page.tsx	1276	36405c32fdcf3e4e5abd9ff0ceecf818df9aefe7c932043ebdb4a739841f60da
app/[locale]/account/page.tsx	1279	62eab8d623cccc8f6a0794bd714da15e7a7c616a822948fc1910359a1a8089b5
app/[locale]/admin/import-products/page.tsx	52980	e0742d58dc0bc55b47e98c41b9587368acb381b248623292cc202a78a8cbb3fa
app/[locale]/admin/layout.tsx	237	74de90107e711f1b3333c0a6cdbd88ec2ab83104a51c1e407153c57dbc8bed2f
app/[locale]/admin/orders/page.tsx	458	055886470f47e738f6b9a4ee9afaaf64fae83c5af611e7bc63e131e111024394
app/[locale]/admin/security/audit-inbox/page.tsx	964	4d8cc4f80b9f721304f69a2540944ec416f2969abbe2e87545a3428632bdfb26
app/[locale]/admin/security/page.tsx	851	2eed509bf550bf407e6c98f6a9a3ce41c073f90abbf6c62455db55731331e836
app/[locale]/archive/page.tsx	5042	53eaaedef1b84eef78e3fc8a098fbb1dc3a32913761ddf88409b582e52856163
app/[locale]/atelier/page.tsx	1682	4d5739ed10becdd9ee1580dd6ea6b4ef7111112475873f0a0e19d97dfedd93ac
app/[locale]/browser/page.tsx	1028	533d1e5ba1f7422d4f057d9ec0ece4f1906a7ee23fa1210ba27a6b25415d5835
app/[locale]/cart/page.tsx	16306	2a1aae2a40ef001b398d2d7272f0b117d11a4811edcdf4f8cb320c4384f50d99
app/[locale]/checkout/cancel/page.tsx	3445	c1af2d529e3d9f383a3028754b5f33d5954bd41398a9da99ae20b8f8c8a32f8d
app/[locale]/checkout/page.tsx	7158	42e4e53e6c6839e52911c8a783cc04278fc29f4878ded82ece7ea332da610897
app/[locale]/checkout/success/page.tsx	8791	9537d13f58f329aa67a7dc36363e275441f1d278707e8ed46aaaf6c3d7671e43
app/[locale]/community/page.tsx	6645	39a1418f4c6ef89aacf9da4b3e73e90f359a80fbe1debd6b4446c89297887cda
app/[locale]/contact/page.tsx	7180	8c240dd5783f581d59175b811f06a258830f3c3b845def7f5bf27216ab29fb80
app/[locale]/error.tsx	4718	cc970378f417d0588dcad576585b5a7c06d4dc22e8f13965db194535e5657ebd
app/[locale]/faq/page.tsx	9053	4d13bd2fd89b0d926bf1b6de19712f13fa61e454e937e515eafe9cdf571929e8
app/[locale]/impressum/page.tsx	552	6d20d95a5eedc22b9500a448f5d4ec9bc8edb18bf5fded202aa5d48e18284352
app/[locale]/intelligence/page.tsx	3850	a7d44035c0d2c91d05cbe5d4e52a8a9e4730e82ec24200b29f672e2bb0faa124
app/[locale]/layout.tsx	2651	e844645b014afc68a7947cbecb9f153e6a17c541430a97778935e8319df5fdcf
app/[locale]/loading.tsx	161	bf5ddb50efd78a13ee7d20ee2d4a3577643c9801f35ff0c5ca3372e577dc4163
app/[locale]/login/page.tsx	5697	0771ce89a8dc364abb3542dc2a13cd1e05f306def913c0c50a6a59c815598b94
app/[locale]/lookbook/page.tsx	3998	d305a0c33d94f450f2119d8192adba58692f9631a4d8e3bf87530f1fbdd7ff43
app/[locale]/market-integrity/about/page.tsx	12527	d094419eb46b1a14e16055e2fe1135e645a7c5570b8643f390cc26a25ec3d87f
app/[locale]/market-integrity/cross-asset/loading.tsx	163	83710d943775b6e62bab5ed906c5d41e7a86b243f5756e00fbd60eafb39d7c2e
app/[locale]/market-integrity/cross-asset/page.tsx	1449	ce2a8d1285f8cef97efa5880dc77ba243a68dd45c67a87f9018a1a41384a96a3
app/[locale]/market-integrity/loading.tsx	163	83710d943775b6e62bab5ed906c5d41e7a86b243f5756e00fbd60eafb39d7c2e
app/[locale]/market-integrity/page.tsx	1387	07adcce14381c4fe290cb246e091dd6b4285181af7ce4d20c3168b150413f0da
app/[locale]/market-integrity/shield-map/loading.tsx	163	83710d943775b6e62bab5ed906c5d41e7a86b243f5756e00fbd60eafb39d7c2e
app/[locale]/market-integrity/shield-map/page.tsx	1310	a80db0ebb8880a265bcc81516b1349cc5dd97803710e3bbfe5e7c9b6cc737167
app/[locale]/motion-lab/page.tsx	296	3976d42e8cf84bd9f1f2916096c05f2e2f620c0be4951a66c7ef300fd32c1bd8
app/[locale]/not-found.tsx	2637	dd9f1b05bae4b475172123d762b9cd3da048e6d297eec3c80296f40f1c4621be
app/[locale]/opengraph-image.tsx	1721	d4b4ef302bc6e3e9edc07489c444bd50d88440fa3a9b90453e2b92f884685c95
app/[locale]/page.tsx	920	3d7d9be648bb37a878671c3d872963c96606896deb475bb85b1e6cd2ca910dd1
app/[locale]/privacy/page.tsx	548	acf27709c62e5ac3cd2b2bcf5af4bb98a3cb9d08e7fa7889d678cbc354409385
app/[locale]/real-markets/page.tsx	2396	63f2c7c88f49eade3d98dc446da08b96cf63036a5a13c8dbf288c5ae854d51b3
app/[locale]/research-lab/page.tsx	12528	f5d3dea47a3f202bc48ba7b7a87767cfc1c3c253f4afee29025ee0240b4339e6
app/[locale]/returns/page.tsx	548	61fef7fef3b61368c0e6adb44511126165e484826632b2a93f621e9d79510387
app/[locale]/risk-methodology/page.tsx	632	e84abcab62501291028c4ebdaf3ae095b217ddb325b7d5d5314f1b99443bf0d1
app/[locale]/runtime-proof/page.tsx	935	ddd409c6e128f33a50c4e1a97b31e825a42731aa18b5e22f89f37a25655b4f38
app/[locale]/search/loading.tsx	163	83710d943775b6e62bab5ed906c5d41e7a86b243f5756e00fbd60eafb39d7c2e
app/[locale]/search/page.tsx	1389	73c335d52a034034265e16e2b953dd53146e4d0e52a0ba46020e584753e5cd5f
app/[locale]/security/audits/benchmark/page.tsx	562	8888d5a723472136db6451d16f947e7c69a8b398f085d3a616bb136b897491d2
app/[locale]/security/audits/customer-report/[id]/page.tsx	2517	397521fe34bd00ba44fe79bd84bfa298875b5967561b980d3fe0d488db81bc59
app/[locale]/security/audits/delivery-receipt/[receiptId]/page.tsx	2224	44f7843f50971986e35f7c6d21e2db74e620388c0d971422b4f2a4308c436f0d
app/[locale]/security/audits/export/[id]/page.tsx	893	501dc78693677a8e0e836b73f105806e82f64b7e243dcca27a7d9591a63f49b6
app/[locale]/security/audits/page.tsx	842	7c3ba7fdf5d8fa584c2851b3c231c6acf3941dfc1aca4921efa699bb629b640f
app/[locale]/security/audits/pricing/page.tsx	697	26787ea4cece10097dc7ababf770d6d130b721b7fcd9ffdcc2fc3fdf2ab38f19
app/[locale]/security/audits/registry/page.tsx	1314	f476a6eb3a4cd5818dc7aa8ac4be3ed32498830e917197c70507963dcbbd9b19
app/[locale]/security/audits/sample/page.tsx	606	5441c86ba57f400d549bb6b217120fbb713b7f8804240d36e21be541cc0cb035
app/[locale]/security/audits/support-handoff/[receiptId]/page.tsx	1660	378f99a1bf017eeade531225a426d906b2b27cd16347175fb47e04dfd70cc01f
app/[locale]/security/page.tsx	1490	714116f25f7a1f4d99b677d41d9b80a5f35f03696154344082ad5a2a61e1f1d0
app/[locale]/shield-map/page.tsx	1300	4e09a3b7cbfc69baa7c84148b840ce2b99e76a6f4104da546aebe806ee834b42
app/[locale]/shield-pro/page.tsx	1063	c3ac105539b41912c79b5d80d51aede446f09cf28fea89f3f515f64b5295521e
app/[locale]/shield/page.tsx	70	0cbfd03761feb44b53e8007a0c08e4f0eba9ed1f61e7722620cf96df8685d100
app/[locale]/shipping/page.tsx	550	978efa1a28229ea978d18ec266a4664dc21cc68c2fad9367d58912c8cdae0435
app/[locale]/shop/[id]/page.tsx	4174	5a1b1b0a6460a515f42f1e7026d0d24fbea1ae2f85e27be7a9455d729363eda7
app/[locale]/shop/page.tsx	1258	ca2d67074fe0b637cc0bc7f306f2bc352805384159d4c43a812bf185c83fa488
app/[locale]/square/page.tsx	1019	1cf3f7cf461d3f9dac3ae07501ea2d00dfca0c6e3b4fd02ecd844bac9c08f64d
app/[locale]/terms/page.tsx	544	f8f4d7e3f70d1d8b1609ef46398f45c8eb48a598650d906c8383893d1ab383f5
app/[locale]/token-agreement/page.tsx	553	618f6175a9d1edd1984d0576acee88e2e3ea6577b522d60a02f474939c509139
app/[locale]/trust-center/page.tsx	8710	1fd174a974c240482151351efa4a9062bf0f6cfc61ef57f51a3acfa924bfa33a
app/[locale]/vlm-token/faq/page.tsx	938	de1bbf39bd2d9ba14b2d5fef28f7fe9a1a5701070e385d5d3113c32426054926
app/[locale]/vlm-token/page.tsx	894	b5acc7ca365b9c06aec7ee730a2bfad5b16b7c618f7f7cac812c8fa43f26b7f6
app/api/account/audit-messages/route.ts	586	467923b1781c55d7bc21a65a7ef3e64d5fd868675dd1774a77f9bee13ba55eb8
app/api/account/customer-artifact/route.ts	386	283543c824886cb560fd38ad3e5e80691b9efcbc4b407ed4b537bbd7d4ee738a
app/api/admin/[operation]/route.ts	1141	02f2a756a004899ae58d97628e6e100b1d5d9a0558445e9485f9997c3de30a1c
app/api/admin/accounts/supabase-subject-binding/route.ts	2759	2663d82bae57310206eb40c447b3e84681c0dbd4b885a12ffd23a569f110306f
app/api/admin/operations/auth-security/route.ts	1242	2bd133c8a6fec52cc2ae4dcd22be01019c10b09c3d190682aebd0c41ac0cc398
app/api/admin/operations/supabase-rpc/route.ts	1222	b3b5b11fa1c30a9e63e3a14f6f702a85da7d1a9154f10d6636c5ebbc2ab49b2f
app/api/admin/orders/event-ledger/route.ts	2386	255e0e029aa947616e71517717a0020a85be84d8edf40087b1a28de57a6aff5f
app/api/admin/orders/fulfilment-incident-case/route.ts	5401	8d95f3343485662994cdc5b8c29fde9a170e4376629b400f1a6411ca47bac242
app/api/admin/orders/fulfilment-outbox-dead-letter/route.ts	3936	0632b2cec140dc3456a28c408a5f16282fd76acb86a3f2472c96a4cff855d04e
app/api/admin/orders/fulfilment-provider-sync/route.ts	3008	a90c6539752a0e6036b2bd2eb39b835c54d04533af7e78a90eb31b2f0b345a5f
app/api/admin/orders/fulfilment-retry-queue/route.ts	6721	9d4deffd60311118be574377fa372ac015e1b10f07c7154ee8318baa24811e56
app/api/admin/orders/fulfilment-retry/route.ts	3865	f132cd7858e1a0e72e11ad58d95064a08c8cc49b0cb4c4e9cebd5751747d352e
app/api/admin/orders/provider-sandbox/route.ts	2691	5169a293a6c020e8774f5487b811d8147b86b0f12ddc1f521936934134977d75
app/api/admin/payments/stripe-webhook-dead-letter/route.ts	4209	9cc605ea2a304caaa892db0298086bd41f0476282e15270aaa0f71ab36b2f16b
app/api/admin/payments/stripe-webhook-reconcile/route.ts	4374	b11d14553d2f3ad91517c2d504ce9906b3d2c70a403449908a10fbc6ec437d0f
app/api/admin/products/brain-review/route.ts	2600	3bc68de0e92db1103dc9a912fe51e1b229f1a5c1df434e055fe61baae033b877
app/api/admin/products/publish-audit/route.ts	958	21b76dd753ce19de241d61724ef4449eaed767b555001eaaed757fc59a872409
app/api/admin/products/publish-state/route.ts	1107	33164434e59f77f81d4d36dc7fb10d23c2ba776de65f9f064774d7f8765a9b8e
app/api/admin/products/publish/route.ts	8569	16cae56377d0345aa23788e79b4fde35410684f193e110e41f10d5ba82dbb1ab
app/api/admin/security/advanced-audit-release/route.ts	1017	b7d3dc7cb86003dfb3441d8aee22add17e4c1ac68ac4ff0a05757f917f45c3ec
app/api/admin/security/audit-messages/operator-actions/route.ts	671	2f5473db1fe1c8833fad09443abdf95b4184b94425cbc6d2670c0e97aeff313c
app/api/ai/route.ts	324	95ad43ae17cf8ce151f54c3868faeed4f8b1b15e6d5fb88dd0e361bcca3b6946
app/api/angel/memory/route.ts	3271	414d1e0fd8e52c8c4289db89b489858dccada3d6df85e3e0586249518b3f2e34
app/api/angel/route.ts	327	cfb671dc669906c593707818bc9afcb26473da2e858b029dbdf5070998382a90
app/api/angel/stream/route.ts	335	2c86c91b9ece922a978046d8aa2038e5d0f08a4a3b11dbfe75592e437ad01efa
app/api/auth/callback/route.ts	3980	39185095cbe1190efce1aac32fa670439881f1cd4809f5f625a6a0b9d0635de7
app/api/auth/email-change/route.ts	2493	c2a27c061c03532890155112d8f4720fda5036fef34f469efd2d2e137533b791
app/api/auth/oauth/google/route.ts	2123	58db17428b0c311cfd82cfaa83d8927beca50ffc50af4924eb0da9e061a3d6a8
app/api/auth/recovery/route.ts	4812	8d2dd5abe4d579925defdfa6e71e7c8e2345f2483731d2f0c8544b8ac065e337
app/api/auth/session/route.ts	11114	0b0560df99ce06c5d34906e701ea8a77a3ab8ddf3dad9c87fd901aba81488ec9
app/api/checkout/route.ts	20875	dfdbe3f7854d2600379a0515f6ce621759aaeabe8924d270596cff45ca4c8320
app/api/checkout/vlm-service/readiness/route.ts	4203	2085560ee5e2bda67f69bd973f3ab8b20612cbfd4114b398e3b8fafc84dcb083
app/api/checkout/vlm-service/route.ts	27018	f18987d1659c69aea1c7440dcdc934c51f4cba65eedd1e6e2fabd910b2f78a52
app/api/checkout/vlm-service/verify/route.ts	259	65bc3aa79b7e81db5749abd4ccc0665dd6c0c3d1a974d06327da9cec06d1fdb3
app/api/contact/message/route.ts	11399	32d016d1ddf4fb52019fe16f2fd55444ee3ec9eb2d0bc8681d67ac424ea78b6d
app/api/internal/providers/observation-operations/route.ts	7473	5c44dfba0926c148f1d8864e5f72cde9e3b8ad3511cbf2a9291a09f01c1bd04d
app/api/internal/vlm-entitlements/lifecycle/route.ts	2289	37ad001fc99e9e482e9c704e530e6605357ca3a131df5fa9a4d751b41b0cf643
app/api/internal/workers/[worker]/route.ts	1204	686c2cbca13dc7632dcb811dfa7148925e772e9c1494e42d3985a9756a9c75ed
app/api/market-integrity/[operation]/route.ts	1247	592179efe7fd00a26df415b5984ac9ce7d2c3ad3acb34f5bd7fcbbe5cae9ef97
app/api/market-integrity/account-operations/[operation]/route.ts	8818	e5a90fc1f3c061fae402b0608681848198d6cd6326a08361b786b46f18f03fba
app/api/market-integrity/continuity/refresh/route.ts	397	9dfb16230aefbea2f51b83758f7838e5a4f60ed3dbcde1ce25b06fe9845dc3d0
app/api/market-integrity/real-markets/[operation]/route.ts	1051	13a070981103ba83729ae45e379872968e1af72dfc4e160e92ddf72167318414
app/api/market-integrity/vlm/[operation]/route.ts	1207	b5ea3b11fd9d96a2b567e2b053bbe5f1cec6e1889a3316a6245c49ec220a2d53
app/api/ops/readiness/route.ts	1180	e7fe8ea306575ef0b2b0b6842e06562f19ba1874372bf6eb21f2d2d80ffe5190
app/api/printful/products/route.ts	691	dac04117ed9f8e8dcd3c574ebc615b7efb48169aeaad8f510de11eef76ba096d
app/api/products/catalog/route.ts	1313	cdb1219ccf29950d4c5dd12ea976a66e7832356fff1572f277914effe6ae7620
app/api/products/checkout-guard/route.ts	1693	285c37f4337cbc68225418c2badb758dbb2c14570541608706f54e5c8f43066f
app/api/profile/route.ts	5018	8ccceb645acbfb6f0adc79592fa2d65ac12fd57c80c49cbb7f1d3be9ff386781
app/api/proof-status/pass4337-module-execution-drilldown-contract.ts	1206	9beee2706bbfb5695b4d8d902165826a256b7a60b8a0c6a0ba7ee21088a297b2
app/api/proof-status/pass4341-payment-replay-harness-contract.ts	497	4e67649931e4567d12136192b3cd4a2ef2178121afd34a92c3303b7e29dd2dab
app/api/proof-status/pass4342-provider-live-data-smoke-harness-contract.ts	545	615db8208eccee5538d54ec8cd5771565ccea9289e3cc5853b49cc6f1c5f3d26
app/api/provenance/audit-snapshots/route.ts	1463	08059249a85ceeec73d5583e79c7d245030eefddf8933e7b9024a19b9bb5c848
app/api/provenance/checkpoints/route.ts	1308	b135c27d3457fb4ecd6fce39a956761d00f1ceb8a57e8dbe2c3fe8e29cf13fb2
app/api/provenance/consistency/route.ts	1232	8ca71f3951bfcfe4ab2ff0c473f8426a27b76e8a4b71f1da2ff9dfb4571fb597
app/api/provenance/proofs/route.ts	1053	03138ad32c2e29d51e3b54827655a64a53629d13bb0fed90e3f8b124d9ab8a39
app/api/provenance/releases/route.ts	1421	3b48137449ed4d3e7ef3fc3a66874b427c9bb7ecd7cbdc6b6b8b08daf35707d6
app/api/provenance/transparency/route.ts	1212	68fdf50a7173522dc659b4b53238e07401ddc25e6340bd17ce4b01f94f38e68b
app/api/provenance/witness-health/route.ts	1067	c76e4663121ea778a3416e92a79ce7e999561a83114f3351cee85c04a5186e1b
app/api/provenance/witness-recoveries/route.ts	1234	a68a5d2a0b0913e2bc7fec6bbf7d28bd2fc3c456282a534eeb1d2a42a380a9fe
app/api/provenance/witness-rollback-resolutions/route.ts	1265	f1e0c517bdfd9c32f0c9b76c721bbd0054b51586c83843c22b68b38a7ceef765
app/api/provenance/witnesses/route.ts	1450	3e4d417abcccc3e89feaed510b113abc19fafe801c65f3c71a64db0fe9ff52cf
app/api/search/[operation]/route.ts	1148	9d9d99cf8e0beaed3476b639e60bad9163d41bb65a92c30ca3ec8f38384b6e8c
app/api/search/route.ts	366	572ef6bebe95e8fec0989e32df1024536628a59a4bafe1620f5f416fe0c1b157
app/api/security/[operation]/route.ts	1162	5eaa3340adc64912a06a33b3f0fce92ac8e149e1c94d988e4f7381e773c265ed
app/api/security/audit-case/status/route.ts	4047	fe69c5c86de0bb4b8f814006d1c1fe8b20387c54b303f48a94dd39baadffb217
app/api/security/audit-review/advanced/assign/route.ts	3308	53d0afce1aedce355f0abd73ad94c752a2d3443b4cbe3527ee2d265f6ca5700f
app/api/security/audit-review/pro/claim/route.ts	3625	8658d88e0e0cd20ce99252d2703488de358d1beea75239a9ae6447550917d3c9
app/api/security/audit-review/pro/settle/route.ts	397	cb52d5e5090490455623ceb45c6d27b3263435a94b97847c4a54e340a3ff7071
app/api/security/audit-watch/business/route.ts	1150	90f181d76552293e7192ceea4efc69db9864f7ed7e56ae29820dc5af0d9515a7
app/api/security/audit-watch/customer-safe-report/route.ts	403	1eeca6faf5d670af36534e62c9735ba957f1df342a846a3fd88979e13b76707d
app/api/security/audit-watch/delivery-receipt/route.ts	399	a8781b910abd909399d705792c5f72b5c966c47939eefa0b371f56cb36481ff5
app/api/security/audit-watch/paid-preview/route.ts	414	aae6f7ae9e05d9b1bf65baf7d7359f2249b9c29d0235efd4d4a50dac7e08203c
app/api/security/audit-watch/pro-pdf/route.ts	390	32c5c27b60d4f7973edaf3fe03aa22fab53edf603e04d110a0b872a799592907
app/api/security/audit-watch/pro-pdf/token/route.ts	359	395fca4811bbd67b906f304d77ec4874a61eb65774a2fc8ffd8b2ac6744faf1c
app/api/security/audit-watch/registry/route.ts	1196	a535a1eea29a77360009096d7a8a7857410d1bcd5605113e8fe3bff672839508
app/api/security/audit-watch/report/route.ts	844	c091d0df8a78ccb8aa08876a3ba5b0617f855bea98103473f2313057e1e348ea
app/api/security/audit-watch/route-health/route.ts	395	6c47765a46bc55a7e41b45e84b2630f24b03762c41b00d1e6da04cb3d7629f5a
app/api/security/audit-watch/support-handoff/route.ts	325	834f04272013215846c19b529d8174f2371b1c63f788d46f634d3d87292b3479
app/api/square/comments/route.ts	3970	6de2ecfe98a32c8eedaa82933c1f4813bcec8f67477b2875a99bd342d7233eff
app/api/square/moderation-state/route.ts	2656	1aa82c9c6b1b415df943977fd973448c1bb1341452f45b60ce041042ebd1a722
app/api/square/posts/route.ts	12359	b92c2ce5d83fee4ef2892d89efd6f18536dcfd4609293a9bdc7b0105dd1af98f
app/api/stripe/webhook/route.ts	214	09b4e2ccc404042e34b510632278f8850ffb480a58a7fb3e4124e83f1b32267e
app/globals.css	2211531	586f1a3fb466e200a7fc4554b61455d02cee296616f37f7e7e33e6259b8d8569
app/icon.svg	312	059c739b527e625348d2635c6640b157f016f2b9c6faed09e30d9f9bf874566f
app/layout.tsx	1354	9264d41dcec9a689eecac5d481f17b30660d631491782a608350b7d8bc1834af
app/manifest.ts	469	c75a0fc26c18fd5d5db0627b940d2320f068fa802360969f9f8e05ce13ad3bb1
app/not-found.tsx	1560	62ac0c6cc1573b4aa3f71c084ea484c34899bb80cf6db3e2c40002dc0d4ba326
app/proof/market-integrity/[publicProofId]/audit-trail/page.tsx	4060	9724d5813a8a014a989f189d31cab1c51b239aca52aa7e350bc670442990835b
app/proof/market-integrity/[publicProofId]/page.tsx	5049	197181f83ef40500c02f80d515b324d2a7148c6ae34a27de6669ea413ec06701
app/proof/market-integrity/[publicProofId]/verify/page.tsx	3660	790a609c156888d8f9fccd35f2469696b3ed8b1e2e15871e5201e2c206111ca9
app/robots.ts	373	1ace972c5d8393e8547ceb6e9699d52ba13645c9edf55837b851c9565cfd3bd6
app/sitemap.ts	1077	fecacd1d4274f9db23577bbfdae8c78722c05afa4e17a26fd67b2598f48fc154
app/styles/asset-popup-foundation.css	94617	8b36a62c0af4c493a5bf18e3bfeef0c06f1238d1014ffb1ceb03d801130dcb78
app/styles/asset-popup-geometry.css	11849	b40130f1ef7d0a805b13420cd835eac81d858b3cce42c21b5fc3771fd51367c8
app/styles/asset-popup-ownership.css	82909	93d13323be5264e504ccd742edf0e1916092cfd3f994767078f294ad41bbc0cb
app/styles/asset-popup-resize.css	6642	ecbbdb9315c6080bc248395c727681bdc4d4d1c5efc055e2452cbb8d260a5d69
app/styles/audit-account-handoff.css	1634	ecf6c2ffaff1e440385aa53c3a14356bee17976de88a082f9ca63034cdad0bde
app/styles/audit-one-screen.css	23340	a0399b77a4258de50462fb781b227fd20877b8c929f921759f5274d87842de9d
app/styles/css-ownership-manifest.json	5106	b62e96fd5ebd3b147ff111d383efd4661935a68601d414d41cefe453f04ce647
app/styles/final-ui-polish.css	1322	2cb723af2f83d41e44edd1ee810878200f59786e24a7450a00b117efeff0c2b0
app/styles/global-header.css	2836	9c3d1c725d3cf2dc5f5f92e0f15b2fe5db142aa2ff40c5b53219c6a45414bb79
app/styles/markets-cleanup.css	1138	b48700ee4c155e19e4f52f612cc2ab2b86d76a30140a669af9196a2107955625
app/styles/premium-ui.css	58399	e34608839d1f9a23201b39786cbdd851d4b97a4cd2ba21dfb08a8f38627f88bf
app/styles/shield-pro-terminal.css	17833	85809af4d04cb08f095bac421e2bdd38b5b0a2cbb1fe524f045aafa28914bcb3
app/styles/shield-risk-surface.css	4192	a6d3e46d095b6e74ca6f1cf6215379cfda21fe81295edd9e83affb91aeeba176
app/styles/vlm-analysis-tab.css	22750	84308f4f36e5e656d892a01fcf9d1fc7eba663d6f9c2c62d0825f815964c4333
artifacts/closure/p31/P31_REPORT_IN_PROGRESS.txt	333	8dc8375e3f3e008ba3dd0c9a0ff79d6d1f75b547d8409ac3787fe7ff22e7fde0
artifacts/closure/p31/execution-contract-verifier-receipt.json	308	37d52c7033d621e5b7f8868d6b640260f907d94f8782286d4d83c0a7dd0bfb32
artifacts/closure/p31/execution-profile-manifest.json	7644	1badfc853adf70fb1aa3b1bf11c34052bbae8df8c515ed2ad99d3af3e601d75b
artifacts/closure/p31/execution-profiles/angel--advanced.json	2210	84d838df057e37772864ae0761267b40356ac2a7ceb4e32f0f5ae512a3c9b475
artifacts/closure/p31/execution-profiles/angel--basic.json	2204	52207492d4d17d025f29f1355b42f6a9ebcc34b6c570f032ad2ecf9407ea5e63
artifacts/closure/p31/execution-profiles/angel--pro.json	2200	21a9e961243e003a5a55a72fd08704dab3c06d61ff77d8829b90d7a5e41a9954
artifacts/closure/p31/execution-profiles/audit--advanced.json	2503	2b9baf95c6b746fb13f3fce0c7d6c8de1320dcce527cf11d2dedf0fdc19647a5
artifacts/closure/p31/execution-profiles/audit--basic.json	2497	e2ad4b7179c58acbdfabb3d47327839aa4e34ad6f58329a602d43081399ff68c
artifacts/closure/p31/execution-profiles/audit--pro.json	2493	db1c72d829abe470a104883d10cddc5ead79bb484517ed50c9c6c6bcb1a8ec19
artifacts/closure/p31/execution-profiles/browser--advanced.json	2146	2b9ff78794b5c9300a93c661a68e53f2e16ca4b2b3baf20eff7ed19290e6b687
artifacts/closure/p31/execution-profiles/browser--basic.json	2140	b21d623c1de0d9dcba292e41fc4478b8d5bcef416458afcb969a5de08758116a
artifacts/closure/p31/execution-profiles/browser--pro.json	2136	3d7452bb70722979b71de535ae848669fd0dfb591542d4cbfc6a61886d4165b7
artifacts/closure/p31/execution-profiles/market-impact--advanced.json	2468	b32c975372d446c785c4ad520fbc8f8b88938470adc40f1b450a2196dcfcb635
artifacts/closure/p31/execution-profiles/market-impact--basic.json	2462	f601d52853581a4512abf0937ad524e9694246c663ba504195ce9ab4cb6c37b4
artifacts/closure/p31/execution-profiles/market-impact--pro.json	2458	eff3943eb582cd4452148587def60414f9e9232d440e5c0163ad5940f9f923f6
artifacts/closure/p31/execution-profiles/pdf--advanced.json	2443	0dbcd48620e0881786ae13bf373fabdca9124c30e027a7e007f77a741e85cbff
artifacts/closure/p31/execution-profiles/pdf--basic.json	2437	8a997a7491a3fcf5d32929dbbf2cc270d068838aa026a4dd6884fb465cd0523c
artifacts/closure/p31/execution-profiles/pdf--pro.json	2433	750e78b04002477558a057b98b949cf890452be468c0822994c725cf6ab9e958
artifacts/closure/p31/execution-profiles/real-markets--advanced.json	2447	ce2f4564445b91075d37cfb33879b0ab75782879abc86b682a21a255e6b26d34
artifacts/closure/p31/execution-profiles/real-markets--basic.json	2441	ce56c7e7140307a5514ecc2af7f64effe46fe2ec861e32b1c6edc14a0a3b014c
artifacts/closure/p31/execution-profiles/real-markets--pro.json	2437	9707d4e6f093d44c091e474f0fd50bca502087ee46ab4eaea175e884eedb706d
artifacts/closure/p31/execution-profiles/risk--advanced.json	2224	9ab8ff0c6e739b6b49b0b8082d21caf26aa3316872855081d0516d704659c51f
artifacts/closure/p31/execution-profiles/risk--basic.json	2218	a8dfe47ed859b4f37aea4344e0ec6e17cea6cc1e5625953fe7cff60ca4f0a41e
artifacts/closure/p31/execution-profiles/risk--pro.json	2214	afe3e555c4e4f1e076ea36a6d8ec2a5435f54cc42950a970ec0eb3c2d2214961
artifacts/closure/p31/execution-profiles/shield--advanced.json	2346	d2b0eb677560c53e62202a1d7f87ddf53ff04fad740df1d339c3e97193c7b5e5
artifacts/closure/p31/execution-profiles/shield--basic.json	2340	d2a254c32f4d63d3c88d4c70e4b6a66b7a07c7bc32a36f44be572cc783fe378f
artifacts/closure/p31/execution-profiles/shield--pro.json	2336	9102b6cd423709fd1d8514b58fba5e622cac46060df2ae68739cefa3e5216bdd
artifacts/closure/p31/execution-profiles/shield-map--advanced.json	2345	8fcdc223c420fa19e00c981ad9794bb1b498951363a927fa8485efcd5277b4b5
artifacts/closure/p31/execution-profiles/shield-map--basic.json	2339	e6168530137ebd3616fd993da917fa57f9cda8366669741ff3bfac5b5842bbca
artifacts/closure/p31/execution-profiles/shield-map--pro.json	2335	46fc0b3ab7f57b7012653561be86ce50b3d8909010f708cd61a7bafb8ea45a1a
artifacts/closure/p31/execution-profiles/shield-pro--advanced.json	2203	447a7743144bbffe6aa0ef517579cc9dcec80f68e6225658c468a02a8c01b62c
artifacts/closure/p31/execution-profiles/shield-pro--basic.json	2197	b393e7f6d2f2c68ad4708bf9e575661f24924b5186890ceb9cc7dd50e2dd2b75
artifacts/closure/p31/execution-profiles/shield-pro--pro.json	2193	6f57ddab706d565aad5e2f21c83cbf3d82fafddf0e56a3e978da3a3a035ae72a
artifacts/closure/p31/execution-profiles/whale-watch--advanced.json	2384	f6bc60026b636269e68bcd8ee8784c1db96129ac55a5b7e24f07c1a7b6383da8
artifacts/closure/p31/execution-profiles/whale-watch--basic.json	2378	56d4d6c931e9fe4445b78a47e0c33bd17a51a1c68bc5080e0d4f4b8c50c629df
artifacts/closure/p31/execution-profiles/whale-watch--pro.json	2374	1271c834dd673eb10510d49c773b6f390b715155a95ee85aa0d14cd4561b25e2
artifacts/closure/p31/release-target-control.json	6894	30d069b97d0c241bff37b647f38f718675a7e80fa01072d6491381ade16240ff
artifacts/closure/p31/same-input-tier-campaign-plan.json	3494	18394743ae80b685045d4d1834d035402e5396b7494aabfb10e41d0c03ec0f53
artifacts/closure/p31/test-ledger.json	46652	08f582ec49b388fcfcf583f6d23adacde0d7f2b9872e82392f5e4ad9b348dd31
artifacts/closure/p32/P32_REPORT_IN_PROGRESS.txt	3679	11ec479f1ca1dea4cc8d1f8f3b372c6e00c2c684b4406cc37c1887b231ea1b72
artifacts/closure/p32/P32_STATUS.json	2151	3fbea88a7b865a5afbff62d025ff4915a44372c6b0c2e104eb0ec03f8bb99777
artifacts/closure/p32/final-selected-test-ledger.json	48134	a48b1d74fc122b50e89e0b8fbe7287f483ef1c888b3f06080af0663b9f209104
artifacts/closure/p32/final-static/font-boundary-screen.json	107	04d7389c45d6962398ec05bb7e189fe098c914f9da8a1e20460c2cab94498b4b
artifacts/closure/p32/final-static/json-parse-screen.json	265	f2497c511220cc4700b128d5916972a80ffa7854e72cc8dd607d99c098ece944
artifacts/closure/p32/final-static/python-pycompile.txt	5	c26de83abdc9496cd1301470918ec39ecca1cf389ef0ae1c6504da1800d1c431
artifacts/closure/p32/p31-vs-p32-current-diff.json	18508	f65830cbaaa2a87199ba86220407037042471de7ef6852ead0d88909cc0d0fe3
artifacts/closure/p32/profile-execution-manifest.json	13528	3786356865f567e21fd2fa477e71103ec58c86290f007f60b88d0b4a17be6824
artifacts/closure/p32/profile-execution-verifier-receipt.json	2308	90c74df3e0238d75a4bcafee9cc926094fd8ea0ffa25e8e9535dc3712cf06438
artifacts/closure/p32/profile-executions/angel--advanced.json	2188	1fe8784c925fd15316a6c3e75702fe1ef8f02139224b19f635352815d5c09402
artifacts/closure/p32/profile-executions/angel--basic.json	2179	1e3f81f6cc62936aa74155e7c3c21a5ec9fdc6a992038654d51f16269034c762
artifacts/closure/p32/profile-executions/angel--pro.json	2173	7ae3bd4bf7c77aedd874f44132f098fbf3d77a5d592acb7b3ec271cb1ed99209
artifacts/closure/p32/profile-executions/audit--advanced.json	2189	66a00d285ed6a05561ab4f0479b033536c234359a8ca525a726e15deaea2492b
artifacts/closure/p32/profile-executions/audit--basic.json	2180	5438e9899a4a9f6fe54f553a103c5e513b9c290e3a66430ce0d98302eb6701b7
artifacts/closure/p32/profile-executions/audit--pro.json	2174	45e83126a3e6f5cb491a6cae907b1fa49762b617c6c718a6d1b1cb689284a07b
artifacts/closure/p32/profile-executions/browser--advanced.json	2049	3f8cfb23a24f34fdbe25a5aac4575267df2d9f1d6c9cf31ad84ce858541042cb
artifacts/closure/p32/profile-executions/browser--basic.json	2040	dadf328206cfbfefbe4a6876f2c49b47c187eaa016ede2fe287393cf49f2e68e
artifacts/closure/p32/profile-executions/browser--pro.json	2034	f8e0cd123878f686d426a2911e1355ce0f372f09750bd380d88a9d02a6848220
artifacts/closure/p32/profile-executions/market-impact--advanced.json	2160	5ba65cf1eb0b410c46528e5f972652a0364cf4a7d9b6b24e87765b02968e852b
artifacts/closure/p32/profile-executions/market-impact--basic.json	2151	f426bceadd083e7a1065b9fca8ccf1353ad9beaa10d3c47fac7c2e988efba09d
artifacts/closure/p32/profile-executions/market-impact--pro.json	2145	20c7919934f879629def02cd51a0286e4c5d51f57d084985c46d746694d7b257
artifacts/closure/p32/profile-executions/pdf--advanced.json	2278	e0ecc35aebc50a2e37f039cc9e1303949379c84a478af4d537735ec45cf48eef
artifacts/closure/p32/profile-executions/pdf--basic.json	2268	599a75dcf403677ccd76540ddf12190426d0ff49eea0cfba291af7e3eba9dc06
artifacts/closure/p32/profile-executions/pdf--pro.json	2262	23b1615007f0f24c5b05c34e01155d0a6e004a18078ba759349ea9d11558e2b4
artifacts/closure/p32/profile-executions/real-markets--advanced.json	2199	f6025e554bcd570f22c77c7251d3b11058011b0018c72948cf090c5edb01ad1c
artifacts/closure/p32/profile-executions/real-markets--basic.json	2189	96df4c05e36485d2bb97dea2d89f58e633d053d5a2bd9295255c2664e5e57076
artifacts/closure/p32/profile-executions/real-markets--pro.json	2184	89656f1d3a697cad298156a1db1d155e8c490018c02a06db59b17d310ce7bbce
artifacts/closure/p32/profile-executions/risk--advanced.json	2184	d85e3cd3752209016307c929949667ce83519c858f1a0dc39672763e51d32ba8
artifacts/closure/p32/profile-executions/risk--basic.json	2175	b7339d0006846919bd2a0e8adf3bd12ab3de8109a5ab7f0eec1c1699b38dbd91
artifacts/closure/p32/profile-executions/risk--pro.json	2169	fec9d336e6b365250baf223be16fef27a2fc510a0b952c50e001d206c4f76c2c
artifacts/closure/p32/profile-executions/shield--advanced.json	2340	59784ad8421255e2c1e586e58e102083c2ed5e4abe7d8fc87e8a67f74a2b0733
artifacts/closure/p32/profile-executions/shield--basic.json	2330	a47386952076396fe912ceab35848fc4f53af0c6709e04a04218f7adfc855acb
artifacts/closure/p32/profile-executions/shield--pro.json	2325	fdaca63d459473386a645e7dfa40494948af3f2dc016b4985e2e01e172b2c3c0
artifacts/closure/p32/profile-executions/shield-map--advanced.json	2216	741259083639002b31a99bd8d3c43fc3e45f051b7d68369b3035d52dbdf6be29
artifacts/closure/p32/profile-executions/shield-map--basic.json	2208	ae8a5973a1454ca1e818ec7829e72c95b2e7e1f2ceeaa6e27734ac30455694ad
artifacts/closure/p32/profile-executions/shield-map--pro.json	2201	994c45caa328e5e25e4b3377ee98cc74ec4c313f7c3a4701d2df3ae014107c36
artifacts/closure/p32/profile-executions/shield-pro--advanced.json	2216	c76e2ff8fc00e392e71cb8a325ded5ac59e5624d9c95b90dad79f50054280c10
artifacts/closure/p32/profile-executions/shield-pro--basic.json	2208	661c8b5aa6cb7a3d797e64bb85d6158654ecba251ebc28c2d0057fabaad38ca6
artifacts/closure/p32/profile-executions/shield-pro--pro.json	2202	0297e3a9c0376a8a5318388d29c6f00e98f8622b5a9dac27cecb89a16f08c1f5
artifacts/closure/p32/profile-executions/whale-watch--advanced.json	2152	1e8247a193552c044a889d300ab40918534df1e66eab3a9a44a1ba17b21d1eb4
artifacts/closure/p32/profile-executions/whale-watch--basic.json	2143	ea854f3d08ccb4f4883d9a5b3b61edcc024586681dcdebe9e9b89b59420b0966
artifacts/closure/p32/profile-executions/whale-watch--pro.json	2138	f129e0408bf6614c23e769be5a53bf30bd953a63b668459385846a4b458609a9
artifacts/closure/p32/runtime/a81-test.json	10256	cb6eeab205d7459fa14fc0f2aebc4e43ed1cfe732376ee6e4083b2a8f3cc0aa4
artifacts/closure/p32/runtime/a81-verify.json	3046	fb73f5d661ae6eb9dfd170d6786d0191bbb291e888b6c7150616caad5e9baddb
artifacts/closure/p32/runtime/a82-current-byte-revalidation.json	6419	30cb8ac66ef5577f9be3eb2bb5ad81083b117896ae03ea9b547bf3f33815d3a8
artifacts/closure/p32/runtime/a82-current-byte-runtime.json	539784	d62d9b6648169b2ff9af60abb358ed2c2f3c0f1fb9eb1a4fe81b4d27f1eb700f
artifacts/closure/p32/runtime/a82-test.json	9785	30604df6552b60574e23165fd1706f3872c22e283366a9e417b3d387921b519f
artifacts/closure/p32/runtime/a82-verify.json	2744	a11865f0982ec59e80520ed986eb069e0c5cfc9f358080ba56a37b13889be959
artifacts/closure/p32/runtime/a83-current-byte-revalidation.json	8683	e201af9e4b20a477086000c77b6acf30176c5830ff2ae7032d2698b0275b0725
artifacts/closure/p32/runtime/a83-test-current.json	8910	7d9b98eaeae84a13043017561ae9f9ac1b7ac681bceda62a00bf1239c37c32e8
artifacts/closure/p32/runtime/a83-verify-current.json	4844	7d22c8abd10adbda9298637963371487d962c70d2fec49b91002385d1d7c498c
artifacts/closure/p32/runtime/a83-verify.json	2358	c68cd74070791b865e1460f020928eda223fb97f626272f135eb811272608a96
artifacts/closure/p32/runtime/a84-test.json	11739	6893934d6c27dd61832b93aa3ff702b5622b11d536523d5ff701f846fc5d7cef
artifacts/closure/p32/runtime/a84-verify.json	2161	f4134a6675a2c282538b89776d823c256b4cebe6fa633b0ba5864c58d5636e8d
artifacts/closure/p32/runtime/a85-current-byte-revalidation.json	11970	ee826231b6f478f8c67be5c7d3b70a198f2ad900f1087a3a61b8e9c2e9a0d7c9
artifacts/closure/p32/runtime/a85-current-byte-runtime.json	1958244	551b34089a3f901b5919da3684b8bda199ca7d160acafca2e0606b2d210823de
artifacts/closure/p32/runtime/a86-test-write.json	12466	e1808128675e4fb1ffb28abee41e23ab28dacfc89a09b6b44115077ab0576177
artifacts/closure/p32/runtime/a86-test.json	12466	e1808128675e4fb1ffb28abee41e23ab28dacfc89a09b6b44115077ab0576177
artifacts/closure/p32/runtime/a86-verify-after-write.json	2140	c7440436182a54d0f76cfe5debf0c4d15fcfa593b9aa0f6ece9b62babffa3e61
artifacts/closure/p32/runtime/a86-verify.json	2140	c7440436182a54d0f76cfe5debf0c4d15fcfa593b9aa0f6ece9b62babffa3e61
artifacts/closure/p32/runtime/a87-test.json	14814	a3d7df46b57f4fa77b2b22ac7f8a935588eef9f6ae1b3f438ba2dbc710b2b747
artifacts/closure/p32/runtime/a87-verify.json	10324	854d32727cb395bff641e9d52d158b93cb6bf0692e19dac81eda293dd464a109
artifacts/closure/p32/runtime/a88-test.json	21141	d4d923985e8baa35f861f985cd3be9d76a11e886181ae16d4babc9b0ef200a33
artifacts/closure/p32/runtime/a88-verify.json	8906	8c056e4599c7207dd12c64f862fdea5f83b8ea13de2a77c6caf5d0389e147676
artifacts/closure/p32/same-input-structural-fixture-summary.json	23843	ce435c2e0ffb6c9f6ee4f7a076457536d350683d8e31fc621b1ec8cc5042c2d6
artifacts/closure/p32/test-ledger.json	46208	e1dede6c5ea3efa83ef34bbe4a678b4074470167af0f266e761bef31b29a1e0d
artifacts/closure/p33/P33_REPORT_IN_PROGRESS.txt	3081	d54fe4dc9e5077822b40efe862145329946a94f900e34781100c4173e9eceb66
artifacts/closure/p33/P33_STATUS.json	3196	168f6d7addfb696bb782968d7ab89c1fbf25ec8d3b9ed54899ac97b10fda8c07
artifacts/closure/p33/build/dependency-install-probe.json	2203	c283122421359eb55c558ffddb3dd7f93ab876ded9592151f3f794bfd48b3423
artifacts/closure/p33/build/production-build.json	722	bb9fcfe0fc1eb2c59e79dff3713ab633983b3642ff5b83408f8a064a25b65c10
artifacts/closure/p33/final-static/changed-mjs-syntax.json	463	c4bc63d99da3a600b29dace315e1062e9cdabdc087388beeda20a2682ab9ae2d
artifacts/closure/p33/final-static/changed-ts-transpile.json	1415	dcf9b136111c11f97343fa92a5f552d4cc56569bfdf02067d5976ffaa99ef968
artifacts/closure/p33/final-static/credential-hygiene.json	520	8badec41b2f40904a712e4851f7fccf0357a072b5c302af9d694b94ce1095856
artifacts/closure/p33/final-static/customer-topology-screen.json	645	36d40f18bffc3d09ade51a0bc0dcd4917c4d163566b6281254ee35b2ebe17395
artifacts/closure/p33/final-static/json-parse-screen.json	126	f86efc3a323022df117a091c5af131f1c574173e54b7b4ff58fb6cc13e07f1f0
artifacts/closure/p33/final-static/python-pycompile.txt	16	e145d427ddf321def9378af9f595adc6ef2d3823044fd16911e8b96394baf6ec
artifacts/closure/p33/local-stripe/R44P32_INDEPENDENT_LOCAL_STRIPE_VERIFICATION.json	2878	12c4927b04f7834969337c36b5fe02d7e0fe9555426330ff14f5f00675eb0b14
artifacts/closure/p33/local-stripe/R44P32_LOCAL_STRIPE_SUITE_RECEIPT.json	792	1caebdf1a7532130fc74762f90d9797aa2fcb6f846a317b4b6df103058458c31
artifacts/closure/p33/local-stripe/evidence/R44P32_LOCAL_STRIPE_ARTIFACT_INDEX.json	2655	40a3f31f021276f3cefe1e36c8eb8b13afc330a3666142742a3bd289ad368b15
artifacts/closure/p33/local-stripe/evidence/R44P32_LOCAL_STRIPE_LIFECYCLE.json	1495	d464b9b4a3f13b1ba5b3d1aa236e9bfb2f6c1eef5f1db01eaf70e6e5cc241ef4
artifacts/closure/p33/local-stripe/evidence/R44P32_LOCAL_STRIPE_SECRET_SCAN.json	126	140b790235f40233d43972b8ca5c246c1c57f6c198f3ff9495a78370e247fcca
artifacts/closure/p33/local-stripe/evidence/R44P32_REAL_STRIPE_TEST_CREDENTIAL_ADMISSION.json	277	70eda354402e5b6f9babd94b4d2688c1b4f09635339e2855c92ec8f2c45b987f
artifacts/closure/p33/local-stripe/evidence/cases/01-checkout.json	1057	7b9d7fc77e145f38b5dd2d6e4058144b235718a82a8c88b2ea741a26e1fdd398
artifacts/closure/p33/local-stripe/evidence/cases/02-signed-webhook.json	958	eaf71853b1454d85579173de8fe4cbb8f3cd1edb4920ba8e3764b5b1e28195ea
artifacts/closure/p33/local-stripe/evidence/cases/03-paymentintent-binding.json	1107	cd7d819131d6b8e44668d5d5aeb389777b4bdde20ad9b97082c2fa20143ff4e5
artifacts/closure/p33/local-stripe/evidence/cases/04-entitlement-activation.json	963	cef62d247dd39db825020ab76c0dc3f37bf4898af3b79cd885e60892cab005d2
artifacts/closure/p33/local-stripe/evidence/cases/05-duplicate-idempotency.json	893	74e762e766041c050573fa27ff407727254fef61127b7ff4ed0d35a03d69115b
artifacts/closure/p33/local-stripe/evidence/cases/06-event-reorder.json	903	fe7d40fcb369666bd78422212a6127af2600e29099dfbab3b9667113326b8559
artifacts/closure/p33/local-stripe/evidence/cases/07-replay-denial.json	953	c598793d5cb3fd954f0b42e9011c263973e0eccc97de3e1790858b4cc626a4af
artifacts/closure/p33/local-stripe/evidence/cases/08-refund.json	993	1c58fd680f816b2f61ba6625a1729e67b217f69c4a0624f63a32a5861acbe4a2
artifacts/closure/p33/local-stripe/evidence/cases/09-refund-webhook.json	944	1ae1425fd02b7b8bd6b963f2679f71fc780d6e0e4e81a676f92caf53a2726f2b
artifacts/closure/p33/local-stripe/evidence/cases/10-entitlement-revocation.json	884	fe16eb538c703060d3807dd7f61671bb5dba1b3293486c5e2f0b922c6a8c42ff
artifacts/closure/p33/local-stripe/evidence/cases/11-reconciliation.json	907	6ee155b00dd45d18bad96fa9958edb10296c5402b4746eed9ebbacf4155f00ba
artifacts/closure/p33/local-stripe/evidence/cases/12-controlled-dead-letter-requeue.json	1009	0246b09a66d2dc2cb24e3bfb4df371667f758955c83bb3859cd83010adf939d2
artifacts/closure/p33/p32-vs-p33-current-diff.json	27946	7a5c8cf2a3f9f7c7b201dd3f9b62ab5dce9b055ce3282ddbac7d0030c99a889d
artifacts/closure/p33/paid-readiness-matrix.json	10244	309bf3b65c93d303d77d2de26b52f8df76d3517a8de67c93a9bd14208c42a329
artifacts/closure/p33/paid-readiness-verifier-receipt.json	676	fe24747de59d341217dcb4602b6435f3bc463e3ddd2cca4e92a3bcf9cb46fc29
artifacts/closure/p33/paid-test-campaign-current.json	44977	5b46c4f12e4329fd2d7a3a67d96e3d8756ec23b14c2c957b0ca3c9bb557e9679
artifacts/closure/p33/paid-test-campaign-rerun.json	39205	0cd1bb0ffb437167afcca0907b4ec13088ac4141daee5760388d4f097414e251
artifacts/closure/p33/paid-test-campaign.json	28581	b3ba75cb3e8e60e13d63357600f5e0e09e2336d467c1d9d066783ac16189a830
artifacts/closure/p33/source-identity.json	1405238	106449de91db267a4bc268939b9ac619c36dcfb8b320d770a9c9b319ced2de2b
artifacts/closure/p33/staging/deployment-identity.json	393	c4efa237c262b88f32a9b20eb024f6bef0cba009c24f48b4d8416b70cc3fa608
artifacts/closure/p34/P34_HANDOFF_MANIFEST.json	2849	db5c75862efae558cb6d3ab56c751b41fe99b28aecd4044eb6b066c72b4701c9
artifacts/closure/p34/P34_INTERNAL_AI_PROFILE_TABLE.csv	7420	964edc906d03f75197b06e9f3df003770fbf8b5fd01650a333775df5dd9e8c97
artifacts/closure/p34/P34_INTERNAL_AI_PROFILE_TABLE.json	18019	139696e99928384fbd08af753ac62629e357675f56fa8d681f0c49c56ad2845e
artifacts/closure/p34/P34_INTERNAL_AI_PROGRAM_TABLE.csv	1068	dc3e528f74c2d6101c313453c1424ded63213c90af1eeba3e5187a03c06fe00c
artifacts/closure/p34/P34_INTERNAL_AI_PROGRAM_TABLE.json	2630	b6b70784f19474d1bd18d43f51db1c45bc9416c3e93251b542655c36e4d458cc
artifacts/closure/p34/P34_REAL_EXTERNAL_PROGRAM_TABLE.csv	1862	29db8cf8bf1cb7f822f804ca5cf77a599a35e6f565947e1d7e6927cd75a11e0b
artifacts/closure/p34/P34_REAL_EXTERNAL_PROGRAM_TABLE.json	4104	d23a555bf16c66b661cc0a8fa28772c627ee1c85b9d91de37115bc60e12be878
artifacts/closure/p34/P34_REPORT_IN_PROGRESS.txt	1820	aa1231e349233feaee23f84831ece8b20eda6cbe9435c73540edbf9edc69f79e
artifacts/closure/p34/P34_STATIC_SCREEN.json	6204	21727345d0f0ecee39f90b9c61f4c17337246b6817cb621d1f937d3f0d321172
artifacts/closure/p34/P34_STATUS.json	3436	8507f09baf6be3792e88486ededbb954cc7add84ca308dfed816c25ed125319d
artifacts/closure/p34/internal-ai-dual-ledger-summary.json	10173	2d54b3669c0c7c8150a37517f2d00995a0263f27103b5f0a05dc630c9ea18193
artifacts/closure/p34/internal-ai-dual-ledger-verifier-receipt.json	1662	3c29cb153269d71c8faf9681ebce5884da7cea41a5682eb69c66266ff9d70246
artifacts/closure/p34/internal-ai-findings-by-profile.json	74975	e9098346f2df36041b85a3f20a6a65af445426c0de079f21ec5af45a945e85cd
artifacts/closure/p34/internal-ai-progress-matrix.json	1663	468c8576618e99fd6f87520082112d92c926aabaee887e6b4834cf039ededf3e
artifacts/closure/p34/internal-external-evidence-dual-ledger.json	5817	e9a11f4cb27195369a54714dc363f951ef63cd1ea369888814fbd72f1265738b
artifacts/closure/p34/p33-vs-p34-current-diff.json	2555	01ffe6b27acecdb7c1cc13326672c2244b27d3bffc1eff3dc4c6c52de645265b
artifacts/closure/p34/persona-registry.json	55165	5624dae3dee285a5c4b53a4141791b19e04db6dd43db9d26fdb1d0eea1eaa907
artifacts/closure/p34/release-target-control.json	7799	79df29e4f8317415ab7ef87028c7a8895651a22f5c7429c03d95ba83a1ee2c2a
artifacts/closure/p34/role-registry.json	20435	e49abedc007ba74dc0b9ab6b8429778eda987212dbd0903603d68d3546a0800b
artifacts/closure/p34/source-identity.json	1380587	4eb1b1dcf99b7006343838d9988be573a2c0c7616fc18ca958b80982f98b687c
artifacts/closure/p35/CURRENT_AUTHORITY_P35.json	3951	50a012b471d589a2ede612d503f5fb2332dda170d43414eb64469cea2a82f385
artifacts/closure/p35/P35_HANDOFF_MANIFEST.json	3749	84b8e6278baf7f880b8340ae97d06fb9e108f38e1b21448be193ae06a577fa08
artifacts/closure/p35/P35_INTERNAL_AI_PROFILE_TABLE.csv	2829	0c51ca61359b8414481c75eeecd8e617f77f04251e2a28d186484671bb380f98
artifacts/closure/p35/P35_INTERNAL_AI_PROFILE_TABLE.json	10318	4d9b11874501b8a3914f07c934c015b72b5a7a359e5c44291a07f89b78c45003
artifacts/closure/p35/P35_INTERNAL_AI_PROGRAM_TABLE.csv	1438	1ec4a150326385268e58ef1bb0a72ad2a0f5f5780758091eef60702dfc7f7d38
artifacts/closure/p35/P35_INTERNAL_AI_PROGRAM_TABLE.json	3420	39ea8071444d2141cdb0b9a244461af578d8431f607082191a77c7c4e6f78aa8
artifacts/closure/p35/P35_PROGRESS_DELTA.json	1698	78bfa8d93b33c5053d8caa9789499d20644b59ee565ee9de3f7c2b867cf7b64c
artifacts/closure/p35/P35_REAL_EXTERNAL_PROGRAM_TABLE.csv	2136	e97477e52147e0c4c61ffc1138eef00c47721c8962d9a26dfe0f0859e801c43e
artifacts/closure/p35/P35_REAL_EXTERNAL_PROGRAM_TABLE.json	4275	05dbbb325542418c6b525655bf77f8e57db3b433f45ef4b0d03648825d7fea12
artifacts/closure/p35/P35_REPORT_IN_PROGRESS.txt	1460	25b2a53d75e8f65a625357e282f7341aaaabc4222078a7873816f33aef4a1bc3
artifacts/closure/p35/P35_STATIC_SCREEN.json	11866	0b5c1dce182d7053556500073e2c09506a1d166688d84a1528aab63e56dbd791
artifacts/closure/p35/P35_STATUS.json	3112	c1a50fdae7c61cbe23f32ba6d14ccacd2f03c3c783c469a9e2dfc171ccb300aa
artifacts/closure/p35/current-evidence-availability-matrix.json	118833	2b02eafc76cd7cf659b10c7eca69f266d874d5f0d93e792fdac9326809f9e84f
artifacts/closure/p35/internal-ai-availability-artifact-summary.json	9988	1234109892eb92b26a35cc0e65106dc85d0dd34344c400971bcb7288b01ebb2c
artifacts/closure/p35/internal-ai-availability-ledger-verifier-receipt.json	3298	d996259594ad06d45e6716cd479c7c5a9a9124abb1924349c56a67781854fc78
artifacts/closure/p35/internal-ai-findings-by-profile.json	154773	35738c049f0d6ff2287e4660ca36103a90cdb41aaed0ae984ea6ac6f8e232d7e
artifacts/closure/p35/internal-external-evidence-dual-ledger.json	615	11575865d2fb0d522a22f18d65b20b16f1de97a4d30a5d9248e8c90bf6f73e79
artifacts/closure/p35/p34-vs-p35-current-diff.json	22019	cbdb80bb083c43e4bc0eba5aaaa01e9e5efeaa9ceb959065edeb485090e5dd1e
artifacts/closure/p35/paid-readiness-matrix.json	11829	85845e2885189a5ad8864898fb88072f74253505985d6d072e30dac77b4540de
artifacts/closure/p35/paid-readiness-verifier-receipt.json	418	821b31738bd1f060849b403c32b91b65a26f0bbe4a0868ed3bfc82e8d0ce4be4
artifacts/closure/p35/persona-registry.json	55312	ef55d5b1da99e4c045b0bcf76b3217468235cca424aa1dfc295c6a19951de286
artifacts/closure/p35/release-target-control.json	9033	b05b90254b001c049b5cdd48b4c8024bf6074bf22457b0f4710c053473c427ba
artifacts/closure/p35/role-registry.json	24877	5335e979c7a75dc81eecb6bc27b47c22fc6758bf1139e135a4c676b7a76f6c30
artifacts/closure/p35/source-identity.json	1386190	8ec3b9e44cb74c1f13cb6ae889dfdb10a4621022155849e3c3f8546c0080f916
artifacts/closure/p36/CURRENT_AUTHORITY_P36.json	5232	54bb8e3c1f2372301bce044f369766d367cb0cebfa7318d0b7d616c1b1b49caa
artifacts/closure/p36/P36_AI_FINAL_OUTPUT_REVALIDATION.json	10702582	2511b2887f136ecf878340429f486e99f467774e279469b7265cdece973c9af0
artifacts/closure/p36/P36_BOUNDED_CONVERGENCE.json	79759	88475578de02c406a94729aa0122a5211be12e9855c80a5c0314a98e65e3075d
artifacts/closure/p36/P36_BROWSER_TIER_RUNTIME_PROFILES.json	17754	0cccaf0f4c8d47664611b951c7b38191f2a6cef7d5aae0557884fa41e418f1d9
artifacts/closure/p36/P36_CURRENT_BYTE_BUILD_GATES.json	26853	da7a7b9e03bd321576688e9979a1370c1e3ed78ebb0f32148bd00c5bdd5a9521
artifacts/closure/p36/P36_CURRENT_EVIDENCE_AVAILABILITY_MATRIX.json	124581	ee473879f03058a20be8352f648bc4d989b3c96d90ae7303a11552b963a6d19d
artifacts/closure/p36/P36_EXACT_CUSTOMER_PDF_INTEGRATION.json	2736	063189232f3a68907e13cc2c0cf7b249f682b3b02ecd9d86830894a221116e5a
artifacts/closure/p36/P36_HANDOFF_MANIFEST.json	2653	d068fc968af8e887bff35daf70fac34f5d57a8134bbab279d2f0ee183ff3c00a
artifacts/closure/p36/P36_INTERNAL_FINAL_TIER_CAMPAIGN.json	60777	470f65eb1bd9d1d4c0c22227b9976e29a07363964d6bc9c2158566a1535d4cea
artifacts/closure/p36/P36_REPORT_IN_PROGRESS.txt	1681	2e1745c703a33596b3117fbae692b1a4359ccd684488d63a8193e7985b75d15c
artifacts/closure/p36/P36_STATUS.json	4296	b4bf8bc90623a970a5fb7f692b577d6cc02486f6b816d7e013e149c68380c1f2
artifacts/closure/p36/build-gates/npm-ls.json	6987	21913699bb46852a67748a7e7add2fedc97f3fecdc1f1833bb4983b6d03c0fed
artifacts/closure/p36/build-gates/turbopack-post-lock.json	1883	6297d260d2f32ced2fea8ba2429f8b0fc1c65ec2c1a60b114e588aa12dc3974d
artifacts/closure/p36/build-gates/turbopack-receipt.json	224403	7e9f2d795b2e65a9d4e298006ffe6b0e15ed1e3d13aa65f820854ed818243ccd
artifacts/closure/p36/build-gates/webpack-post-lock.json	1883	e39e4d9fce1e1171997bf3b64bd572271fbc9ee216b52cde29a89873b3baf2f3
artifacts/closure/p36/build-gates/webpack-receipt.json	261586	e3076f57fd9d2a314c9167bcba5e4593667f56ab0f9a2348187fdd33d97fe7c2
artifacts/closure/p36/source-identity.json	1389892	8df297ba1d5bb1ef8ebc2f97edaeebf4525af9accb53d7c4e098aceb7efc2a21
artifacts/closure/p37/CURRENT_AUTHORITY_P37.json	2869	bfe96df5d5c67da016afd83aaaa545575dc72b1dfa40573ed694bf2fe37a2ff4
artifacts/closure/p37/P37_A85_CURRENT_SOURCE_BINDING_RECEIPT.json	1273	37f5e57697affa5c5554ded3a3ad519f2a20de695ca3cbc37ab0300f235004fb
artifacts/closure/p37/P37_ANGEL_RISK_SAME_INPUT_EXECUTION.json	499467	8831839b0e453c6d9bab160ea203163ea6c5a21ecfe86c84110a0d7ec1394c96
artifacts/closure/p37/P37_HANDOFF_MANIFEST.json	2215	35b6f57736f4d404848d426008e0b754a4e7747b266a2f2fdd7b7351bdbbb1e5
artifacts/closure/p37/P37_P36_PACKAGE_COMPLETENESS_REPAIR.json	4779	59357d8a666218e14df09ef7852ca182d7d38452c0ebd0e377ec01d7b5fc22df
artifacts/closure/p37/P37_PACKAGE_EXCLUSIONS.json	1814	10f094d384302ee521a95dffa37660923fa40e91314f0390fc141918db73bc02
artifacts/closure/p37/P37_SOURCE_ONLY_PACKAGE_MANIFEST.json	1441587	bee11d32b7df0b723418700d654676c83c77c9355e92191fe137fc09b5e08f76
artifacts/closure/p37/P37_STATUS.json	11175	410cf50f56031660b657adfdb6429a3d8eb76a75f7169fd08cc313a6d514f0ad
artifacts/closure/p37/VELMERE_CURRENT_STATE_AND_PASS_DELTA_LEDGER_P37_V15_2026-08-13.txt	13911	fff4327f6ea5c6f3dba97b68ae08e6229688923671943207bb73ae7386eeba54
artifacts/closure/p37/source-identity.json	1393287	53c08e9aa59215b50296a0db5ab6fd13569f9adaf01fd9fae1a1080c5daad9ab
artifacts/closure/p38/CURRENT_AUTHORITY_P38.json	3502	e9e63de2f1185297b06ebeaf35ce95c085d6eb49a02525d27a7bf44cb50dbe15
artifacts/closure/p38/P38_CURRENT_LOCKFILE_LOCAL_CAS_RECOVERY.json	1873	555f336cc90ab417f19782f5e18770569c8a7f13bc9020ba1722722481450964
artifacts/closure/p38/P38_HANDOFF_MANIFEST.json	2359	e94c3b70698d326ab82bc6cbd3f79ce38ffa2fb9b25b6bec79db10f42b632d81
artifacts/closure/p38/P38_NODE_MAJOR_DIFFERENTIAL.json	15221	1a330f4a841b52d4f8e4f5a52aa25d003d34bf2717e3da84f18e8dbe7e1ddc58
artifacts/closure/p38/P38_PACKAGE_EXCLUSIONS.json	1828	19807b59e619df3d15cc62c089d04facb16cf3a3aa19dbd7e57d9da7fdae47f9
artifacts/closure/p38/P38_SOURCE_ONLY_PACKAGE_MANIFEST.json	1452574	8b2202034ed4f43b5e2e46d2dbfc5a4bf89eee257c21d625137f2ecd46b96ce1
artifacts/closure/p38/P38_STATUS.json	14906	8fac8da129df19eaa1392f99ba2dc02b5a0dfaf83bbc3c10dc4c173d61e173ad
artifacts/closure/p38/VELMERE_CURRENT_STATE_AND_PASS_DELTA_LEDGER_P38_V15_2026-08-14.txt	18676	1a0cfeab5c33dd450d1322e519ff3fe954ae0fe72a8a4c5cf85655eb4166e781
artifacts/closure/p38/source-identity.json	1402003	92e07ed9b89e21d9ecbf501bffda55668edecf872fd09bec08ffd2021505b218
artifacts/closure/p39/CURRENT_AUTHORITY_P39.json	5660	430a195a618151a656d57d6f341e4c408aa9c7c99ccd65aa585772d5eab2f7b7
artifacts/closure/p39/P39_CURRENT_OUTPUT_AND_SOURCE_RIGHTS_BASELINE.json	17562	60c55f1b92738a83a8b2cc666a73d1636a24d7cd34bbf39cd83c62f7d5650335
artifacts/closure/p39/P39_EXACT_NODE_24_18_0_LINUX_FIXTURE_CAMPAIGN.json	18057	7a8497f979bc3c5e84d6b344e2b815be3ffd68da9b152d5ccc40d0828b421c2a
artifacts/closure/p39/P39_EXACT_TOOLCHAIN_AND_DEPENDENCY_BASELINE.json	8095	1e454306ae239b19ff63f169ae13909d27925071f58fab6a8fafa46982f0a76e
artifacts/closure/p39/P39_HANDOFF_MANIFEST.json	3194	372c123b17e7015d8b6f9587b30878f7e7197ed6c6054552c713cfd984c7b861
artifacts/closure/p39/P39_PACKAGE_EXCLUSIONS.json	1476	76dc9e7071658696d09eb3f928254a718f561642e67b9d6edd9dcfab204324c5
artifacts/closure/p39/P39_SOURCE_ONLY_PACKAGE_MANIFEST.json	1460655	d4f11a06d1d2851abbd3c70f175ee35a4f816efe6f4f7da0a2da5a4c9f9b96a5
artifacts/closure/p39/P39_STATUS.json	7700	7f1c679a3c9697e3c3507f29d594d9670c3be6a48557f35c514ea3ee9a96a55c
artifacts/closure/p39/P39_V16_AUTHORITY_TOPOLOGY_EXACT_NODE24_LINUX.json	16236	073db4ad9d3d2c0ae8b420cbdc3a56284a30b57b294acd577ccda43d6d8104cf
artifacts/closure/p39/VELMERE_CURRENT_STATE_AND_PASS_DELTA_LEDGER_P39_V16_2026-08-14.txt	39327	d9da1a3c73ba93940633f3cd67b49de8ad54b41500d46c0d64bdf003793249c2
artifacts/closure/p39/source-identity.json	1405615	132f9a8c633173ed1d1e2c1ee9ff79598b09617a88aa01280fbe04026118ad8f
artifacts/closure/p40/CURRENT_AUTHORITY_P40.json	1517	0592bbde2e8ac8ad8648525f5236e60add581fb6f569e45f090f89957d10561e
artifacts/closure/p40/P40_A85_CANONICAL_REPLAY_AND_A83_FAIL_CLOSED_ATTEMPT.json	11921	f651c729f10e6af5909a20f11c1a70d64c8ee386d782b9f36b2c08dfd493142b
artifacts/closure/p40/P40_EXACT_FIXTURE_PROFILE_AND_CANDIDATE_FIELD_BASELINE.json	19704	e3bb007206a4694adec668ddc04a81b7084816af6dcb235b788adc074f33f81c
artifacts/closure/p40/P40_HANDOFF_MANIFEST.json	3063	17d717feb222e854a3efc7030dc6c1504c93fa9954a6dae6c39bbe4dc89f239a
artifacts/closure/p40/P40_PACKAGE_EXCLUSIONS.json	1485	426dce8a984eb5ed02ad84ea2e329952a051c71b3cdb87385ebc36da26af5f2e
artifacts/closure/p40/P40_SOURCE_DIFFERENTIAL.json	9112	33cec401ec55094fa7cfb391f1e6958a60ff4b7dff09707da624d9411268e5d2
artifacts/closure/p40/P40_SOURCE_ONLY_PACKAGE_MANIFEST.json	1470832	578bc4ff5effed0b0fd9fff22103dc6ad345a90ac8f52d377ba672ef6b817565
artifacts/closure/p40/P40_STATUS.json	1981	78e167e00bf03589d426fdfbd6dfba7df531f662b03e42eec642f3a3b8d98220
artifacts/closure/p40/VELMERE_CURRENT_STATE_AND_PASS_DELTA_LEDGER_P40_V16_2026-08-14.txt	26872	c85fec2944fc23ef6e56bfd5e6713b8a12956c9ca901751ddab37777a8178c88
artifacts/closure/p40/internal-fixture-profile-bindings/angel__ADVANCED_CONTEXT.json	2378	029deaa9b2a36a22828d41c3ed98acb9d6ac9e20f1db27cb792ed6af317f8cd1
artifacts/closure/p40/internal-fixture-profile-bindings/angel__BASIC_CONTEXT.json	2358	55e1ef367139d1382ffca22f2274164e667cc77fe35cb8fedae04ffadbe4a5bb
artifacts/closure/p40/internal-fixture-profile-bindings/angel__PRO_CONTEXT.json	2363	b8c8b77a079e9930ef2ae381a2c53a2ab5fc4e8ec07d8a8dfc3beeaa5da5c92b
artifacts/closure/p40/internal-fixture-profile-bindings/audit__ADVANCED_CONTEXT.json	2335	646e386b5fe534b2c188f30e4f41758af8ba0abcc34e8751bfe2b4e0db0cbc21
artifacts/closure/p40/internal-fixture-profile-bindings/audit__BASIC_CONTEXT.json	2324	e65de604f2dada9cec69ecdbbf8f5666c8ce2f77f6c3f9707f8a90c41cec2c72
artifacts/closure/p40/internal-fixture-profile-bindings/audit__PRO_CONTEXT.json	2320	fcbc936c034fd63bd7e33618e97582d8b737f4ea1a4bb87836787a1c43132dcb
artifacts/closure/p40/internal-fixture-profile-bindings/browser__ADVANCED_CONTEXT.json	2036	ac3d1097056d8032782bc5e02a4cadb0fbab831ca4d579284e4a705656e9e3f6
artifacts/closure/p40/internal-fixture-profile-bindings/browser__BASIC_CONTEXT.json	2027	4c1a505e86956db3ecc5b258a020816e02b9c77fb26ede567d23f53ec74e1bbb
artifacts/closure/p40/internal-fixture-profile-bindings/browser__PRO_CONTEXT.json	2021	05c4e0c295a0d19f84804489127d61c1b0f54456303a7079393bfb0c71a25932
artifacts/closure/p40/internal-fixture-profile-bindings/market_impact__ADVANCED_CONTEXT.json	2410	dbc254c9b997fc58f9a9b77c7f93f6b95e19bec322cd1680e9b0183e21b0f2d9
artifacts/closure/p40/internal-fixture-profile-bindings/market_impact__BASIC_CONTEXT.json	2390	54585e90cd546d57dd57e8f1ac272c05e61b558df29f7abd2a7566ef42e34f20
artifacts/closure/p40/internal-fixture-profile-bindings/market_impact__PRO_CONTEXT.json	2395	22b59f14639ba56b4ba43d58a43a218e46f6ffbde9ca9565f8cbb85db8130e0c
artifacts/closure/p40/internal-fixture-profile-bindings/pdf__ADVANCED_CONTEXT.json	2028	abb26b2dee1e3de9d55607f4efd80b56b7575f8f58e088bdf4276b763cffaea9
artifacts/closure/p40/internal-fixture-profile-bindings/pdf__BASIC_CONTEXT.json	2019	f675712b1821a4ec2ab1c7bb464e68635b7db62c4ce65ccef4aa500d070c894e
artifacts/closure/p40/internal-fixture-profile-bindings/pdf__PRO_CONTEXT.json	2013	7edfbba3510a6e2d4f7958569e9cf9279408398f555dbf97bc47708e7436e4cb
artifacts/closure/p40/internal-fixture-profile-bindings/real_markets__ADVANCED_CONTEXT.json	2379	170f88b80d408d28d2265f2390789adf4f72d7be51540545e303a641e97d2951
artifacts/closure/p40/internal-fixture-profile-bindings/real_markets__BASIC_CONTEXT.json	2359	f17d632f94f627f3a68cd08b068891719a635c0bda05eaf5bff2d3c8b9f361aa
artifacts/closure/p40/internal-fixture-profile-bindings/real_markets__PRO_CONTEXT.json	2364	36759b87edb3999203b0f0b502eb38d85714cc409675048a5420105f843df45c
artifacts/closure/p40/internal-fixture-profile-bindings/risk_indicator__ADVANCED_CONTEXT.json	2395	9d34e41723f7df92cce1b382e24d2f9c7050830d0fe2b7475f7c191213bba523
artifacts/closure/p40/internal-fixture-profile-bindings/risk_indicator__BASIC_CONTEXT.json	2375	f1eff33adb8238659f626e41830e5bcdb3032acad180b59b6df4b0393a505653
artifacts/closure/p40/internal-fixture-profile-bindings/risk_indicator__PRO_CONTEXT.json	2380	8ddb7f391147798c43505693f133c214e3448abd3f241e5e83ac2c01e2b42771
artifacts/closure/p40/internal-fixture-profile-bindings/shield__ADVANCED_CONTEXT.json	2356	3ffa4f9e3312e4cd23c51ed4d0e51d75cc4c40dc279d5f626d3740c5d942c639
artifacts/closure/p40/internal-fixture-profile-bindings/shield__BASIC_CONTEXT.json	2336	a6fe020e1a05007f5591fdb9bdb1d90c0baf59d0e1834af5e0bfffec230689f9
artifacts/closure/p40/internal-fixture-profile-bindings/shield__PRO_CONTEXT.json	2341	12c01809aedf69d23ad57c9a262e467b8317f133465afad0372356b845550505
artifacts/closure/p40/internal-fixture-profile-bindings/shield_map__ADVANCED_CONTEXT.json	2393	dfc6c676c067f16e52e727c4d057f8a3000c29b819c459a397422c4ea7765fd5
artifacts/closure/p40/internal-fixture-profile-bindings/shield_map__BASIC_CONTEXT.json	2373	6132492962441e7fd1b0b40ef05df2e7551b46d0c3263d392011aced051edac2
artifacts/closure/p40/internal-fixture-profile-bindings/shield_map__PRO_CONTEXT.json	2378	c75ab6d2560e9e170b3bac9250b96870a8219726fab634706fe6535dbf180009
artifacts/closure/p40/internal-fixture-profile-bindings/shield_pro__ADVANCED_CONTEXT.json	2398	44d41b3499e55d94742b58378402ce293dda5c94acb6f4fca09ba741c3c7ee23
artifacts/closure/p40/internal-fixture-profile-bindings/shield_pro__BASIC_CONTEXT.json	2378	1438ff2a4a414fdc7bfc6c052d7e94ce5ea85b6e308e08b28827fbbb9cd8e52f
artifacts/closure/p40/internal-fixture-profile-bindings/shield_pro__PRO_CONTEXT.json	2383	bcc3918d0e7a4b4de26861b54378c341eb38d0540c5ba2b0f2dd6b24b809ce2c
artifacts/closure/p40/internal-fixture-profile-bindings/whale_watch__ADVANCED_CONTEXT.json	2404	41af92e7bc6473737328a0d9a88613abd92b475429e7bb35183d9e8bbae77204
artifacts/closure/p40/internal-fixture-profile-bindings/whale_watch__BASIC_CONTEXT.json	2384	1a891c4d13857de10ee402e96b3c52feac026c00a78ae9ea79338b6de88a0cf6
artifacts/closure/p40/internal-fixture-profile-bindings/whale_watch__PRO_CONTEXT.json	2389	beebea88322462c0ef937f2f3bf6824a8e1f5257a5e4d4a36a5ea4156f580a0a
artifacts/closure/p40/source-identity.json	1407521	de1b803c5b6d9af516536d60ccb5de77554849a2fcac90b97644e944dd8b6c9d
artifacts/closure/p41/CURRENT_AUTHORITY_P41.json	1495	c4702b59aa83a480eed3425dfcd74e6bbeb795c521fdb382651fcca7c99eb52b
artifacts/closure/p41/P41_BRIDGE_SELF_TEST.json	2996	ad7b85808fbb25279b2a96d5cce25596a7dabeeb75feec24817b610fa0bace6f
artifacts/closure/p41/P41_CURRENT_ROOT_BRIDGE_VERIFICATION.json	2551	6b035a58bc614b78005aa10444dec6e9622318242fe94248f239ef750834532a
artifacts/closure/p41/P41_DEPENDENCY_GRAPH_CENSUS.json	184846	99e5d1bd38098472b193186794907ecdc6a65381f1cbb76e789aaa031a26046f
artifacts/closure/p41/P41_FAILURE_RECEIPT_SELF_TEST.json	1439	8ddaafc72f4159244a6c87f0816be2f90b6999a02246fd0b10bc030c73b57cf2
artifacts/closure/p41/P41_FAILURE_RECEIPT_SELF_TEST_RAW.json	3190	20155398193691d56b9030807d6fa93aa7710718da37443507d5e6be417fc1ac
artifacts/closure/p41/P41_GITHUB_WINDOWS_ATTEMPT_2026-08-14.json	2020	a605209c93d55eaeea79d6ac555e3389c8beea377114d51e003c4cfcaed15fed
artifacts/closure/p41/P41_HANDOFF_MANIFEST.json	3393	2810ab2febcd9c1c6b4f8ee9c71a668b081339602073b85e69a6353f6a9dea97
artifacts/closure/p41/P41_PACKAGE_EXCLUSIONS.json	1485	327d943eefec9cc17727c5602607210103e5f66327644b76ea2a0a18459d4446
artifacts/closure/p41/P41_PREPACK_CLOSURE_VERIFICATION.json	1450	4d7985fbebb59349ef8ddf330c93b9687882a22af68580fe4e48a04167a2ca8a
artifacts/closure/p41/P41_SOURCE_DIFFERENTIAL.json	2593	eba29a198cefebbb07c423ae242b4789617127e33ed732bd8a91a33ef9e1a1b2
artifacts/closure/p41/P41_SOURCE_ONLY_PACKAGE_MANIFEST.json	1476155	319cb2167936b73530f3182ad852fb0872a861c7819e812224059f175aab1bd7
artifacts/closure/p41/P41_STATUS.json	2095	fa6bd8ea124319e7481e2de7f2ea53237b23b165ecee0017d0809d7c48fb9820
artifacts/closure/p41/VELMERE_CURRENT_STATE_AND_PASS_DELTA_LEDGER_P41_V16_2026-08-14.txt	28120	d47f6ef073351fc8656629ead89d23cfb712067b6b68631977c49ea61d2bb9cf
artifacts/closure/p41/source-identity.json	1409106	93cdd52ca060579b09a070c881f6975c64b1faec73e8d0f6ad57c9488dd0c97e
artifacts/closure/p42/CURRENT_AUTHORITY_P42.json	1369	d0c76311d188665541722b037646d3f707d8640c31e1a8fed14f7037fc06a367
artifacts/closure/p42/P42_EXACT_WINDOWS_DEPENDENCY_INGEST_VERIFICATION.json	2354	c01e28839492bc481b55cf2babaeaed16523d697f915c807e643261b19e0249e
artifacts/closure/p42/P42_GITHUB_ACTIONS_SUCCESS_PROVENANCE.json	2132	bf5b8edbdff61a8ef2005cb1d8114d936ec20beea4c91d115812992fce714fe8
artifacts/closure/p42/P42_HANDOFF_MANIFEST.json	3146	38ee0716c1fff00c54e68d4346ac15cc4bac7a359c80a6786b6b9c0385abc662
artifacts/closure/p42/P42_LIFECYCLE_QUARANTINE_VERIFICATION.json	2445	7e453081d3c031a60fa82ec87d42b3625583f7bee4a21bacafd513c12a5e2eee
artifacts/closure/p42/P42_PACKAGE_EXCLUSIONS.json	1479	c6a93f92c48ff0b0082e7708ef17d5390bb93486d1f414cb11a8941aa0097ea0
artifacts/closure/p42/P42_PREPACK_CLOSURE_VERIFICATION.json	1059	8711de05fb824f84892f3782fb3806c879fde9097d683785be2d3218731854ca
artifacts/closure/p42/P42_SEMANTIC_DUAL_BUILD_BRIDGE_VERIFICATION.json	1128	b9381c71a3ebd2cea728c7d275a9c7d6d0ff914c98c78dc9f029955028f386de
artifacts/closure/p42/P42_SEMANTIC_DUAL_BUILD_FAILURE_SELF_TEST.json	2342	f0090607bf19ab46dff0933c9649828d689ac9fc3765c2ac01d5d5d8a4bb2069
artifacts/closure/p42/P42_SEMANTIC_DUAL_BUILD_SELF_TEST.json	1898	8e36ab5fd0fdd2960497b1a4ab92685c4c4a6594c2bab1adffe714736e61ed2f
artifacts/closure/p42/P42_SOURCE_DIFFERENTIAL.json	2466	d18807a163466a5211517bd9fb1bb2bafa4eb0e084eb5d5b4ba82fee2b34ee5f
artifacts/closure/p42/P42_SOURCE_ONLY_PACKAGE_MANIFEST.json	1481236	dc057eb86903806bcc6ee7a7c604b177d89dcca689ac3a847d098fb444cb9f20
artifacts/closure/p42/P42_STATUS.json	2172	3ea333adcb27e9059a32eedcc202ec674abe55f5317dc0e6539c422b8f97ae2d
artifacts/closure/p42/VELMERE_CURRENT_STATE_AND_PASS_DELTA_LEDGER_P42_V16_2026-08-14.txt	6887	fd66dbbe9588758440552c70d13146bab136df12bc975882e2c3c001ae7f7430
artifacts/closure/p42/exact-windows-dependency-closure/P41_EXACT_WINDOWS_NODE24_DEPENDENCY_CLOSURE_RECEIPT.json	2056	af14522d311b89391aab40fdae9b7b904113e3503fb230b8652cdb1bc078aa65
artifacts/closure/p42/exact-windows-dependency-closure/dependency-cas-manifest.json	401859	5c4fb690b19371b87da6252abce586f346648434aefec65222d02ef2cf675c3c
artifacts/closure/p42/exact-windows-dependency-closure/derived-dependency-list.json	183974	becdfb611d9c2561eec0dfde6404aefaf798df2d27af209bb29bfc76d892597b
artifacts/closure/p42/exact-windows-dependency-closure/npm-ci-offline.json	762	37bead0c3cbfd7cdacfc33532cc62c4751dacaa9a489180611fb401d0517f6d5
artifacts/closure/p42/exact-windows-dependency-closure/npm-ci-online.json	768	1caf1028257dc9e437d70ccff918616b7cc551c89f868e49211b22ee6c35faaf
artifacts/closure/p42/exact-windows-dependency-closure/package-lock.json	354803	e228adec08801e454ef5559a20f302110b4896a307c364195716218a376c48bb
artifacts/closure/p42/exact-windows-dependency-closure/package.json	135167	04aa4b393337fffa6e02ef54ad7668fe8136b038b0d924b208158a095b6f70a5
artifacts/closure/p42/source-identity.json	1411337	89ebee9cc550a6c59ebf5223dbaf6adcae0c530765598ade5c781df8e3776a21
artifacts/closure/p43/CURRENT_AUTHORITY_P43.json	1212	7c4b6310cebc089233dea43de2c44cc8ae1f1a8300fdddfd1ce03193bab5137d
artifacts/closure/p43/P43_CREDENTIAL_AND_KEY_HYGIENE.json	3502	342ee642aef604b1854f3f91b3728e3d25bb4380f853d86aa630667172cd8060
artifacts/closure/p43/P43_CURRENT_PACKAGE_WINDOWS_LOCK_RECLASSIFICATION.json	3373	9fe129912f2eae109511e955d8cfe33bea1e82ee50e3309ace9d1cc22235ff89
artifacts/closure/p43/P43_EXACT_LINUX_CURRENT_SOURCE_SEMANTIC_DUAL_BUILD_RECEIPT.json	13738	979355b0029c5d882d4052831673abc0365b6807b4897a917d29a6f7dcea29e8
artifacts/closure/p43/P43_EXACT_LINUX_NATIVE_PLATFORM_AVAILABILITY.json	4524	bb308b789aab408e4beb3bdbc9cb2ba633b3b6fc1d193fc129d32c642891d3e5
artifacts/closure/p43/P43_HANDOFF_MANIFEST.json	2068	bdf2267a54a344df37c738111c8e3cf5e1f37d80f7e91e173e57bff96aa7fec1
artifacts/closure/p43/P43_PACKAGE_EXCLUSIONS.json	1621	e45872c0d36033cbf322ef09255bf5d08915cff3acbc18d992d4e7eabd4e28f3
artifacts/closure/p43/P43_PREPACK_CLOSURE_VERIFICATION.json	1658	31b1569f3d72ee2195f05b53d3d39322df8b9433f39304b0ab78dd65de90bc40
artifacts/closure/p43/P43_SOURCE_DIFFERENTIAL.json	13924	5853fea2109c2d7821cdd10bf13dc29682992bdb7d7f0d37a26dd2a2e068e62d
artifacts/closure/p43/P43_SOURCE_ONLY_PACKAGE_MANIFEST.json	1488762	04d4d9f31d0f5ef9ec79c7f2ffdf0f3c68bf9466108e747b240db77e4d32b7b6
artifacts/closure/p43/P43_SOURCE_REPAIRS_FINAL_RECEIPT.json	2402	68dd57985b2b45725c6f2e826d297996fb748bf8f718f5134db85edb9e150493
artifacts/closure/p43/P43_SOURCE_REPAIRS_ORIGINAL_RECEIPT.json	2058	7ef6cc20689310c0c14e24673c60413efee6d30e9eb7253bbd63f8f4db022f6d
artifacts/closure/p43/P43_STALE_WEBPACK_LOCK_INSPECTION.json	623	7672f9a5f13c378483fe32746c149daa294c22047bf12b96f3a2d55bd88537a4
artifacts/closure/p43/P43_STATUS.json	2550	9829350e8348c418bedbd36da789a9a081b1304cb94c92c4b16920200354c65c
artifacts/closure/p43/VELMERE_CURRENT_STATE_AND_PASS_DELTA_LEDGER_P43_V16_2026-08-14.txt	10029	aa1c3654dcde03739988269e3d8e11a2857ee01ba8f8345e7112c249c58ad9a4
artifacts/closure/p43/source-identity.json	1414797	9144d7c802d1d9ed6423140e759bd4e93241ea06d8c2e5389e8bb8d22074290a
artifacts/closure/p44/CURRENT_AUTHORITY_P44.json	1058	42226d8800fd3cd7aa00d9040f7cf10a4be100e8fe96747cefd640020bae53a5
artifacts/closure/p44/P44_COMPACT_IDENTITY_BRIDGE_REPAIR_RECEIPT.json	5156	60e6debec62c1b31a77dd37063778e5719fa3d3d607c0ef54903cf997f84b4ba
artifacts/closure/p44/P44_COMPACT_IDENTITY_LOCAL_RECONSTRUCTION_REPLAY.json	2037	17d364e4bcaeb27823e058f40cd721dfbf21b3a763351e58aa17825ddf925742
artifacts/closure/p44/P44_CURRENT_SOURCE_IDENTITY_BINDING.json	963	f404b2439ab999a26bf9a8f56b8c323f0c75ab8dc5cb9b89134b60e1a7f53afb
artifacts/closure/p44/P44_GITHUB_WINDOWS_ATTEMPTS_RECEIPT.json	1739	34dc0b9aa2828ce8709c057293d9405503eb8be3b2a55acd2efea31716601d88
artifacts/closure/p44/P44_HANDOFF_MANIFEST.json	1819	9cbdc6460cf34413d8f8e512427bcf5caaf6ecbb3fca48662e35f43019c7ece5
artifacts/closure/p44/P44_LOCAL_GIT_OBJECT_COMPLETION_RECEIPT.json	4108	dba17071f6b6247dfae17f556e421a773e9a8250d72b7105074f2ba8e211a901
artifacts/closure/p44/P44_MISSING_OR_AMBIGUOUS_ROWS.json	39	d81d859bfbe0883e4ea67e2f19be4f7d27ecae96437c187f3ef1b9696a33d107
artifacts/closure/p44/P44_PACKAGE_EXCLUSIONS.json	1636	7879e4d5083aa6cf20a373e549934ada964a8a756ab6acd80b9e10114f35e1f4
artifacts/closure/p44/P44_PREPACK_CLOSURE_VERIFICATION.json	1340	eb84301726c718a2cbc745dee3765f0deec51755f8c3e88b58eff8557ccbac24
artifacts/closure/p44/P44_SOURCE_DIFFERENTIAL.json	994	3971fedbc6379fbbb2c53f71fd47c2c3ab1fa37e36cc3fd2b806b2227958d3e5
artifacts/closure/p44/P44_SOURCE_ONLY_PACKAGE_MANIFEST.json	1491545	2bfd9a3469c5db9aba6348e431905efeb84f7394d89fd97e99d30bf49306ca63
artifacts/closure/p44/P44_STATUS.json	1212	5b7d287d90a204b66a0101a752d2be96feda9b90c63d57bdba23fce80f6aaf18
artifacts/closure/p44/VELMERE_CURRENT_STATE_AND_PASS_DELTA_LEDGER_P44_V16_2026-08-14.txt	9880	64fd91ca70978e3c81a63d3d915fcf34c481a1bc00f7bd5a7ea4fac41a62bd15
artifacts/closure/p44/windows-bridge/APPLY_P44_BRIDGE_REPAIR.txt	411	fdcd5d74f9c39b3146c37beebd8d4fb6bb8c20cd61f5524706a15f32a6855d7c
artifacts/closure/p44/windows-bridge/i8b.part-09-real	12488	17154f64d573f3da73bd596cfcd975389a1f769e9b8e91e3c9b7d808f2578566
artifacts/closure/p44/windows-bridge/measure-source-coverage-bin-fixed.py	6636	a91800aed7cb1802405a3d1834345876a2d8c73c2972fa58a9d90751bf89aafe
artifacts/closure/p44/windows-bridge/p43-identity.bin	242713	588acada1e423fa2f52f608c7638bfd23d55229ad8a7078e440ae6198d79cbd0
artifacts/closure/p44/windows-bridge/p43-identity.bin.gz	114365	4f9476b34cb237b8ddbb40562099bbf137d70e670d3d2e0492052eba852e9ed0
artifacts/closure/p44/windows-bridge/p43-identity.bin.gz.b64	152488	26f191e21dba2cfcd73e3ab00e6b4a8ec2fdd1066ec9aaf2eb4663c7f456b198
artifacts/closure/p44/windows-bridge/p44-exact-windows-current-source-repaired.yml	2665	18bc1e6ebae50be8680be67fcf0d9a43e72c01ecc2dbc43166f517e8ca204ff8
artifacts/closure/p45/CURRENT_AUTHORITY_P45.json	1045	6ef79206e30199672000a0a81679b13e44573dc5829ddd56995873d9c61df529
artifacts/closure/p45/P45_BUNDLE_REASSEMBLY_CLEAN_CLONE_RECEIPT.json	1773	3de0e1072abef6967bc5ad3f476b95d7f7c3b94a956de2f7783ecae1870f7c5f
artifacts/closure/p45/P45_CLEAN_CLONE_A_CROSS_PLATFORM_SOURCE_IDENTITY.json	1145	cbbb704d0e2669aebefd9119a056fba3201777f89e370b4c43fc6adf9ec3b5e3
artifacts/closure/p45/P45_CLEAN_CLONE_B_CROSS_PLATFORM_SOURCE_IDENTITY.json	1145	cbbb704d0e2669aebefd9119a056fba3201777f89e370b4c43fc6adf9ec3b5e3
artifacts/closure/p45/P45_CURRENT_SOURCE_IDENTITY_BINDING.json	953	c381fcd115675a5d3e9bce5d298563266450f9059f5f396c628048ead4a1dd18
artifacts/closure/p45/P45_DETERMINISTIC_GIT_BUNDLE_BUILD_RECEIPT.json	1361	2816d22b3ec187634e0c515e5ad7456ab0df7bbe376f9ade21b00364cd08bd6d
artifacts/closure/p45/P45_EXACT_WINDOWS_WORKFLOW_CONTRACT_RECEIPT.json	1374	db5cd835514aa08879de8ea238b2ad7a7c9e6bf6e753bb2b622f3ad2f94c1453
artifacts/closure/p45/P45_GITHUB_ALL_REFS_FAILURE_ADJUDICATION.json	1654	4122d6c26ccab54edabaefc731a51afbeeb8f81d12297b851f56cb98012c369c
artifacts/closure/p45/P45_HANDOFF_MANIFEST.json	1881	ddd15e7274fd11e1c47cc5f494787388e59dc111264d5593b063bc595a8725c0
artifacts/closure/p45/P45_PACKAGE_EXCLUSIONS.json	1623	6995f88bff66293bba22b17a744598114b4a074338f575ffa1192cda05a6ac3f
artifacts/closure/p45/P45_PREPACK_CLOSURE_VERIFICATION.json	1457	1431cae5ea694e5911e28633cf807470235ab8de6dca5bd528def6e7d747fd90
artifacts/closure/p45/P45_SOURCE_DIFFERENTIAL.json	1114	f9f4e72906c99c438ea5f0276b967c0c2ac400b32623f6adec867631773d5556
artifacts/closure/p45/P45_SOURCE_ONLY_PACKAGE_MANIFEST.json	1498540	80ab09d94b46f3a7deb781a0aef1962d0eddc7a53a6f7fc478d4b0ea696329cd
artifacts/closure/p45/P45_STATUS.json	1250	4bf1551e14c2223cce8fea9edbc8ac0f71b1d740d1967c003722f64e6d1a7c72
artifacts/closure/p45/P45_WINDOWS_PATH_COMPATIBILITY_RECEIPT.json	1470	8d02ec56afd3d8098f87e415e60b4483b9eb5064e77729886f0d1a9470eaa0b5
artifacts/closure/p45/VELMERE_CURRENT_STATE_AND_PASS_DELTA_LEDGER_P45_V16_2026-08-14.txt	10860	1650059b0d9e6a6b0ac02bbe327c11baa56782d2fd05c9b3bd904fc5043c5521
artifacts/closure/p45/windows-source-transport/P45_BUNDLE_CHUNK_MANIFEST.json	3058	15c3da502c4ae3fd17790a6d28619b41d19c60bc13a6889a2f8148b3270f40ca
artifacts/closure/p45/windows-source-transport/VERIFY_AND_CLONE_P45_SOURCE_BUNDLE.ps1	1920	b1e5e34eb0b836344df3873d001f4f527e5226508dcb8652e5320fa563113fb2
artifacts/closure/p45/windows-source-transport/audit-windows-paths.py	3859	560dd2f854fcac0dbe9f45bd0c058e9c0987f6ae9df0963fe58565ec89d35683
artifacts/closure/p45/windows-source-transport/git-bundle-verify.txt	314	a583f5a291dc55fb630b75bc828f21bea52bf2850e049cb4e4ab70dda6072328
artifacts/closure/p45/windows-source-transport/p43-current-source.bundle.part-000	8388608	7f5014dec4a00efc3b08068625fee9bb773fec918c42d8dfbfd891bfe380810d
artifacts/closure/p45/windows-source-transport/p43-current-source.bundle.part-001	8388608	f1b1d41dd23e133491f2a1b1511bc9b0b71767c03338b3ed20868fa03705b6a6
artifacts/closure/p45/windows-source-transport/p43-current-source.bundle.part-002	8388608	90222866a0697a2b370a7be6aabe12f98274153720694a2bf882326f2c40e6ac
artifacts/closure/p45/windows-source-transport/p43-current-source.bundle.part-003	8388608	af42fe5251e434d37692d59d01eed47ba03cb560019d710aa083227ef66d7d6b
artifacts/closure/p45/windows-source-transport/p43-current-source.bundle.part-004	8388608	4e97b4728cc920479833e1be4ad517d2f2a4a44ca7e33d5782f1d2b699523a92
artifacts/closure/p45/windows-source-transport/p43-current-source.bundle.part-005	3617381	c54bc1356a3e584be8f3d51b670d9c5fe6465284eda39133111ea85343ed9e44
artifacts/closure/p45/windows-source-transport/p43-source-identity.json	1414797	9144d7c802d1d9ed6423140e759bd4e93241ea06d8c2e5389e8bb8d22074290a
artifacts/closure/p45/windows-source-transport/p45-exact-windows-current-source.yml	1894	c149c4de11fedfd410c08c4da0aab8e0df42c282f1c2d483a45acb57524a940b
artifacts/closure/p45/windows-source-transport/reassemble-source-bundle.py	1719	037b6c2afb5c15eaad27074f2fb7d18bf9f03d43da5f05930b0e5045910e0088
artifacts/closure/p45/windows-source-transport/verify-git-bundle-source.py	5007	fcd04862eae4341fe12f68166824b0cffb2e5ad4d8c0631d90dff2d5ed910c53
artifacts/closure/p46/P46_SOURCE_ONLY_PACKAGE_MANIFEST.json	1528909	0da08a4fc0d7886bec786c3393097dee20aa7358f61acbbaaed517c88b1c5e6e
artifacts/closure/p46/VELMERE_CURRENT_STATE_AND_PASS_DELTA_LEDGER_P46_V16_2026-08-14.txt	23347	d956bf05d09b25fb4d8043c4e4b5d06547c323fb8ef4eb4764d2744eaf574192
artifacts/closure/p46/current-source/P46_CONCURRENT_A60_RESOURCE_CONTENTION_ADJUDICATION.json	2317	b1747ff6ba61e34cff8e894075106fbb7892e031fb912621e822574dd3997a1b
artifacts/closure/p46/current-source/P46_CURRENT_SOURCE_IDENTITY.json	1414797	734ac2ef73d35aab1ccefd9a0c61f0f5bf75c33e12207703aec8bbde0dab8c98
artifacts/closure/p46/current-source/P46_EXACT_POSIX_SCRIPT_SHELL.sha256	101	3194c1aa7cdcd36f9e36936e8aba822a32f85f5ea0b7ceaed4075b46e1469f6e
artifacts/closure/p46/current-source/P46_SOURCE_CHANGE_AND_BINDING_RECEIPT.json	3033	4b008c96f7c9e55f8e18046ad2d0384d09a41e2b698ca820b295bf63eaab090f
artifacts/closure/p46/current-source/P46_TRANSPORT_COMMIT.sha1	41	ee0f1399352699b8fcc1bf51b8b56f0a9788bac69d105cdd7bf5bb67c84e44ba
artifacts/closure/p46/current-source/P46_TRANSPORT_REASSEMBLER_SUPPORT_REPAIR.json	702	e13abe37628272cf5166c2e8bc069017e2879ea7adae65b48301f3befea7845e
artifacts/closure/p46/current-source/p46_post_a60_authority.stderr	0	e3b0c44298fc1c149afbf4c8996fb92427ae41e4649b934ca495991b7852b855
artifacts/closure/p46/current-source/p46_post_a60_authority.stdout	1341	c2c0137c625494370f4ce775c9cd73524dfe1be952fb023ffb95b7c3f619e534
artifacts/closure/p46/current-source/p46_pre_a58.stderr	0	e3b0c44298fc1c149afbf4c8996fb92427ae41e4649b934ca495991b7852b855
artifacts/closure/p46/current-source/p46_pre_a58.stdout	6671	1b752468b55b4092e10dcb1631c8bf9d9b94492b2683c6ba338dc55fa0a582ac
artifacts/closure/p46/current-source/p46_pre_a59.stderr	0	e3b0c44298fc1c149afbf4c8996fb92427ae41e4649b934ca495991b7852b855
artifacts/closure/p46/current-source/p46_pre_a59.stdout	23677	5a6c745db2332bb0afbe12d870347cda8e0df209aaa9181183417d2d1d2df47e
artifacts/closure/p46/current-source/p46_pre_a60_contract.stderr	0	e3b0c44298fc1c149afbf4c8996fb92427ae41e4649b934ca495991b7852b855
artifacts/closure/p46/current-source/p46_pre_a60_contract.stdout	65222	5afaf330dad7a46c70e92cba5e717c62f172afd6895c337698deb65e927ffa25
artifacts/closure/p46/current-source/p46_script_shell_a79_test.stderr	0	e3b0c44298fc1c149afbf4c8996fb92427ae41e4649b934ca495991b7852b855
artifacts/closure/p46/current-source/p46_script_shell_a79_test.stdout	11347	944d276237d4030f4dc9f1b5b105c27322f8047669a287a513089ce7070f2496
artifacts/closure/p46/current-source/p46_script_shell_authority.stderr	0	e3b0c44298fc1c149afbf4c8996fb92427ae41e4649b934ca495991b7852b855
artifacts/closure/p46/current-source/p46_script_shell_authority.stdout	1341	c2c0137c625494370f4ce775c9cd73524dfe1be952fb023ffb95b7c3f619e534
artifacts/closure/p46/current-source/p46_script_shell_manifest_build.stderr	0	e3b0c44298fc1c149afbf4c8996fb92427ae41e4649b934ca495991b7852b855
artifacts/closure/p46/current-source/p46_script_shell_manifest_build.stdout	663	752578ccf4f445f48017d1bddeda0b3564c946b60c8564e98c0ba2c137551767
artifacts/closure/p46/current-source/p46_transport_reassembler_repair_a.stdout	283	11e397d278b11b80ae2ccfeef3db9c134c653ccfb8d13495695687d714adfe9c
artifacts/closure/p46/current-source/p46_transport_reassembler_repair_b.stdout	283	d92aa7cbec238f8d98a55dedcfe752116a3a876a7c3747cb1a8278ffcbd3e1df
artifacts/closure/p46/diagnostics/P46_CONCURRENT_A60_CLEAN_PROFILE_RECEIPT.json	12716	b6e1d2d7c73040c7c67f8243e596eea3f9379532565f4ddb98a1afc241fe8e73
artifacts/closure/p46/diagnostics/P46_CONCURRENT_A60_ROOT_PROFILE_RECEIPT.json	12759	c2b48c582bf903f5a08648305f08a13d8c0e4f015bf8d764f1342b0ecaf89c08
artifacts/closure/p46/external-diagnostics/p46-pr-refs-reconstruction-evidence.zip	1195890	44237ee8907eb3ca91dcc5c8e9adc9abd50673828292996567ec102a2fb51baa
artifacts/closure/p46/p46_a60_current.exit	2	9a271f2a916b0b6ee6cecb2426f0b3206ef074578be55d9bc94f6f3fe3ab86aa
artifacts/closure/p46/p46_a60_current.stderr.log	0	e3b0c44298fc1c149afbf4c8996fb92427ae41e4649b934ca495991b7852b855
artifacts/closure/p46/p46_a60_current.stdout.log	28447	bd95ae63147a7b9d3b85630c68aa86df32c061792147f0778da2678717bd578d
artifacts/closure/p46/serialized-a60-artifacts/PASS4659_API_SURFACE_INVENTORY.json	236170	092ec63f089712f0be42ce7d96df0801e80deedd32d0288736bbab3ae7444a5c
artifacts/closure/p46/serialized-a60-artifacts/PASS4659_API_SURFACE_INVENTORY.txt	728	7c62545f9c65902870110ff27d5d0bfdc2ec366c5f283ebc363401956294eb16
artifacts/closure/p46/serialized-a60-artifacts/pass13/PASS13_PARTITIONED_ESLINT.json	788721	9f0cef5c7b842c9592d090088484737abe6e7eac8092416b08e2503f1c0bcf02
artifacts/closure/p46/serialized-a60-artifacts/pass13/PASS13_PARTITIONED_TYPESCRIPT.json	578134	63149048acf833e682e055d1be4b5841de2352c44b9a30de3d5653752fe8ec05
artifacts/closure/p46/serialized-a60-artifacts/pass35/a45/A45_DETERMINISTIC_LOCAL_REFERENCE_QA_FIXTURE.json	94220	dc1c82a46602dc3fdc0363583974e7935e4cb71e9465ab34cfc2f498685911a7
artifacts/closure/p46/serialized-a60-artifacts/pass35/a45/PASS35_A45_BROWSER_ACCEPTANCE.json	358191	75bbe6bb159d194083b8a0f2f5bf27b3a0c2f695224ea1ba1080a8be16214119
artifacts/closure/p46/serialized-a60-artifacts/pass35/a45/screenshots/pl-desktop-account.png	325229	6c9ac363dae6ed82a5837f5539740d48fd50deabbc4a75417f5751cca5792b46
artifacts/closure/p46/serialized-a60-artifacts/pass35/a45/screenshots/pl-desktop-atelier.png	893694	31c5bc5d6d432fccdd3c07db58f58f0161241d4f29fae78e382a3617153c3914
artifacts/closure/p46/serialized-a60-artifacts/pass35/a45/screenshots/pl-desktop-audit-registry.png	293081	e064ac45c00b45ff5c24b2bc988907abb02299917e3bd898f6c5d5e366504967
artifacts/closure/p46/serialized-a60-artifacts/pass35/a45/screenshots/pl-desktop-audit-sample.png	309147	44f8b5df969daba94f93fda95b77cbb68f310219f947f8c8a3cdd28c1d59a4db
artifacts/closure/p46/serialized-a60-artifacts/pass35/a45/screenshots/pl-desktop-audits.png	821442	7c38ed29e8968d860503a7dae22a8d51a84f55af60c04677af5352ba1494c5da
artifacts/closure/p46/serialized-a60-artifacts/pass35/a45/screenshots/pl-desktop-auth.png	239928	cfd8cd2ea08fa87401dce0e2fb9840f52b428c52e6d1b9724612e28578301ca1
artifacts/closure/p46/serialized-a60-artifacts/pass35/a45/screenshots/pl-desktop-browser.png	352656	52e140c1bbebe9280d0a600faa7182f52a59b1be4c60ae11467eacaeba2642b4
artifacts/closure/p46/serialized-a60-artifacts/pass35/a45/screenshots/pl-desktop-home.png	699320	5dfdc38852db7132f42da9ecba4fea9670e552f8509bb91584ba2f2c69cb378e
artifacts/closure/p46/serialized-a60-artifacts/pass35/a45/screenshots/pl-desktop-intelligence.png	791373	fa9c36c699e49c1d8d2dfb4ef03f7d0c04a8e809ad220fe39bb89f0b7f00843c
artifacts/closure/p46/serialized-a60-artifacts/pass35/a45/screenshots/pl-desktop-real-markets.png	243962	593381dee5961719cc5e8cfa4823bf65da7c0b60dbd2b631ed30e47efce3c906
artifacts/closure/p46/serialized-a60-artifacts/pass35/a45/screenshots/pl-desktop-shield-map.png	342906	ee7a1b8d3e4edbd53e1c14981d1ed9e03aeef9ddd1940c9efbe8f557d4a140ca
artifacts/closure/p46/serialized-a60-artifacts/pass35/a45/screenshots/pl-desktop-shield-popup-four-tabs.png	490339	8de52556f884970fb268a717a530582d4a75d2a4872e842588ea632eaf0f7b87
artifacts/closure/p46/serialized-a60-artifacts/pass35/a45/screenshots/pl-desktop-shield-pro.png	621010	dc02b213f9a74ffcd2cdada28c0e98dc57ee57634c5688e670407caccc623eeb
artifacts/closure/p46/serialized-a60-artifacts/pass35/a45/screenshots/pl-desktop-shield.png	262866	42fd2cd4d3630116901b82afb8a344083a0c98ecfcf715180bdeaaf435e1a7d8
artifacts/closure/p46/serialized-a60-artifacts/pass35/a45/screenshots/pl-desktop-trust-center.png	306983	8679ad0a88258d2be9d77389530095a5b13afe4afedf74dc539e5b56ccf7c5ac
artifacts/closure/p46/serialized-a60-artifacts/pass35/a45/screenshots/pl-mobile-account.png	104052	11174c802bf991def206c4e362bdf3012ebf31453ca7d85165b351ee521acefe
artifacts/closure/p46/serialized-a60-artifacts/pass35/a45/screenshots/pl-mobile-atelier.png	216540	c0599a094d91e45f430eeea433a1f39816690274240d73ac0df754e2cf98ee65
artifacts/closure/p46/serialized-a60-artifacts/pass35/a45/screenshots/pl-mobile-audit-registry.png	125501	42129656b0912fbbbbea1bd9ec1ff5ceee760ad9b1a5f1763de449a444ae369e
artifacts/closure/p46/serialized-a60-artifacts/pass35/a45/screenshots/pl-mobile-audit-sample.png	129960	72a564585ecfceb09f385ae5d50141824276a78806906b16f362bdc991e980c6
artifacts/closure/p46/serialized-a60-artifacts/pass35/a45/screenshots/pl-mobile-audits.png	254778	5f1da0a670c480316d50afba28eb6c3a2d9662184f4b2024cf7d7e92236a24a5
artifacts/closure/p46/serialized-a60-artifacts/pass35/a45/screenshots/pl-mobile-auth.png	121444	aefc2ac0322ca670ff83334be45c52acd293fef842561bc609e696ce01153fae
artifacts/closure/p46/serialized-a60-artifacts/pass35/a45/screenshots/pl-mobile-browser.png	153819	f9667c4af35c34a07af52e26e5c18ce700fa351365d76f7c8484b45d19d66200
artifacts/closure/p46/serialized-a60-artifacts/pass35/a45/screenshots/pl-mobile-home.png	201708	6d8fe87405d684317a5a644cde6f6d3158ad3a1edbac308fbd9c2384b1887a8a
artifacts/closure/p46/serialized-a60-artifacts/pass35/a45/screenshots/pl-mobile-intelligence.png	202510	dc50092f8e531f4a0c1b9c2454f0ffb6b1768ed59b24612f508e511425233a13
artifacts/closure/p46/serialized-a60-artifacts/pass35/a45/screenshots/pl-mobile-real-markets.png	120369	7cd6198f4c2817db8793d6be3f0793d7e863f217cab26770a995489dd142cd87
artifacts/closure/p46/serialized-a60-artifacts/pass35/a45/screenshots/pl-mobile-shield-map.png	148189	d07dafda2220f805471d54bfeff145085cd02806fe67e5b08d2a6d052e273488
artifacts/closure/p46/serialized-a60-artifacts/pass35/a45/screenshots/pl-mobile-shield-pro.png	216708	e1d55483c80d2982ab1169a07eca1500e03f12aecceb88054d883b18f53af0bd
artifacts/closure/p46/serialized-a60-artifacts/pass35/a45/screenshots/pl-mobile-shield.png	97102	27a9e3100275fbd469e828acbf955556deeebad6fef9c8f780e9aeb525ace994
artifacts/closure/p46/serialized-a60-artifacts/pass35/a45/screenshots/pl-mobile-trust-center.png	123254	33713d7a21b0ba1bafc787b17862607905ccbfeb1a17802c779390594e189d85
artifacts/closure/p46/serialized-a60-artifacts/pass36/a59/PASS36_A59_BUILD_GRAPH_ROUTE_CSS_BUDGET_RECOVERY_TEST.json	23677	5a6c745db2332bb0afbe12d870347cda8e0df209aaa9181183417d2d1d2df47e
artifacts/closure/p46/serialized-a60-artifacts/pass36/a60-test/PASS36_A60_FORCED_PREFLIGHT_TEST-47b03243e2601924.json	5528	4fdc5c1124ebf8dff40c4e715b778358bc1ee737f81912046ab256d86244173d
artifacts/closure/p46/serialized-a60-artifacts/pass36/a60/PASS36_A60_BROWSER_EVIDENCE_VERIFICATION.json	1903	dd1c4bc6063c1420a29aa7d190e08d5746280590d4a689d5918215c1a54ca4e5
artifacts/closure/p46/serialized-a60-artifacts/pass36/a60/PASS36_A60_EXACT_FINAL_BYTE_BUILD_BROWSER_ACCEPTANCE.json	28447	bd95ae63147a7b9d3b85630c68aa86df32c061792147f0778da2678717bd578d
artifacts/closure/p46/serialized-a60-artifacts/pass36/a60/logs/a58-current-integrity.stderr.log	0	e3b0c44298fc1c149afbf4c8996fb92427ae41e4649b934ca495991b7852b855
artifacts/closure/p46/serialized-a60-artifacts/pass36/a60/logs/a58-current-integrity.stdout.log	6671	1b752468b55b4092e10dcb1631c8bf9d9b94492b2683c6ba338dc55fa0a582ac
artifacts/closure/p46/serialized-a60-artifacts/pass36/a60/logs/a59-contract.stderr.log	0	e3b0c44298fc1c149afbf4c8996fb92427ae41e4649b934ca495991b7852b855
artifacts/closure/p46/serialized-a60-artifacts/pass36/a60/logs/a59-contract.stdout.log	23790	837620d32e88c6767dd2de2a01756cb3471f9fe80a1884e4daa43dad2be826f8
artifacts/closure/p46/serialized-a60-artifacts/pass36/a60/logs/a60-contract.stderr.log	0	e3b0c44298fc1c149afbf4c8996fb92427ae41e4649b934ca495991b7852b855
artifacts/closure/p46/serialized-a60-artifacts/pass36/a60/logs/a60-contract.stdout.log	65339	fedc18fa13da03f2cd7db6172d75324b7281292cda42b66c893579d349265df5
artifacts/closure/p46/serialized-a60-artifacts/pass36/a60/logs/browser-acceptance.stderr.log	0	e3b0c44298fc1c149afbf4c8996fb92427ae41e4649b934ca495991b7852b855
artifacts/closure/p46/serialized-a60-artifacts/pass36/a60/logs/browser-acceptance.stdout.log	2648	f7e50c197b012baef475c774920dc5536714cd9c3cd1ad2be4aeff339be44e61
artifacts/closure/p46/serialized-a60-artifacts/pass36/a60/logs/browser-evidence-verification.stderr.log	0	e3b0c44298fc1c149afbf4c8996fb92427ae41e4649b934ca495991b7852b855
artifacts/closure/p46/serialized-a60-artifacts/pass36/a60/logs/browser-evidence-verification.stdout.log	1903	dd1c4bc6063c1420a29aa7d190e08d5746280590d4a689d5918215c1a54ca4e5
artifacts/closure/p46/serialized-a60-artifacts/pass36/a60/logs/build-turbopack.stderr.log	0	e3b0c44298fc1c149afbf4c8996fb92427ae41e4649b934ca495991b7852b855
artifacts/closure/p46/serialized-a60-artifacts/pass36/a60/logs/build-turbopack.stdout.log	2441	a6960f72beed1b8fce729f06d601640299a8282b0dd64586eff624967cee0a0b
artifacts/closure/p46/serialized-a60-artifacts/pass36/a60/logs/build-webpack.stderr.log	0	e3b0c44298fc1c149afbf4c8996fb92427ae41e4649b934ca495991b7852b855
artifacts/closure/p46/serialized-a60-artifacts/pass36/a60/logs/build-webpack.stdout.log	2433	93d283011032edf7d8a16f9d3e33c603faaa5382e4e5e9b519bff1bcf854d04d
artifacts/closure/p46/serialized-a60-artifacts/pass36/a60/logs/lint.stderr.log	0	e3b0c44298fc1c149afbf4c8996fb92427ae41e4649b934ca495991b7852b855
artifacts/closure/p46/serialized-a60-artifacts/pass36/a60/logs/lint.stdout.log	1020	05bb844d887421f6fbc9e360cd72df669d64c6d82c990917679f94f56ca619bd
artifacts/closure/p46/serialized-a60-artifacts/pass36/a60/logs/npm-ci.stderr.log	162	a4be33f03cdfab0a479d30f0e40fdc8df9419f2c7ad07ea2e0b46392bfe048ed
artifacts/closure/p46/serialized-a60-artifacts/pass36/a60/logs/npm-ci.stdout.log	27	0bf67ca0a13a58627b8a373b6e832c1b30143c3008fb19e3aabb46b8717d507d
artifacts/closure/p46/serialized-a60-artifacts/pass36/a60/logs/post-build-typecheck.stderr.log	0	e3b0c44298fc1c149afbf4c8996fb92427ae41e4649b934ca495991b7852b855
artifacts/closure/p46/serialized-a60-artifacts/pass36/a60/logs/post-build-typecheck.stdout.log	1183	ab30030b1c304eea43cef9d74075bde0bc134a2cb02fc3d09d4f19978f5cbb10
artifacts/closure/p46/serialized-a60-artifacts/pass36/a60/logs/production-server.stderr.log	138	16073b01ee74e0fa33d9dd2183bead91c2c68f4ae3e4a043d625a5875f09ed4c
artifacts/closure/p46/serialized-a60-artifacts/pass36/a60/logs/production-server.stdout.log	236	72690f8f724b43f3769302e561e4ddba8e324a71cc86ad9675f82960b24761da
artifacts/closure/p46/serialized-a60-artifacts/pass36/a60/logs/runtime-smoke.stderr.log	0	e3b0c44298fc1c149afbf4c8996fb92427ae41e4649b934ca495991b7852b855
artifacts/closure/p46/serialized-a60-artifacts/pass36/a60/logs/runtime-smoke.stdout.log	307	437f484175fffae12490fc48f5ac321d9778d7e7746c4926be474ee29a025bcc
artifacts/closure/p46/serialized-a60-artifacts/pass36/a60/logs/typecheck.stderr.log	0	e3b0c44298fc1c149afbf4c8996fb92427ae41e4649b934ca495991b7852b855
artifacts/closure/p46/serialized-a60-artifacts/pass36/a60/logs/typecheck.stdout.log	1173	fefb26813e28f40e4c34acedaba058bdf9939491b78d1ff91572b355c228c6dc
artifacts/closure/p46/windows-source-transport/P46_BUNDLE_BUILDS.sha256	252	11eabf85ba8b73b8bbacb22d6013e7a20a058f4b87fdfa6c646e9eecf8ef00cc
artifacts/closure/p46/windows-source-transport/P46_BUNDLE_CHUNK_MANIFEST.json	2153	e3306da2cbace71fcc277f8fae29b68f9f3e02477090818024276bcdd7be140b
artifacts/closure/p46/windows-source-transport/P46_BUNDLE_VERIFY_A.stderr	68	cab3357d158eafa3758a87d8025d1f46bdce48a89129a4d24c40b06ef48519cf
artifacts/closure/p46/windows-source-transport/P46_BUNDLE_VERIFY_A.stdout	157	b3a66fef311326ee46660e5142ad0bb67afe09198903ab7313148031346d587d
artifacts/closure/p46/windows-source-transport/P46_BUNDLE_VERIFY_B.stderr	68	553f956fdd9fdd70d9639892dd7eeb7bbb5fb97eb4c5c960845bcf92320a10b3
artifacts/closure/p46/windows-source-transport/P46_BUNDLE_VERIFY_B.stdout	157	b3a66fef311326ee46660e5142ad0bb67afe09198903ab7313148031346d587d
artifacts/closure/p46/windows-source-transport/P46_CLEAN_CLONE_A_CANONICAL_SOURCE_IDENTITY.json	1414797	734ac2ef73d35aab1ccefd9a0c61f0f5bf75c33e12207703aec8bbde0dab8c98
artifacts/closure/p46/windows-source-transport/P46_CLEAN_CLONE_A_SOURCE_IDENTITY.json	1145	6e70275a466f05e0163406362ae1f71d6344066232df475ddd799438d05c8612
artifacts/closure/p46/windows-source-transport/P46_CLEAN_CLONE_B_CANONICAL_SOURCE_IDENTITY.json	1414797	734ac2ef73d35aab1ccefd9a0c61f0f5bf75c33e12207703aec8bbde0dab8c98
artifacts/closure/p46/windows-source-transport/P46_CLEAN_CLONE_B_SOURCE_IDENTITY.json	1145	6e70275a466f05e0163406362ae1f71d6344066232df475ddd799438d05c8612
artifacts/closure/p46/windows-source-transport/P46_EXACT_WINDOWS_WORKFLOW_CONTRACT.json	1012	0a7941574419c313d68bdf555079a9deaf298a3dd7001089c0c75311809cb756
artifacts/closure/p46/windows-source-transport/P46_TRANSPORT_COMMIT.sha1	41	ee0f1399352699b8fcc1bf51b8b56f0a9788bac69d105cdd7bf5bb67c84e44ba
artifacts/closure/p46/windows-source-transport/P46_WINDOWS_PATH_COMPATIBILITY.json	1470	8d02ec56afd3d8098f87e415e60b4483b9eb5064e77729886f0d1a9470eaa0b5
artifacts/closure/p46/windows-source-transport/VERIFY_AND_CLONE_P46_SOURCE_BUNDLE.ps1	1938	83613b54e89ce96abf77469fa040a82aeffa39ece11a22b9592ecb3f6ca8281d
artifacts/closure/p46/windows-source-transport/audit-windows-paths.py	3859	560dd2f854fcac0dbe9f45bd0c058e9c0987f6ae9df0963fe58565ec89d35683
artifacts/closure/p46/windows-source-transport/p46-current-source.bundle.part-00	8388608	0e2e557955a5d9f1b18acb23488f56aee524a7d3f87808b5720bb4e7d35395f0
artifacts/closure/p46/windows-source-transport/p46-current-source.bundle.part-01	8388608	00d5fbca6747578d4b86a0a8de39e96b3971cb5633f6b00dd586aa34b9d6f5e3
artifacts/closure/p46/windows-source-transport/p46-current-source.bundle.part-02	8388608	93a058f365058c3b5a0feb2c717740132bf198399a30e91369c3036e292805a9
artifacts/closure/p46/windows-source-transport/p46-current-source.bundle.part-03	8388608	e2c7043812d88a59d72a3d9d770318ee73a5341e41b03d1383ae85de697741d8
artifacts/closure/p46/windows-source-transport/p46-current-source.bundle.part-04	8388608	130a730e70b978741b60e720d9d197f5bad89354a88917b9d397d3a1f99edf4d
artifacts/closure/p46/windows-source-transport/p46-current-source.bundle.part-05	3695292	eb0d33defcae797b0924d0b78674a0752618c8133f76be0758c99d3d80b42543
artifacts/closure/p46/windows-source-transport/p46-exact-windows-current-source.yml	1884	46c329e3770ed2fab5860340ca8984e1fdbe844680f9440217aee69a6954ce7d
artifacts/closure/p46/windows-source-transport/p46-source-identity.json	1414797	734ac2ef73d35aab1ccefd9a0c61f0f5bf75c33e12207703aec8bbde0dab8c98
artifacts/closure/p46/windows-source-transport/reassemble-source-bundle.py	3738	f559f025095ce08d3fa78eb1fe4382e8468f2fa1b876ac739cd6a5d96116c19c
artifacts/closure/p46/windows-source-transport/verify-git-bundle-source.py	5007	fcd04862eae4341fe12f68166824b0cffb2e5ad4d8c0631d90dff2d5ed910c53
artifacts/closure/p47/P47_CURRENT_AUTHORITY.json	2095	2b366c03415989c92542ed9217809719c9fb0b37717ba389ecc52ab1de1f3bb2
artifacts/closure/p47/P47_LOCAL_PROJECTION_REPLAY_RECEIPT.json	1563	afee593effab98d9cebd2b84156c00249a2d635d3799a99159c4ed7ab56cb59d
artifacts/closure/p47/P47_PACKAGED_TRANSPORT_REPLAY_RECEIPT.json	1675	55fb0e4ddb982481adca575f73a88416b96b9d49804a353373200756d79d0af6
artifacts/closure/p47/P47_SOURCE_DELTA_AND_IDENTITY_RECEIPT.json	2223	f82583e336683164988ce9c30f464ec50691bc8b81673e8c2a64748b9d76d30e
artifacts/closure/p47/P47_SOURCE_HYGIENE_AND_TRANSPORT_VERIFICATION.json	3351	229f01efe65acfc4e788ca87baba9a9371298fad8aa413df0b7c35bb11a34d36
artifacts/closure/p47/P47_STATIC_IMPORT_CLOSURE.json	475	391ffcc956ea62e34fc24ec7a9539ca5411d6de1afc92192b6eef1eb216d36c4
artifacts/closure/p47/P47_WINDOWS_BUILD_PROJECTION_STATIC_CONTRACT.json	1948	dae43a770d25012adcd80a7a16b082ac140fc802513d695e04cbfe2e16eaafa9
artifacts/closure/p48/P48_CURRENT_AUTHORITY.json	2341	cab2c33ba999955b5baaef01b88d635397113a9b2d205eea7e24811ed699d6f1
artifacts/closure/p48/P48_GITHUB_WORKFLOW_RUN.json	1909	d43a9a82c890a17fb45d8f9219e4109f62a23d262192e6d046b2050d17cf2698
artifacts/closure/p48/P48_HANDOFF_BOUNDARY.json	834	165b43c8a819f8e35400d8dc787ac9cfa277a6925c1fe6d10d3e5b742dee7c54
artifacts/closure/p48/P48_OVERLAY_PACKAGE_MANIFEST.json	1536349	50accb944f65b12e735891d6a3090d41a2a10a969dc9c24a9bb2e0411f9d7729
artifacts/closure/p48/P48_SOURCE_AND_PACKAGE_PRESERVATION.json	1872	d87014e9a7bd5b451f9aec561770bf75f226222413f5b37421dc1bd5f58b3dcf
artifacts/closure/p48/P48_STATUS.json	980	20287762730b1a01a5b4f327e117c109cb3e44f5d9364bb1ca72c296cabcc6ef
artifacts/closure/p48/VELMERE_CURRENT_STATE_AND_PASS_DELTA_LEDGER_P48_V16_2026-08-15.txt	25202	c2c4f41a86a50ba14b5577c339d67961d94f49eb6178f30be03e12953f671f69
artifacts/closure/p48/native-windows/GITHUB_ARTIFACT_METADATA.json	401	bfbb4d4e96a4ef7fcabb55d2f2cdc3e5eb79d47ec94e72c3959addfc217e581f
artifacts/closure/p48/native-windows/P47_A79_CONTROL_PLANE_MANIFEST.json	2204	72e6d0dd5b5d0287d16935ce25b704e23df1f129319b63185ef2ad9c40f6e252
artifacts/closure/p48/native-windows/P47_A79_CONTROL_PLANE_TRANSPORT_RECEIPT.json	3176	9c769478d74ba52e5b83524bc58f78d08e19ec9c2494d1b722a6fcf9f9a5349a
artifacts/closure/p48/native-windows/P47_NATIVE_WINDOWS_P46_A79_CONTROL_PLANE_RECEIPT.json	8664	6cdb42b47dd773a5c5e857adc225c875589bb9e98b1bf3c879a6501d72a97e9f
artifacts/closure/p48/native-windows/p47-native-windows-p46-a79-control-plane.yml	3320	d787c1c022c9c94987b74a2002568289dc7d7789d06605a603d7482c73a303ff
artifacts/closure/p48/native-windows/p47-native-windows-p46-a79-control-plane.zip	14664	51a4837c77304ac1764b18528ceb8ce40e70ce86bfae94442832c0a655f1d2b2
artifacts/closure/p48/native-windows/reconstruct-p47-a79-control.py	8061	dd31f1bc69f293afd376e851f00402b4a67f493c3fa5d807b85d147715497a55
artifacts/closure/p48/native-windows/run-p47-native-windows-a79-control-plane.mjs	9054	d1647546360eabb432d9757a259769024ec7f55a8eea6293ad8902b42209be8d
artifacts/closure/p49/P47_PROJECTION_RECONSTRUCTION_PROVENANCE.json	6337	03f7202e9767b3e43fa94e8ba479fbdf9688f3f18d99ca2631150cb8432ac9f4
artifacts/closure/p49/P49_CURRENT_AUTHORITY.json	326	c2c12a2598c8b59b24ba8b0147d8d137cdfc76d19c9e2c87cb92d71e643760ae
artifacts/closure/p49/P49_DIRECT_RECONSTRUCTION_RECEIPT_A.json	4851	841cb4ea3bbbe1872d60a36ac71a46dcb7e8f7096dd1fc4fd9398fcbfe54ed74
artifacts/closure/p49/P49_DIRECT_RECONSTRUCTION_RECEIPT_B.json	4851	27ffef9963c0ced2b556d58185c46dc9b87829550622acd88379a55d184c68d7
artifacts/closure/p49/P49_DIRECT_TRANSPORT_MUTATION_TESTS.json	2059	10deea73f5cd7ee9b23af5e847e407dc330ea774efa3d61f13811f563731f529
artifacts/closure/p49/P49_DIRECT_TRANSPORT_REPLAY_RECEIPT.json	1532	bf9e1ea4d98cb7170803b9f63c7fca9e5a71ab143ec6b0e9c050802166d53d40
artifacts/closure/p49/P49_EXACT_P46_BUILD_PROJECTION.tar.xz	2969244	8debabeb171082f5add911409f9636d154631ada86cfd3041f704082be8a58d2
artifacts/closure/p49/P49_GITHUB_BRANCH_GAP_AND_REPAIR_RECEIPT.json	1073	e976e0070f4d3692199f297e6b8f6787e3d328004df3debd80a7586562c5a1a6
artifacts/closure/p49/P49_GITHUB_BRANCH_PAYLOAD.zip	3104954	6d12de41968ee2c59979c5aad5cc311484b75a7ddf119961ecad34a4dba1d9a7
artifacts/closure/p49/P49_GITHUB_BRANCH_PAYLOAD_MANIFEST.json	3985	85ea38f016d78b34053c08ce5ced823ef606eb7c682c6cd320a04ded6260ee22
artifacts/closure/p49/P49_HANDOFF_BOUNDARY.json	834	80a622f4eaa14ab16aaa174bc54247b8d52834dc505f3c53dc72ca5a3718df24
artifacts/closure/p49/P49_OVERLAY_PACKAGE_MANIFEST.json	1752765	c9da00032ab0fba23ac405355f756bb8acd49b60bd13d8edb251687c8c26fecf
artifacts/closure/p49/P49_SOURCE_AND_PACKAGE_PRESERVATION.json	1115	b6b25a2edc0bedf79d07b416dbd3b06804fe2c36cbf994aa8cb18994998713a5
artifacts/closure/p49/P49_STATUS.json	1273	ac130b2253ba1272b668d9a0ef20349bbbed2c397658db9eeba0221e62027c43
artifacts/closure/p49/P49_WORKFLOW_STATIC_CONTRACT.json	1350	5aa8218777e6a7b8de32649f6d5bd6da5b5f44b9c7be746bc24772bd3e32bad4
artifacts/closure/p49/VELMERE_CURRENT_STATE_AND_PASS_DELTA_LEDGER_P49_V16_2026-08-15.txt	25839	ccd598b0095c3c62f6799d5fac6270e5779c3158cef4e1ede2b04d86785bdca4
artifacts/closure/p49/branch-payload/.github/workflows/p49-native-windows-p46-build-relevant-projection.yml	4952	8ae1ee62e5ae929c2fb3347a6634066c06b09822802651f6c52d09d53908826b
artifacts/closure/p49/branch-payload/p49-build-projection/P47_BUILD_PROJECTION_MANIFEST.json	302528	2a8a45acf4ab96827f636386edd06b1800c696b937d75eb81434a280c0a26b3b
artifacts/closure/p49/branch-payload/p49-build-projection/P49_DIRECT_PROJECTION_TRANSPORT_MANIFEST.json	6709	b0be014f6191437023cb4e598972043025d02cf658b05b29566e4c7920a1ad8f
artifacts/closure/p49/branch-payload/p49-build-projection/parts/part-00.b64	400000	1d25a9b0bc67084d937a4ec326b42d8b874f6db0a2abbf39bc6e6407e06f4a5d
artifacts/closure/p49/branch-payload/p49-build-projection/parts/part-01.b64	400000	f2e4799dea92837503edfc484fa6387249c2d2522631b991b3fc9dbd2cc90de1
artifacts/closure/p49/branch-payload/p49-build-projection/parts/part-02.b64	400000	84fed8bf01a13a1e109482c31f2a156b7f941f707d012c5c3138b891d0d0469b
artifacts/closure/p49/branch-payload/p49-build-projection/parts/part-03.b64	400000	42d93888ef78dca0f7ad1693f578098fce40337f712bf97f38c2682829471ec0
artifacts/closure/p49/branch-payload/p49-build-projection/parts/part-04.b64	400000	542f373a7148762ab752b1db34f4e6304f189028ed45060c4b55dbc6690c22ac
artifacts/closure/p49/branch-payload/p49-build-projection/parts/part-05.b64	400000	3dbeb885cdf1403405857fbade2b0aa5543d87d153666e947a060ae9f5fa792a
artifacts/closure/p49/branch-payload/p49-build-projection/parts/part-06.b64	400000	1dbf423a7759b7544ed90f208ab2425a2e4329530aa716ae138b03e7413511d8
artifacts/closure/p49/branch-payload/p49-build-projection/parts/part-07.b64	400000	405c18defe34aed83acd65ef7d335f28124cf24822f38908b47d85bf1a9ac2fe
artifacts/closure/p49/branch-payload/p49-build-projection/parts/part-08.b64	400000	8fb889455781a6a0d6f29a8ba15f568db93b1b783d14faf28541724c6c08cb68
artifacts/closure/p49/branch-payload/p49-build-projection/parts/part-09.b64	358992	56d7df9e92c10256685deb3932cd7d1a6586806a7ad7e0990e663804cda0a3cd
artifacts/closure/p49/branch-payload/p49-build-projection/reconstruct-p49-direct-projection.py	11574	793e8610630d5efbfdb0d472d103338590ba34a17950a1700f0f41e97c08bef8
artifacts/closure/p49/branch-payload/p49-build-projection/run-p47-product-windows-projection.mjs	14399	687b14858ec05972b97640e3943de1c779f3b7bcfbe819d9367ee9a9e2b3abe4
artifacts/closure/p50/P50_EVIDENCE_ADD_ONLY_PACKAGE_MANIFEST.json	2596	b025f41716963ab04ea1ff81acd4241573034c405a8ef3b8cac15216a3d51fed
artifacts/closure/p50/P50_NATIVE_WINDOWS_BUILD_PROJECTION_ADJUDICATION.json	1073	89b624fbe920fd957882210f320858b75280293cb0fd256ce9279aa61d71c7e0
artifacts/closure/p50/P50_WORKFLOW_ARTIFACT_JSON_INDEX.json	40	dd91a4062dc44985b31e3253306f5650242f295a49e5605cb64cbd691c7118c9
artifacts/closure/p50/p49_payload_candidates.json	9907	3b8af80c824162be808a5633174c6381bf0413d55142819d33d98589db8cb82f
artifacts/closure/p50/p49_payload_root.txt	21	83cad04061bee1089ba4fb6bb0a7a775f8657929c8e486fcc5ce63fab39585f7
artifacts/closure/p50/p49_payload_scan.json	5924	4acd285762eb11c802d2e81aebd5e2f378c1c2d9485ea5c89ff9a46652368982
artifacts/closure/p50/p49_push_exit.txt	3	5378796307535df3ec8d8b15a2e2dc5641419c3d3060cfe32238c0fa973f7aa3
artifacts/closure/p50/p49_push_status.txt	26	239b86647dcf44397271c313d06b764338e8924585b73554be52e7acbcdc1255
artifacts/closure/p52/P52_CHANGELOG_FROM_P51.txt	2641	f80dd9652cbe6140d5e62d15bc5348f951d24ea1f986665acf99e588d5d4dc41
artifacts/closure/p52/P52_DIRECT_PROJECTION_RECONSTRUCTION_RECEIPT.json	5022	70e380e04c7fc48b8c2c7c7236cc4a73fd7b8fed5c74166bd1a32e6c1f106e45
artifacts/closure/p52/P52_EXACT_BUNDLE_AND_PROJECTION_LOCAL_REPLAY_RECEIPT.json	852	4c3d0228b95be6b0e1e2efd394c682841a233e4cc63820d8df992861ce5aaa85
artifacts/closure/p52/P52_EXACT_P46_BUNDLE_REASSEMBLY_MUTATION_RECEIPT.json	4527	d8346215708ee693288806a13d63d261fd1808e7844b1cd1407f2bf7a1be942a
artifacts/closure/p52/P52_EXACT_P46_GIT_BUNDLE_SOURCE_IDENTITY_RECEIPT.json	1145	6e70275a466f05e0163406362ae1f71d6344066232df475ddd799438d05c8612
artifacts/closure/p52/P52_EXECUTION_ADJUDICATION.json	8358	fba53e191d90d89e2a51dd2a355cd15b8225831c0ddff1d551befb2776e0f380
artifacts/closure/p52/P52_FULL_P46_TO_BUILD_PROJECTION_EQUIVALENCE_RECEIPT.json	2664	89edbd5dfe5139ced071b57450b8f6df9d78a0bd185878eababbafc11fa5255d
artifacts/closure/p52/P52_GIT_BUNDLE_VERIFY.txt	157	b3a66fef311326ee46660e5142ad0bb67afe09198903ab7313148031346d587d
artifacts/closure/p52/P52_GIT_FSCK_FULL_STRICT.json	272	8bcd620bea074cc57cd9cabe83dc3e27f6505ae12acb62aad1c70b63bff18ca1
artifacts/closure/p52/P52_JSON_PARSE_RECEIPT.json	313	f276fe819e64a58bd185666b011c6a975d7d1a8f76253b4f9a0cea34bd9cacd7
artifacts/closure/p52/P52_PACKAGE_INPUT_IDENTITY.json	775	a4f4b9215a4310d78d0491feff047a49c678b2f0b219bf481295cb0c521cd36e
artifacts/closure/p52/P52_PARENT_P51_BYTE_PRESERVATION_RECEIPT.json	878	57a6f73efc26efc487ab3152fe4e0fe2540e055ac9178e237d80823b98707333
artifacts/closure/p52/P52_SECRET_PRIVATE_KEY_SCAN.json	1302	1f989d23f0b45ac748bab73265bf354073cf391bdd4eb028ce94d83a5478fafe
artifacts/closure/p52/P52_TRUTH_BOUNDARY.txt	954	d42cf4af32609190613f42c107b555f30b06025bb7585ea147a0b678c072ff5c
artifacts/closure/p52/parent/P51_PACKAGE_CONTENT_MANIFEST.tsv	905147	b3ffbe3f66fdbec7d35cbfe5d4af0485920251b92390e8e50024e9c73cdb605a
artifacts/closure/p52/parent/VELMERE_CURRENT_STATE_AND_PASS_DELTA_LEDGER_P51_V16_2026-08-15.txt	7235	9b3948a9bf52b455831aebf9604174cd19f16c31c910716480129bac3ff06ef2
artifacts/closure/p58r2/VELMERE_CURRENT_STATE_AND_PASS_DELTA_LEDGER_P58R2_V16_2026-08-15.txt	5609	1833ced1d676dee0e5a08bdd0326fdb5ba546a1fad101a736a3b09d19a0a8be1
artifacts/closure/p58r2/VELMERE_P58R2_DIRECT_EXACT_P49_GITHUB_ADMISSION_PAYLOAD_PARSER_HOTFIX.zip	3213700	2e538feba4d405e624efe7c95bf9099c63530f113ade1e62ab25d91d3e41727c
artifacts/closure/p59/artifact-extracted/P47_EXACT_WINDOWS_BUILD_RELEVANT_PROJECTION_RECEIPT.json	10782	e8ff92c2104d3b55136794e42b6eb5ea9068c0a67046b3005fe42edcc5d110d5
artifacts/closure/p59/artifact-extracted/P47_NATIVE_PACKAGE_PROBES.json	2008	14ddf72103eacebeee6e7e036163cc5358dce35fce63b783d84d04ebba7feef9
artifacts/closure/p59/artifact-extracted/P49_DIRECT_PROJECTION_RECONSTRUCTION_RECEIPT.json	4748	d7bda87f1d17858633b87555901d7db1a331182ce9ae14da474bd9539193b3f5
artifacts/closure/p59/artifact-extracted/P49_GITHUB_WORKFLOW_BOUNDARY.json	889	cb66c191c6920ae4510cca36652d56c8a1750a7b93b40c0b5a4f2f5a144aed7e
artifacts/closure/p59/artifact-extracted/logs/01-npm-ci-ignore-scripts.log	237	a188b485517fd1a1a3dc5143bc5260d972aa00ef1eaf2d524bc9fc94d30a8e77
artifacts/closure/p59/artifact-extracted/logs/02-npm-ls-all.log	63798	136e937300692b0367b4d2fe37e704dfab037a678a59254e98ac0102fbacaa4f
artifacts/closure/p59/artifact-extracted/logs/03-typescript-semantic.log	48	36afd031e16c17181599fe39a20e16d30309b07c811b5f6ceb913771bb6ed6bc
artifacts/closure/p59/artifact-extracted/logs/04-eslint.log	48	36afd031e16c17181599fe39a20e16d30309b07c811b5f6ceb913771bb6ed6bc
artifacts/closure/p59/artifact-extracted/logs/05-next-webpack-production-build.log	1524115	8b366cea1016578d76bd818c208712930a1088fa1bab4c58030b0f6e7bc7cc8a
artifacts/closure/p59/artifact-extracted/logs/06-next-turbopack-production-build.log	6221	8a63a5a09e42291738f5032da3b7b0eca75e36fd17cd89f881180b91e22ae682
artifacts/closure/p59/p59-native-windows-exact-p46-build-relevant-projection.zip	1614548	b5250808dab984b38c64f663b9590a3bad18312d8e0661e80c5c35e8a93c6797
artifacts/closure/p60/P60_EXECUTION_ADJUDICATION.json	12143	0013be3295ff06a0eff188aae3d9abfe317cca8c8f44a5678481a197de4d2feb
artifacts/closure/p60/P60_SOURCE_CHANGE_CLASSIFICATION.json	4279	1a39a71686efd64c1d024bbd4306414ec2f75ad4fbb440c4372dacf812426348
artifacts/closure/p60/VELMERE_CURRENT_STATE_AND_PASS_DELTA_LEDGER_P60_V16_2026-08-15.txt	27082	1043c45338c46eb438411ea72ba297a129ed6d076bfe848be448252072d71e56
artifacts/closure/p60/control/.gitattributes.p60	30	06a7379ff5e7b35099922f53e82ff2d2a2ed077caeba4c99cf7eb211497eaea3
artifacts/closure/p60/control/build-p60-reconciled-runner.py	13408	b1ebefec74d5c1d50895c01c9092d8e49fde46314eba1f3cdd41e4f570d9e433
artifacts/closure/p60/control/p49-native-windows-p46-build-relevant-projection.yml	8371	79a6d4c3ed1521c9d0edc035107cc95618433c50bbf684290ff79766bcbb9a89
artifacts/closure/p60/control/run-p60-reconciled-windows-projection.mjs	18911	805d80391fd2b4def259e896e1aadcd3b4bbe130c6374a5bc28a00f760abb6d2
artifacts/closure/p60/lineage/P60_CHECKPOINT_LINEAGE_AND_CORRECTION.json	2740	ff0e0b0b2edd6784048bd4c8fc45e7dd9e1dbe37dfa698e3d56b29a2e593dacc
artifacts/closure/p60/lineage/VELMERE_CURRENT_STATE_AND_PASS_DELTA_LEDGER_P52_V16_2026-08-15.txt	31511	8f6f17a01bba8bce5966f26fd81bcbe40c6dae43ae51d3ab62f9062a1c10227d
artifacts/closure/p60/native-windows/P60_BUILD_OUTPUT_FINGERPRINTS.json	2090	0d6ba95718075ad7973eae482b7e3fb01ccac63c114500613fd0e519754b5f33
artifacts/closure/p60/native-windows/P60_WEBPACK_WARNING_ADJUDICATION.json	1372	c06606e3cd67742af63007810d67c0c698b08abac4851223ca8445351c3d16f2
artifacts/closure/p60/native-windows/artifact-extracted/P47_EXACT_WINDOWS_BUILD_RELEVANT_PROJECTION_RECEIPT.json	14058	e936487b533fdce111f28b91192f549aa456cf2c86533e1f5c2ce95518afe805
artifacts/closure/p60/native-windows/artifact-extracted/P47_NATIVE_PACKAGE_PROBES.json	2008	14ddf72103eacebeee6e7e036163cc5358dce35fce63b783d84d04ebba7feef9
artifacts/closure/p60/native-windows/artifact-extracted/P49_DIRECT_PROJECTION_RECONSTRUCTION_RECEIPT.json	4748	d7bda87f1d17858633b87555901d7db1a331182ce9ae14da474bd9539193b3f5
artifacts/closure/p60/native-windows/artifact-extracted/P49_GITHUB_WORKFLOW_BOUNDARY.json	1118	69df583e2ab75bd7d696c88beda555addb3255294367298285f045f0e26e9496
artifacts/closure/p60/native-windows/artifact-extracted/P60_RECONCILED_RUNNER_BUILD_RECEIPT.json	1484	08f62806fcc946426cbade9579a4be0ab168dcc9301e867ddbfabdcbe8e7609b
artifacts/closure/p60/native-windows/artifact-extracted/logs/01-npm-ci-ignore-scripts.log	237	ed95c1d47799898592f7621945d2de14c8e6a7dccab2152f01ab4c31c5719768
artifacts/closure/p60/native-windows/artifact-extracted/logs/02-npm-ls-all.log	63798	136e937300692b0367b4d2fe37e704dfab037a678a59254e98ac0102fbacaa4f
artifacts/closure/p60/native-windows/artifact-extracted/logs/03-typescript-semantic.log	48	36afd031e16c17181599fe39a20e16d30309b07c811b5f6ceb913771bb6ed6bc
artifacts/closure/p60/native-windows/artifact-extracted/logs/04-eslint.log	48	36afd031e16c17181599fe39a20e16d30309b07c811b5f6ceb913771bb6ed6bc
artifacts/closure/p60/native-windows/artifact-extracted/logs/05-next-webpack-production-build.log	1524117	d1d3bd33b88003d0228c0dfaf2803179bdcefd911f5c38f398c696ac71b5fe33
artifacts/closure/p60/native-windows/artifact-extracted/logs/06-next-turbopack-production-build.log	6219	78dde08d08d50f36240e1ee809d9ce61a27939b29759e3be0da54f4dfafa5a75
artifacts/closure/p60/native-windows/p60-native-windows-exact-p46-build-relevant-projection.zip	1619709	34a1c048f2e62436c587d367d256a5ca1abd6e512430626cdfd533c5290133fc
artifacts/closure/p60/package/P60_JSON_PARSE_RECEIPT.json	204	0f3bb9f328c0224e77ead02beedaaad1f0a927a4a6d8faff9341625ad69ff116
artifacts/closure/p60/package/P60_PACKAGE_CONTENT_MANIFEST.tsv	913494	0d7e21424f56452cb0bfe4cedd6aad1bc06f2b75a046f15a794dd0b3ee26b80c
artifacts/closure/p60/package/P60_PARENT_P52_BYTE_PRESERVATION_RECEIPT.json	374	d469f4dda66363b335a854bedee7a044febf6319336a684fa13f91597ee6e7e8
artifacts/closure/p60/package/P60_PREPACKAGE_CONTROL_RECEIPT.json	1132	7e66e2fffaeb52775d66d2a4cf9aea485e228c79f1392aacede0788ce3c1a61a
artifacts/closure/p60/package/P60_SECRET_PRIVATE_KEY_SCAN.json	35876	e724a1487eebede5e60a5703c70db7e7a74ee61173af656e4fb983ace1833e4d
artifacts/closure/p61/P61R1_EXECUTION_ADJUDICATION.json	1695	912506d0322561f8ec0fa51b531df998e800454257462e07fce82b4cce34f5be
artifacts/closure/p61/P61R1_SOURCE_CHANGE_CLASSIFICATION.json	1627	2414bb3ee43d598c7b35bc7cafea9f8962fc3034d3a32cefa5ab586a2475d5ed
artifacts/closure/p61/VELMERE_CURRENT_STATE_AND_PASS_DELTA_LEDGER_P61R1_V16_2026-08-16.txt	30742	34b8a2be580bcdcb2c38505e275d52b23e20023ac371225666d2641f8b39aa33
artifacts/closure/p61/control/p61_browser_tier_blob_physical.py	5685	6a007d8e11352491298bf3c366bf0c5d5631803d1f78c292dc2c749fb3f6e02b
artifacts/closure/p61/control/p61_pdf_set_once.mjs	1125	341ceceae6853a777ce6ad52197a484ab4c14db09371cf0429de148b260b65db
artifacts/closure/p61/control/p61_targeted_pdf_qa.py	5282	e705f4a46c9bd43ebaa6341e69925fd6a50c6a075a0dbb6308ae78c4786c553e
artifacts/closure/p61/lineage/P61R1_LOST_CHECKPOINT_SCREENSHOT_RECOVERY.json	2499	d3384a020ddd648b4ed317d7f0dc389aabab554c1d9ff60e545ca27352d3117b
artifacts/closure/p61/package/P61R1_JSON_PARSE_RECEIPT.json	355	3bc4ccb722fb2a1d4c6cfd1eac57adc092806c97b6db61533f268c7dd02101f4
artifacts/closure/p61/package/P61R1_PARENT_P60_BYTE_PRESERVATION_RECEIPT.json	553	8665e4c9fa50dc81022b9b2846e795d3061fe1dffc14ea42e565086a74584435
artifacts/closure/p61/package/P61R1_PREPACKAGE_CONTROL_RECEIPT.json	856	c0a348c035fced6f162c32cd42adfbe176d991b4ffa0452ce48d85bbd08f0316
artifacts/closure/p61/package/P61R1_SECRET_PRIVATE_KEY_FONT_SCAN.json	1018	44856e21023d753ae02b6f898167580d0d0a97fb614440aec1c19f8a6267d048
artifacts/closure/p61/receipts/P61R1_BASIC_PDF_PREVIEW_BLOB.json	630	740130325f4e5c2ca1312b819411d1240b1b236b5c15a605d1eb9c3847c70ab2
artifacts/closure/p61/receipts/P61R1_EXACT_MANROPE_FONT_RECOVERY_AND_BOUNDARY.json	1939	f586c04c79ea318d768b8e4bf5835f41a134a0f893f03e05b47680f9b7ea2d61
artifacts/closure/p61/receipts/P61R1_EXACT_P46_PROJECTION_VERIFICATION.json	1965	fcd83d142a5f988f258dac7d82df85b337ab8bda38fa8e2111dfc3b002175490
artifacts/closure/p61/receipts/P61R1_RENDERER_CURRENT_BYTE_HARD_GATES.json	1893	f2422b63819b9526dff947a5c84613cdc92d3124ff0d26492c12fff838062042
artifacts/closure/p61/receipts/P61_BROWSER_TIER_PHYSICAL_EXECUTIONS.json	7490	203ea952acaa88d87c08c87262676457da4f4ec75f5744e85a4c5cb18d9b9f3d
artifacts/closure/p61/receipts/P61_CURRENT_PDF_REPLAY.json	2697	250fa6e59860862a1c0c86935972d48d2f58cb20d2cc81fab4d40d8066bbb370
artifacts/closure/p61/receipts/P61_TARGETED_PDF_QA.json	8288	68dcde640db8e718853f3d929ad8bdfe7a5be69c25c6282d6ab30dcc4cf57491
artifacts/pass13/PASS13_PARTITIONED_ESLINT.json	788693	0e1bb1c89a4ad6985afd4c500adf05c73931cc83d8380a3a1ac57e12b44c627d
artifacts/pass13/PASS13_PARTITIONED_TYPESCRIPT.json	291781	f91a37a07937abdc6763aa51619c304b674f46d4c4f134c65e5d004ee242af09
artifacts/pass35/a45/PASS35_A45_BROWSER_ACCEPTANCE.json	377474	3665f49ddd89f012fa22b12dde69bc033fb27db28b07134813f2d23023d38eda
artifacts/pass35/a49/PASS35_A49_STRIPE_TEST_PAYMENT_ACCEPTANCE.json	8487	929160f7e9f877b65fa00aef7b8fa8b00da0356e4778e030e4488bd70a37a517
artifacts/pass35/a49/PASS35_A49_STRIPE_TEST_PAYMENT_ACCEPTANCE.md	640	296b9fb6695a89bdcba245ec1da900f8f5fa6463511203425c847cd847b8e7d1
artifacts/pass36/a81/PASS36_A81_CANONICAL_MEGA_MATRIX_RUNTIME.json	5600039	5f99e859df18a8b17508005ed1bfea7318f4632c30fa1b8c24ae63b39771e341
artifacts/pass36/a82/PASS36_A82_FIXTURE_RUNTIME.json	539784	d62d9b6648169b2ff9af60abb358ed2c2f3c0f1fb9eb1a4fe81b4d27f1eb700f
artifacts/pass36/a83/PASS36_A83_BROWSER_LENS_PDF_CORPUS_MANIFEST.json	2443040	aff8898b602973e7fedde6282d993a02be11388a301d5db88d0fc0198992b284
artifacts/pass36/a83/PASS36_A83_BROWSER_LENS_PDF_FIXTURE_RUNTIME.json	1688	625a2e083339801d64128765b2df39c63db2a7cedae8b1142d935684dee0bb28
artifacts/pass36/a83/PASS36_A83_BROWSER_LENS_PDF_RASTER_QA_RECEIPT.json	1464474	80671ce98ff7cbb8a7b454bdcf1d1a84c57abf78b7d6daa6a6d633bbc8935670
artifacts/pass36/a84/PASS36_A84_SHIELD_FULL_CATALOG_RUNTIME.json	10324243	1c10ffb21ce2e31cf0b7d4e9bac7ecf8fbe8bc01df52d6bff38df816b7eefe82
artifacts/pass36/a85/PASS36_A85_SHIELD_PRO_MAP_FULL_DEPTH_RUNTIME.json	1958244	551b34089a3f901b5919da3684b8bda199ca7d160acafca2e0606b2d210823de
artifacts/pass36/a86/PASS36_A86_REAL_MARKETS_CROSS_ASSET_RUNTIME.json	10496508	ba53032416a198f5525ad470ce18344520b44a674197716729499c03a353d88b
artifacts/pass36/a87/PASS36_A87_MARKET_IMPACT_WHALE_RUNTIME.json	7702593	db95479c5d3ecde7f369952e05e51952700e200487e4e4f4261717666ac58ce8
artifacts/pass36/a88/PASS36_A88_BRAIN_ANGEL_RISK_EVAL_RUNTIME.json	1306165	49a773d345eccc3230faddc0c700e5062e7cdd0312745eea38d8634c2f3eb2d7
components/CartProvider.tsx	9982	d5ebfa80a740a10bc55788251c54ec596a43284e83efef51d871b0119b6656ff
components/CookieConsent.tsx	7308	69191ed75f829a37e4bc3d33060ab8a7138e241f7363989736c402fbb7f6ac6f
components/Footer.tsx	9468	9f3db99c61c84e0077c693a52eb59277d0e4b82719ae11a6b5642d10856e665b
components/Navbar.tsx	43497	5527a001b009a8058ef8e2ab2d18470b905f74e8c73244ac27d0d56d7c6fd56c
components/PageTransition.tsx	1773	c0eb5548cd0f114789c876b0c05d154d672f1da81c53000a3fc30ae24aeaa15c
components/ProductCard.tsx	60	abe90d711d3d7e2061a23038a570b06c14bc88522381d724de7b71605481863b
components/account/AuditAccountMessagesClient.tsx	30157	3a6e75ed37ee540903a358b9a07e7badafafe2bfd92c82237bb4f1d57206ab04
components/account/AuditCasesPortalClient.tsx	52693	af000e83fbd6e78c4e8150ac068e033f6b8c18fda1e15437de4821bd8c5b9af3
components/account/MarketActionReportsInboxClient.tsx	194349	ab6779b7a07f9b2ca5ff3915ef767b6391c4d67deab7c15d25137f77c425dbd5
components/admin/AiProductCopyButton.tsx	4919	ea4456f1e42cf321e0d186121684a7d601581d81e83414a7c9f845363457967f
components/admin/OrderAdminTimelineConsole.tsx	32862	c1ebe12a03b93e4947f02ebbed6bf1f3bf596b6ac60e21eaf34c2d98a5ac14de
components/admin/OrderProviderFulfilmentRetryPanel.tsx	23587	7ad8ebe7357b80e50432be668a858ba8d0c20dfcfda43a24268ce03a152d98e6
components/admin/SecurityConsoleLockedPanel.tsx	3888	5868840b3e4cc5e40194e256342afdd8446a582249bf008387e969e341a78814
components/admin/SecurityConsolePanel.tsx	15158	73c854399806047ada08c94b6ff233df96a5240a19049acf916d3af119a922ea
components/admin/VlmProductBrainEditor.tsx	52076	4b40a1bc8b827d914b08be4b7d2e290e7799179f3a66ccb6d7768055b8180a09
components/admin/VlmProductCustomerPreview.tsx	21384	aa594adc2e863032c1acf2aeabd6885d2d1dc7d5f537576ab706ea390f6b9830
components/admin/VlmProductPublishDecisionModal.tsx	34185	ebc604b55f64dedf282865e21f9aaf33ad6331dd603399957634dc366f4fb888
components/angel/AngelPanel.tsx	17912	468f04d284a3f2aa59b3bab052fa2e59701615c5c03914cf25ca9aa0e68ef5c9
components/angel/AngelTeaser.tsx	2953	db4c2e88522f775da063c4ed943c2bd0467402050929ae964311cee8c36f4080
components/atelier/AtelierAnimationLab.tsx	16268	ab8d9d4c4eb3b2415c9df6119fa3591135359b675d330c17986156f929916185
components/atelier/AtelierInteractiveGlobe.tsx	13820	3bbf64e72a278a1b40394500de7c9daf35bc27ed4d515d13779260fa8ee13918
components/atelier/AtelierNetworkMap.tsx	13499	51d991e3d47176f9a3c66ea143159de6b200b2397a4e32a4dbc38eb17d437623
components/atelier/AtelierPage.tsx	37598	a2f181d14d18979c8825f39eed4c08275080134a7103322a98759c2032001d5c
components/atelier/AtelierThreeGlobe.tsx	44926	61b66c906bf2e1144cb5689ac7e478fcbd832285d7ba102153a08bd6cc1f2eba
components/auth/AuthFormClient.tsx	19118	dcf7e8ffcf14b140611cb11ef0079dfa46eed49182da628eb24faa46dcdf8c60
components/auth/AuthGate.tsx	13628	8be41fbee9a4814097397ff6e4be2264f3e493fe3333399f1ef198afcbdcdb00
components/auth/LoginSecurityVisual.tsx	9198	a0afb015a423bc14a63f997153791e1a4329317c106254384166a22148448243
components/cart/CartGuardStatusPanel.tsx	6378	db39df0378b188df05bcff783fa0dc7a9ef5b79a0677200d99aaf253034e4312
components/cart/useCartCheckoutGuard.ts	7492	194ec61e661cc571ccaaaae4ef8f681c8a5b15285fae116bedfcf1e504cc83d7
components/checkout/VelmereCheckoutFlowClient.tsx	59842	95f66d47ca84ac9614f632bd90032ea0081c3e7ea70e5d7cc5a0be96802a3c78
components/checkout/VlmServiceCheckoutSuccessClient.tsx	24910	e294360e2941fa37c760c2219b263e063399ce99ac8fab92b2fef17392ca4597
components/community/CommentThread.tsx	10478	f6e7287b9f8d79df526133d4e3934d9251e52359d9b4fa09fffbe08984254b0c
components/contact/FloatingMailWidget.tsx	14911	5aa6b8669297c4ac447c1e495c762dba2437b65258f9d2b73fb633d691c2aaf3
components/dashboard/DashboardClient.tsx	30645	e2fd8288f86d2f498f12fe91a6e5494bb2275bdc0d1e4983c45dc530cc9a80bd
components/home/EditorialFeatureSwitcher.tsx	9617	c1cf1a8cea1f3ffcaeff258709452b350d5052a77f9200f97373233222ecfe30
components/home/HomePageClient.tsx	34490	35a9a8632f6bba3fbd9c9c59fc910262d8d8ae297f9acdbc45821561ea3560e0
components/home/LuxuryProductCarousel.tsx	7465	3b6e10a229c8ec93f310fb92b334b58522c4d426d14bcb79168c815f32808316
components/home/NeuralAtelier3D.tsx	9192	ffc578abcdf33919d89cffa1fd1bfaf5d4235dea8e91d806d1fe841c622feebd
components/home/NeuralBrainVisual.tsx	14749	644390c4f24259ff700558553c031125f4a7175c001de279305be791504bcffd
components/i18n/HtmlLangSync.tsx	419	945689388aa224ec834cc754649ae4edce808b432d486f626027caccf82c5e12
components/i18n/LocalizedSkipLink.tsx	706	6f81299954df82d0923d32b783e520a808f4ed5ec6243af2bdbb0f81e41c0229
components/intelligence/AngelEvidenceChapter.module.css	13442	6f9c8cc92f688b7aff15f0655e6473ab7643b234dcf720ea82e4a49818e93633
components/intelligence/AngelEvidenceChapter.tsx	7458	988a538bcdd5ced21e77a1d7bcb58213c4efbd155c160f91c78d1cd0f5006a32
components/intelligence/IntelligenceDepthSections.tsx	21757	1fb3d802b4a77c9e8038de166bf11393746cf37136896e62a81e8304f0fda7f3
components/intelligence/IntelligenceFlagshipSections.module.css	49463	5b0ad0f8daad29ab874bf018d892292a26e69f841671ae9c25ccd89b461d3d6f
components/intelligence/IntelligenceFlagshipSections.tsx	26836	256c051e71df783b2f1d460cb42529630da396f225462d7ef6865007b9317a69
components/intelligence/IntelligenceHero3D.tsx	13189	4f46ce412ec3ce8b10237a6a57b4e3782810693f2d7f56b6224c1fdfa98a1d19
components/intelligence/IntelligenceInteractive.tsx	18935	ac64555a06d8d6d81a5dd6a3557ea5926ac8a0fffe695abe30e7f18d58a7b0db
components/intelligence/IntelligenceLuxury.module.css	115356	9e593fee9041afd6a288a9430ed66242b83bdec497f6f0f6b8f9205aab3cc739
components/intelligence/IntelligenceMotion.tsx	24759	66b906e5782ab17ed284c26f96e1308e3dbe664ed6c513ac243340d318f7aec1
components/intelligence/IntelligencePage.module.css	114191	f854fb0211298d07f0c8b1d49b004959f155cb4a7b8555f22284fa08ba5e9bb4
components/intelligence/IntelligencePage.tsx	68669	064b8d96a3712a605c14fc6d5175bf6af60a41b8312cb9d6e41f72b8fd729594
components/intelligence/IntelligenceResearchVault.tsx	10340	0fbacc5950375ada35372623e02abfb9242a3dc89cacbacc8bf5319f31a15291
components/intelligence/IntelligenceVisuals.tsx	5331	f1492c914857f1b8caa65efc143a11aa983028694ffdfa1f38d66bc7fe55c61d
components/intelligence/RiskMethodologyModal.tsx	13830	d038dfbaee856c94fdf170f8f544ac5df1233d8b5c3f8210ad0cc7d5f8cd194c
components/lab/VelmereMotionLabClient.tsx	29646	ad2fe600dd0e61215bd31409e62200e056b1f06155c4fe14d279f780ff693bba
components/launch/AccountOrderEventTimelinePanel.tsx	5953	3676b700563cf836ddc5e08bdd07423d04210911a0e1fe6a357a6d2e3d35a101
components/launch/AdminAuditPersistencePanel.tsx	7535	664fd3a4964b0ec9ca690c22f2bcf28a829f11ea136857b8d2ad48befc9b6b3f
components/launch/AdminAuditWriteApiPanel.tsx	7833	0583c1995901f313eb3b463aba28ac579fdfc92d8b42d502b32ca2af20ae9d6b
components/launch/AdminAuthSessionGuardPanel.tsx	7424	985fa8400bc4566faee1288d6c1405a771b4b793946daa242fe8bed7f4fb7735
components/launch/AdminIdempotencyStorePanel.tsx	7412	a500f2d58532fa7c059833629a5e011396430f39993573e382b54c9b5c6117f8
components/launch/AdminMutationAuditPanel.tsx	7980	b5e45c2c1a6cbb561b31bdda81b59a6372c1cabbc3b448c7e9ca08319c1bc25a
components/launch/AdminRouteGatePanel.tsx	6539	b0fe0d45a0a0c9a01f52999f5adf8465c8d5d9d4b7a2666e3914ab5fb1100fdd
components/launch/AdminServerAuthContractPanel.tsx	6306	70a6ac8044ff5303c583240ed376c09ad5d265880341d28ec4a7f5e6be1e7587
components/launch/AdminToolsLockedPanel.tsx	4230	f51a5ea020889f6e9971ef8a97a32b42ba5fab443c81fd120db7edb5156810cf
components/launch/CustomerSafeExportBoundaryPanel.tsx	7370	dada4a45ec1358f423ffa06193c2e61c7a1a79442e9394c050d5746da699a0d3
components/launch/OrderEventLedgerPanel.tsx	6584	556b71f5ecac1e1059da7cacc2b6cc362205188be50be875fa3a6aa14571bc1a
components/launch/ProductionDataBackbonePanel.tsx	9369	b659b6f76a82209787e1d9d9dfe5d77bb8d046a29918d159442f5de950bc58b9
components/launch/PublishPermissionGatePanel.tsx	6390	0126e991b2baa8bccc77cc43cf6a2d455c185903035ac32918917b67e6bb713b
components/launch/PublishRollbackContextPanel.tsx	7440	e12f0c9133ca06335abe8f4ef0c9af2609baa3cb32165f1f69b2066ea3178d06
components/launch/SecretRedactionPolicyPanel.tsx	6265	0b6d03c30fdf2aec2cfc4f0e46d1c5a24efd321cfaa4e59b887d4c3d12677af2
components/launch/SquareVlmLaunchControl.tsx	6580	d376e1b58b0a74a798f6faa095bb6ef6c0b5390f80bc9642e290f948c0e3e70e
components/launch/StorageAdapterReadinessPanel.tsx	8158	52dde6c308c93fbbf8794a0673dd4aaf2660b3aed097a9627af2f63c5a756a81
components/launch/SupportSafeTimelinePanel.tsx	7179	50500db86385ba1fdd822cc1e72fddd2bd3297a1d7fe4045f58b283f85296a18
components/layout/LuxurySection.tsx	705	758440e3abf1eda14ef2695e4bc2a27d7299ce57264fc68ef5f7dbece94d32cd
components/legal/LegalDraftPage.tsx	2385	4e61831892843155ff9590ab64ada93f99ef790eb95978c4af0f8e47e06c5251
components/market-integrity/AssetDetailModal.tsx	313950	db04446ba38a35483cd54a8bd4d75593c0680d2066005dfb0b49449dca90f2b2
components/market-integrity/AssetIntelligenceTabs.module.css	26882	bde32e54ed1c61e9ad48b07dbb1fddfb12e44ae5029601951c68234573bb9439
components/market-integrity/AssetIntelligenceTabs.tsx	40340	548fa5de9566fdcd9a9fae25be2e5c26c3122d594428504cfb62a3f2751bacc4
components/market-integrity/AssetLogo.tsx	6193	41f2c77e4246b2ec8e1b957069a0f66f076ab355427af1e11745843515b03c9a
components/market-integrity/CrossAssetCollapseRadarPanel.tsx	256883	bfb173a0cdf232fddb2f788eabff51e6e548b95a2515e3a61977f7cae774d3bf
components/market-integrity/MarketIntelligenceSideDrawer.tsx	30596	df8349f66763430ca5f0984380286609340df4a3ba8b5ed4a0d84d19856f0f68
components/market-integrity/ShieldMapCommandClient.tsx	115836	609f58464f0360c455d5e1f12d146c78c75f2e42c35cfab54b76f3e79a917c01
components/market-integrity/ShieldProCleanTerminalClient.tsx	58342	03ecb26072e57e3f7eb7e11d585d46a182f4a332fb7a7f7560e03d60d0ea83ea
components/market-integrity/ShieldProMonochromeGlobe.module.css	1448	6c7ad06b8a2bc01ca6791c9a3ddb9300e79e80cfc49e47beda509d2bb7257a2a
components/market-integrity/ShieldProMonochromeGlobe.tsx	9856	feed49d1ee0a0caba83a4fa0ead465f92f4a5b271e794a27a1deb47157bede33
components/market-integrity/ShieldRealMarketsParityClient.tsx	83327	dae09dc3b949a754f07ba06b316dcaae847a68236d10123e50522b213ab803ca
components/market-integrity/UnifiedAssetAnalysisControls.tsx	23926	78d5adcf2bd1d0576133660d31ecd9057c171a5e7b2f41fd19241b3192449044
components/market-integrity/VlmBrainWorkspace.tsx	17066	665199b7ebff669c1cc46f5785db295b4621c1db5dbfd9acbedd860fefa97e0b
components/market-integrity/analysis/AnalysisTab.tsx	31122	5290524cb06536025e68f0883ecd27896c93f8dd3cec3601cb7d9f36d18032c1
components/market-integrity/asset-detail/VlmNeuralBrainCanvas.tsx	9547	b8970db8e869bca858988eec0909fb28c99e58c21f41686bf1f1f689971ba701
components/market-integrity/asset-detail/analysis-contract.ts	2126	575b1a0911ce378f0488c3678fc22b343c45a850d4826c536dc6d62845744647
components/market-integrity/asset-detail/analysis-model.ts	19054	316b65e0940f0eabb418edcf8752ff0a13c51e8ed8ebb8dae9c99d9917145847
components/market-integrity/asset-detail/chart-model.ts	11656	dca0f7033fedba758608e197a7105678defb577a8e09376d0eb1748d689e5825
components/market-integrity/asset-detail/chart-provider.ts	4372	4bb6fe7c42043e1359e0b25cca026b4719106db4bac50d38065bcc8f0254fe8a
components/market-integrity/asset-detail/chart-runtime.ts	6686	31c1e0dc80d4ce9c9548b7ce2d8fe1a11ba9f27c8049d6b89093b2f2d063c9f6
components/market-integrity/asset-detail/contract.ts	1360	21afee3dfca161bf135feb4b6f2d642f8f4299a35296b2515b02f4648c706dc7
components/market-integrity/asset-detail/focus-trap.ts	1791	d9a13025fe6b9c7f093e20f3b453840e410907256eb1999dfc8ba31d58f7c0c5
components/market-integrity/asset-detail/market-intelligence-client-runtime.ts	31888	bbb5775b0d417f7a34a55d54fe94b248a1322f4f543ce23959b0c3a38f72c336
components/market-integrity/asset-detail/modal-runtime.ts	2207	db82d45214ea4856297d6f4c2577a03d32999899eb885480b212c477a55ebdf9
components/market-integrity/asset-detail/network.ts	4245	6784c710aaf08df92fbc33a13cfd30846e495911c927ab9efe70fdd9aec22f8f
components/market-integrity/asset-detail/paid-access.ts	13622	a2f1b80662dc3edac91f9b08905538e076aa21feab247a81619e78d1ca30336a
components/market-integrity/asset-detail/visuals.tsx	4842	074aee18bf62bfaa4ab60786d31a18c4025a0524aa812122dbd51a376292b5ef
components/market-integrity/live-truth.ts	2457	00a5a7c45b38722aea482be90d7959ef0edc75954bd08ddb6e4cfb18909b05c1
components/motion-atelier/MotionAtelier.module.css	21645	33ba218ae0ecfde92bf29b84da6fa008df8e8e4d39ebe67c478df468c57ded38
components/motion-atelier/MotionAtelier.tsx	10797	65fff4e853b43103796da5e8c935af7a8f47d772e8c41dc4360150ed35e0ec2f
components/motion/VelmereAnalysisMarks.module.css	6190	ef592889d88693dd451a9718694ea1f44aa6a2df099ddb244fbc6e5f87e71263
components/motion/VelmereAnalysisMarks.tsx	2256	187ceadbf93e97b04d03d62fa2a5cf42fe71a0ea4a4d72c0e47823a47dcb9257
components/motion/VlmAnimationLab.module.css	1470	8609b320b5e853463332881b278bc4dc6a17f40486ecc490a899d32520a74468
components/motion/VlmAnimationLab.tsx	1988	4052ef27d9522abdbca4e70dbbc1318bd63c5ac993ecfe3bc5564d2baa58bc7f
components/motion/VlmMotionScene.module.css	4189	20a39769329f952ea2f980ae22b3615cd0e4b55446740c7b6b2ef11a28641837
components/motion/VlmMotionScene.tsx	5894	e5dea1b8f7bf2c87b2008bb8cdb54d53ca97855cd672957f4fc979dd88823cb1
components/product/ProductCard.tsx	14743	c14a9a0d4e31d630b6edf3299f02857e4a5d60625dde87b4663dbdc5af9a2d98
components/research/ResearchLabExperience.module.css	15023	b62e8f5560eef23dc551ae84f23e83204501be703d6f4dcd7ac8c0e157271d18
components/research/ResearchLabExperience.tsx	14163	9f3f5e2557ee5a6d61aa71a4c2a80ba4b26ad1cdc54019ea2b7c4dbbfcf1ca83
components/search/VelmereIntelligenceSearchClient.tsx	254984	1f5ba5e5406e93105493afca8d160f35a0cb84881edec70a4cd8c1b4e59da947
components/security/AuditPaidPreviewModal.tsx	11151	f78bf13d7ddf6297b61615095abd154988ff63d5e4cc92617ba58827d1bed73a
components/security/CustomerSafeAuditReportPage.tsx	10752	b466c6d5541ba20d7415e60acd9ec246b989021bad6fa3d85230ed103e2b3c28
components/security/CustomerSafeAuditTimeline.tsx	3122	bf235e2974cc6381305a2f979bc99ac1fd6f848a3352f3133a438fca6a6ecd11
components/security/CustomerSupportHandoffPacketPage.tsx	29356	11fa20e94a3dd517d9a975539f0253f9057f39311349b066d33f50e7881cc660
components/security/DeliveryReceiptPacketPage.tsx	11037	bf40411c612b7c9962ced081e694fb2c06346072bc68d2c5ca0f510e49115390
components/security/SecurityAuditAdminInbox.tsx	16967	6a51450babae30f5580995bd0655da9d9175cf93ac88890a91560bc9e4941a0f
components/security/SecurityAuditBenchmarkPage.tsx	12754	27df71b96a95d2ceae857541e3a86ac7d771f3a67afe9e29801a03617a71ec55
components/security/SecurityAuditExportPage.tsx	9195	f7eeef529fd238d3e45ad9ccaf4061805c512eaec2554a3932784b21e5a95211
components/security/SecurityAuditHeroArt.tsx	3599	9f7c7945c5dfea4aa67a21d7733c9624d2ddfaf974328377ed6f15e50cb0b59e
components/security/SecurityAuditOperatorActionsClient.tsx	15341	6adf3808ed7170983d60d9c4a9c0e0f4e14628fb4d2de050837607b1fae4a109
components/security/SecurityAuditPricingPage.tsx	11153	fb589a72471e435b3831e7f822ce44e9d699cb5e538b590889314afb4b3f447e
components/security/SecurityAuditRegistryPage.tsx	15723	dc09a447922c1596ca864555379cb76c0bc46bc59a007cc56cae7adca048b3a0
components/security/SecurityAuditReportPage.tsx	17312	15d627b0db15acda78d3edc5800b1823141b1b8a7e8deca7768cf4ca38985e90
components/security/SecurityAuditSampleReportPage.tsx	11324	5fb143cac0158199cbcc7502ac397b5c74cdb69fde9e294ea7ad860fe599554f
components/security/SecurityAuditsCleanPage.tsx	42619	156e483987beb5a01064f1745420bbec9f45eb6312d9bdf4900544f9613fd102
components/security/SecurityLinkedRequestDrawer.tsx	33359	1112091f7633fa2c7733e9dea8e3671ba7a9779a7d44687e628ee5b691b46447
components/security/SecurityLinkedRequestQuickActionsClient.tsx	12901	33623e31f7c0488ec8721db5dfde282e4591893c6ad19fce5affa20afae8bdaa
components/security/SecurityPaymentEvidenceLiveRowsClient.tsx	14038	8a568c14c2589b0b6288db802c00cc1456835c51be44f6b24a9a7700a66d4950
components/security/SecurityPaymentReplayBoard.tsx	10046	62738a35836a0c57737b8944765385faf020c888cb47faddf6251df2f4aaf3a7
components/security/SecurityPaymentReplayEvidenceClient.tsx	8668	1b0b4b43f7fc42ed4a4ae12a30c8408b4fb19a2ba6c53a49c4c55b85bb3f41fc
components/security/SecurityTrustPage.module.css	10432	6fd89244112d6199f9b06174a2fbc1d49ed2c73767ee666a20e1fad454534bc9
components/security/SecurityTrustPage.tsx	41301	4d98f277c5701a3f9c071e37f9311645b9232df252da39553cb193024db7e893
components/shop/ProductDetailClient.tsx	42640	7c72df8c31d61d8b722cb471997d25aa3c693cd16530d220a069a3a5ed51c7ce
components/shop/ShopPageClient.tsx	19578	3e1dcaacfda85c0c0f7a0f8f5e5b4cb6f432882c4a9f27be22ac14c2f31a62fe
components/square/VelmereSquareClient.tsx	60685	3766f728d2c4af018f672db5f5ca49babbfd2f788ea7d4b5ffad280833cdb856
components/status/CustomerSafeStatusSurface.tsx	3078	e59600a5e886672d1f7dd552b2343051047fb34b940b38b161045c9700a50c68
components/status/RuntimeScreenshotChecklistPanel.tsx	7679	ff7d843f1b2ded7cbfb5a384d5caf75c6863c3d1ec267d98c7335480e09ce927
components/ui/BodyPortal.tsx	569	f8714d9638c66c1f6d68ee7ec5ea1c08ef72b781c099bc4a0368021642332517
components/ui/CommandPalette.tsx	10296	c85d790b47247896952bae249836093c0033e25c26d2fb76b104d3fc96e9a286
components/ui/LiveTimestamp.tsx	1585	9bb7876afdd41621401b276fd360dca4f44a37602e1a088c5b570c0d6fca9505
components/ui/OverlayPrimitives.tsx	26953	55a96317f1ba51ecefe2c5d7e1b256db09a014114763cc18d394ad4a2c0e2dfa
components/ui/PremiumAmbientGlobe.tsx	8583	fd9a560e95936183e0006b4fcdfdff6f25598315420e2027bedd1a7ddca44cc4
components/ui/Reveal.tsx	593	ffe17cbf2687a688379ff157929bdc7c956931f8379012a4a7bb3fde7e1b14f8
components/ui/RouteLoadingShell.tsx	656	c043c985528ebf8af6b851abc0a8b9799e02ed015241d26d2c2b6f80c456fef7
components/ui/VelmereRouteTransition.tsx	21758	408f0ab8fa4ebee27463b22bf805c1c5bfe6038707230ca44872e945921d3ec1
components/ui/useDialogFocusBoundary.ts	9835	a595f9647b93200af54c0530cc353b7ec70ecc027878c206454685dcfa9b33c1
components/ui/useModalScrollLock.ts	8946	c178e9cb7b5b7242b8900daeb77313c551b1430b5b0d56644e56a058293c12cf
components/ui/useVelmereMotionProfile.ts	2320	45a55c0f6a8b95474fd0c04e802cc4106fa800b4c39e797966598fdac3d38188
components/vlm/VlmAccessGatePage.tsx	32389	b02df16f01b2d72787bea2a1d7bc79d244f8bce2026fdf0835c8e711856e8158
components/vlm/VlmAccessVisual.tsx	6183	22ed17e08a0a536cbf71f2ea1dc1a0eda8aecd45d6145a5f38dc91f182df4f3b
components/vlm/VlmAppLayerSection.tsx	5671	326a7b4246171cc98d48de494bca8303e5a9941b87d60c674d132ca0ae9c74db
components/vlm/VlmBuyAccessPanel.tsx	7687	8562fdd0f8bc030ab678afbfbfb6ed3881d5d0dd1aadc01835c1cbd0f1c0a7fa
components/vlm/VlmFaq.tsx	2285	4e4b3acf4a08a59021689f68f6f17dab773e3265c8697b333449e98311593ae8
components/vlm/VlmSelectedSystems.tsx	23389	9904cf73a85c3320556028a8592403ed995d4126f9dc479de81ddfcd2f36a9eb
components/vlm/WalletBoundaryExplainer.tsx	263	1d2f22d26fc8fe76b86460159b0fa9e1c0152adeb010e161a2c2649f3d61947f
components/vlm/WalletSafetyExplainer.tsx	4584	ca4f02294f38079e44ba299d32b5ef6fc3a923c858c7550132fc9980deabf1a6
components/wallet/WalletBrandMark.tsx	3544	7fa8962183de7663d05c820001868a1ffed06bd5fd100ecdceeed146f3894fd6
components/wallet/WalletConnectDrawer.tsx	27947	896839112b21f03263db68a54492199233fd1e72a9ea5376665bfffd0e8ed04e
components/wallet/WalletConnectOptions.tsx	25074	59461564c181048df1793e178d4758f92763a114317a186bc6207cdd0101ce61
components/wallet/Web3Provider.tsx	812	06d61e2633b343c8387c1aebd8dfd026e7d371d008cc6687c877bdec9b937cce
config/closure/p33/paid-readiness-policy.json	4234	4eaf418e8f65bf50371ea35c61014b9a99bbd18ae338f7f2f278c80a74aeb0d7
config/closure/p34/internal-ai-dual-ledger-policy.json	5433	dda0329ce0a2458ed9d9e19e298019d9263c9467219b1eeb5aab3e0a3e74f157
config/closure/p35/internal-ai-availability-artifact-ledger-policy.json	6958	b81cc9b8fdc16e029ed90c786a5a5110ce8b66f67e622548f364d5e1978a6470
config/current-release.json	35288	49ad8e210aa8de46886541f3a403ec9c5f2821c4a8e1149ccbb57b5b52b720df
config/current-state-and-pass-ledger.json	644	8dd0a13ea0a512b12e68bd9fc91a45b0b6f8044a504ed7b50b348eca7e23351a
config/declared-non-runtime-entrypoints.json	1732	adb761bbbb915868e5445051b2799ddad7eb4871f3cfe280dea9e2a2587cc8a5
config/dependency-upstream-license-evidence.json	134358	140e9dbc62cc98d3636469dff754bc28de9dba0dd5efa08e63293e43ca4cf1db
config/dependency-version-convergence-policy.json	21492	e75d165b89f649453cc41f9c22fc623789fce897ec46d19ce2ebd66365c4575a
config/durable-computation-deployment-policy.json	1046	c083212320a4b9839a1ce6d3d0a14edffd61b481acf3e478c5ac9ea48fcf1b38
config/historical-evidence-index.json	665	66ce3bbbd916a6999ac83fe25454703b35ec04deefd3da43c66235140fe68304
config/offline-typescript-toolchain.json	934	0dd2a683cfa0b9c589b6ade5033aa40f71ebdd6f0cc7ce9e84e5b27016a61181
config/p37/a85-shield-pro-map-current-source-binding.json	8337	ad3dd43a7bd5e78dae78b1f15207ac6939f224dd8e692571c03e4901aca2676b
config/p38/dependency-cas/073e9ff9dbabedf5c128020a677381e9f92c90188d118830b30a7656a7c37d2c.tgz	6067	073e9ff9dbabedf5c128020a677381e9f92c90188d118830b30a7656a7c37d2c
config/p38/dependency-cas/270dec0fc06cff86481da8af2dd8f18dee6b602790b14ef0e1c2c18d7da39427.tgz	7776	270dec0fc06cff86481da8af2dd8f18dee6b602790b14ef0e1c2c18d7da39427
config/p38/dependency-cas/290a29b26644b16ad172c21797c5523788b537a7784ffd175607c4812653504e.tgz	28388	290a29b26644b16ad172c21797c5523788b537a7784ffd175607c4812653504e
config/p38/dependency-cas/2c539a46d85ab6033183997434d2d9a5ca2ceefc12b4db9022f564784cd7987f.tgz	5849	2c539a46d85ab6033183997434d2d9a5ca2ceefc12b4db9022f564784cd7987f
config/p38/dependency-cas/3de5372cf95b66a344b258a046b1b298b20ecaf187637f4d59f50017836a90a7.tgz	7997	3de5372cf95b66a344b258a046b1b298b20ecaf187637f4d59f50017836a90a7
config/p38/dependency-cas/4460c7532f28b8df2ddc9a1ec17816d43c24d4b9591dc6c5936b82f7f86ae7c5.tgz	8059	4460c7532f28b8df2ddc9a1ec17816d43c24d4b9591dc6c5936b82f7f86ae7c5
config/p38/dependency-cas/47ad3b0d20a2e5e31ed65049829440fb1e3d4ac554d93f8040562c1821816585.tgz	17469	47ad3b0d20a2e5e31ed65049829440fb1e3d4ac554d93f8040562c1821816585
config/p38/dependency-cas/507b7c4461e8eb941355af9a59e9a7e02cd0e7c6176b48d1809766344f3f1708.tgz	2868	507b7c4461e8eb941355af9a59e9a7e02cd0e7c6176b48d1809766344f3f1708
config/p38/dependency-cas/5986b8b13121340a8b0d5c7d8f0f961aa80ef3a74515ca9cb7a78d86ed0385f7.tgz	4431	5986b8b13121340a8b0d5c7d8f0f961aa80ef3a74515ca9cb7a78d86ed0385f7
config/p38/dependency-cas/662e27e54e00fe46fbb08f9f4aacb054e3695dbe72cc14b436613fbcfb780544.tgz	13800	662e27e54e00fe46fbb08f9f4aacb054e3695dbe72cc14b436613fbcfb780544
config/p38/dependency-cas/66f635d5eeabae44807534976913a102cf615b9a045368359c9f79ae6ee2119e.tgz	18477	66f635d5eeabae44807534976913a102cf615b9a045368359c9f79ae6ee2119e
config/p38/dependency-cas/6bafda00d4356a4df5d0463b4e4ad45ebc9f438bfede793e218a9f9f7c6844c3.tgz	5240	6bafda00d4356a4df5d0463b4e4ad45ebc9f438bfede793e218a9f9f7c6844c3
config/p38/dependency-cas/704402651b02a1454f17d445fc7dd716efc282d059407126d58ef30a47e807aa.tgz	9799	704402651b02a1454f17d445fc7dd716efc282d059407126d58ef30a47e807aa
config/p38/dependency-cas/79a1de983c1b393180c47456d6b73caab278a00ea6e37d5c6675f2dcdec2a3e5.tgz	2246	79a1de983c1b393180c47456d6b73caab278a00ea6e37d5c6675f2dcdec2a3e5
config/p38/dependency-cas/89c1ac9c946ee8905a875837114528e97eeae35e03be3190584b2216af43e4a7.tgz	13449	89c1ac9c946ee8905a875837114528e97eeae35e03be3190584b2216af43e4a7
config/p38/dependency-cas/9cc5d260c11d3df84d91f3e80168adf79d85c6b6aa382d19281a030c0d74321b.tgz	55579	9cc5d260c11d3df84d91f3e80168adf79d85c6b6aa382d19281a030c0d74321b
config/p38/dependency-cas/b019a0980f27638dc3f85836b0e478f188e00d7a6e5852c0819fa86f56e47b8f.tgz	3656	b019a0980f27638dc3f85836b0e478f188e00d7a6e5852c0819fa86f56e47b8f
config/p38/dependency-cas/b1b7a945b52685269083425216d6597e33d97bf21699d656e92fdb3eb5210a85.tgz	4109	b1b7a945b52685269083425216d6597e33d97bf21699d656e92fdb3eb5210a85
config/p38/dependency-cas/b8c2c35575493dc086df88cfc468a9e2651b6617336480ab3f00fcf853f443a7.tgz	6355	b8c2c35575493dc086df88cfc468a9e2651b6617336480ab3f00fcf853f443a7
config/p38/dependency-cas/ba2755afc0e6c6705326711fd218ebe107a527eccbd6485155fde98ed000bee7.tgz	4483	ba2755afc0e6c6705326711fd218ebe107a527eccbd6485155fde98ed000bee7
config/p38/dependency-cas/d14dd1c35b4bd3b8aca3219fd3627eb7f3eb49cf6b4c8a7ca58b91fd7a190993.tgz	5338	d14dd1c35b4bd3b8aca3219fd3627eb7f3eb49cf6b4c8a7ca58b91fd7a190993
config/p38/dependency-cas/d536d0de4dd285dc1468fbb7f39334a47ee0eec9c27f9b626a6e71466c9fda82.tgz	4584	d536d0de4dd285dc1468fbb7f39334a47ee0eec9c27f9b626a6e71466c9fda82
config/p38/dependency-cas/db52f9f62558baab13353dd39e3200750fc33e6a129a575b46226f493776e230.tgz	9622	db52f9f62558baab13353dd39e3200750fc33e6a129a575b46226f493776e230
config/p38/dependency-cas/ed1342228c82c10df9921c59d684df516a0cd6ed25b61e5f9d6330895326cfdb.tgz	5049	ed1342228c82c10df9921c59d684df516a0cd6ed25b61e5f9d6330895326cfdb
config/p38/dependency-cas/f126a6f9fca487a43219d8cb8c3a955279187a966119d548eb5cd47e999d4853.tgz	35340	f126a6f9fca487a43219d8cb8c3a955279187a966119d548eb5cd47e999d4853
config/p38/dependency-cas/f6616e15e530ed552f9daa2d3ce71963947c6bc7c98c9b64fd3e673fd02622c6.tgz	2967	f6616e15e530ed552f9daa2d3ce71963947c6bc7c98c9b64fd3e673fd02622c6
config/p38/p38-current-lockfile-local-cas-policy.json	2610	546abc1af9c06fe8cede85a7de2d54dad3e3644f3eb236fe5ec10f24251c981f
config/p38/p38-local-cache-import-manifest.json	22124	e9c940bece77057a712639e182ccf11f13e92bf51c88c4e9b5a1838efa842bde
config/p39/p39-v15-to-v16-continuity-audit.json	2486	41abee1cf24e57c706cc96890a9fad3c3a84d2a7113391bfa454b4e1b36fe512
config/p39/p39-v16-authority-topology-policy.json	3712	87d5526db8e7e7748e01fb5f5631edd22060da334cb17013bd3ac28448dcd4fa
config/p39/p39-v16-product-topology-reconciliation.json	44807	6d7dde42bff5ab280d952ffc52e8a4885c138143d6958a09ac016149b6cefbdd
config/p40/p40-candidate-field-use-case-registry.json	359280	947d59321536a8af4c45ee71c37470c676bc1c9b594c2202d568e754430875c8
config/p40/p40-fixture-profile-binding-policy.json	7757	52b9fb6cff26c9c6b9355b756e9df9ad3d467209a33a969b03e07e457d4533cc
config/p41/p41-exact-windows-current-root-closure-policy.json	4245	8671bd794e4b6a1b86517e39a7b1ed08df8fd6dbc7ea5119d6e1cb6f0c1d7a5b
config/p42/p42-current-lock-lifecycle-inventory.json	16273	d21e3b74680c8a78c4f27a4c4b6ca6291831381ed4fbda4039dcc4d2564c64e9
config/p42/p42-exact-windows-dependency-closure-policy.json	2604	55c4cede1bf0bcb639a122db0df429ef79339715b78ae21a0290b8ce2bfdc292
config/p42/p42-exact-windows-semantic-dual-build-policy.json	4541	0d765478c945de4e7fef8771053bb6e5f123f29f39eab203ebe240f9bd2a211f
config/p42/p42-github-action-pins.json	908	041c78a72f28f75ee81def59519941409cbdc764076886ed602de3dc05140e80
config/p42/p42-lifecycle-archive-cas/023f6fcceee1b1939e688edb6411e9d8f6d5a6826b518dfc634271130f6c8cf9.tgz	25038	023f6fcceee1b1939e688edb6411e9d8f6d5a6826b518dfc634271130f6c8cf9
config/p42/p42-lifecycle-archive-cas/4ac4a47d0813b92618b20e44c7e225ac0d60d2b5baf216cb6a33350a07d40ce3.tgz	185191	4ac4a47d0813b92618b20e44c7e225ac0d60d2b5baf216cb6a33350a07d40ce3
config/p42/p42-lifecycle-archive-cas/ab42807be3df24a12d01e31568a7e61def1a4bee636a7c60a397319eff677e95.tgz	34902	ab42807be3df24a12d01e31568a7e61def1a4bee636a7c60a397319eff677e95
config/p42/p42-lifecycle-archive-cas/eb8ef756f8299d16d5c8b35678606d715ba29923f500db7b37c181310eed40a5.tgz	34131	eb8ef756f8299d16d5c8b35678606d715ba29923f500db7b37c181310eed40a5
config/p42/p42-lifecycle-execution-allowlist.json	9140	5396e8530e3812538c81647acdf220d7f60e5f250d3f28bfb42003e1fb935e40
config/p42/p42-lifecycle-quarantine-policy.json	4912	0670df72876daf51811f58c9a083599e53c94d292ce7d27b8a2d85dbc4d60325
config/paid-surface-entitlement-policy.json	19362	3867902d625073ceff947da906f218d54aac1223f9a8c69c5e43ad8a54d9d3d4
config/pass13-portable-cache-manifest.json	146863	dac194e0dbac24844bce2e06112e635344453dc006275c6bf11e88c22ab0a832
config/pass14/build-graph-baseline.json	39852	dfddc56ffdd4ab1338123da215d60083830d273d1c610b4a6dba7151e292f236
config/pass14/build-profiles.json	1116	0bd8d7996179e9b4c40bf105c996d4636a8e76800844b066c0a570a03c4f08e9
config/pass14/database-audit-baseline.json	25162	e9e87439f2a53c49af54fb23b5d8a6d7d02aef3d6ec22f4d53e4df8e49a25b00
config/pass14/gate-policy.json	2716	f1aef28a4d8df4662e512c382d29caba7fc04cddcf69737be59968c25fcbf299
config/pass14/migration-version-map.json	30104	798628561d55b151a51abf67368d9b93bffef2fac5a11a396095d824c65fb691
config/pass14/package-payload-manifest.json	760796	38cdc53addf526dce5a85abcc71c6c27eeddf662e700823857ee7245b3dae001
config/pass14/pass14-diff-from-pass13-clean-safe.json	40524	06ca32063c2e455283b940c55300978eb6ae776d531dd70a4d41be50810342fa
config/pass14/retired-fixture-routes.json	14603	21c994a789bdfbb13d5f04c2c570cec85cfc2a7975d596eeef3ec4f4ef2dc4e3
config/pass14/visual-freeze-manifest.json	2277	cb4d10e4cb43206ad4ae57240ac55214b13d8d05dc5a8e83592df553eb0fb814
config/pass15/gate-policy.json	3054	3f2e884d1294c6c7047cc73014c1a0df19e86a2f97ada4cc589ac017a7d02f2b
config/pass15/handler-body-equivalence.json	75378	e31a43bac3c12800af7fa614fe0a52abf60921e4f90e40b1b2f23da92b114bd0
config/pass15/heavy-proof-blocker.json	1321	d002226743d2775a156ec38fef40f0bebfb9df80fd47df6d482d05e450082ebc
config/pass15/lazy-build-surface-profile.json	22794	dd7f826fac746797487b05b493fc7a30a613c6a27e65c73f5cd5f71a27ecc7ad
config/pass15/lazy-route-shell-manifest.json	10913	fa065b3e6cbe5e9b752441a6fff7278d2f9d589826b2a7fc6ca13ae141280602
config/pass15/lazy-route-shell-verification.json	29475	7bbfd88a8bcbbe99e36e334520cd1bde8d778e16cae9196e582b913bff792573
config/pass15/package-payload-manifest.json	771643	5338bf81c141d4d1605f38bacbb18b31ae00214867429ac7d215ed09825b8163
config/pass15/pass15-diff-from-pass14.json	25631	5522107961c37ac768e9c94dbaec0a11bb10e0c8110316f032593cf79f39ca8e
config/pass15/pass15-execution-summary.json	20859	a8605565d42c3fbbbae4aaa784bcdc01dbc6ea1db36ee124be53fde8862a76dd
config/pass15/route-dispatch-manifest.json	114194	c24937263fd0a9ae4d93ba970dbc7f206917b8801f8ba941efbe7fdc0d82bb53
config/pass15/route-dispatch-verification.json	255299	5b17749148b969c9bc8bc042d0fca309951faf83d246f9e37ac09478681b200b
config/pass15/route-export-ast-registry.json	145794	52eafeaaacda1408c7a6b7e44c39fe6188a44889d372a14e2d98578c218a8435
config/pass15/typescript-syntax-scan.json	447	7f96519711faa12da6deb88e63ca55568dcf930bad59bef52f158bddcb3ab7d9
config/pass16/PASS16_DIFF_FROM_PASS15.json	14915	28f2db4348989e2b368933ef030436dde3c791025b4212016c5f8f5ce7de263b
config/pass16/gate-policy.json	4289	800a3eb899e541d34ccb32e00a2b26f327e3078d1c4e7c59c6b24c1560dcd6a9
config/pass16/package-payload-manifest.json	785087	f41b74eb1b257a00a99a25884fe9d1a758b17faa0675a533480192137de10515
config/pass16/typescript-syntax-scan.json	447	767f0d49b5537c86c2c04660d2054784a85d09dcaa4da741f2216c95460506c0
config/pass16/worldclass-evaluation-policy.json	1315	d2bbf83fdad5794673cc77e4c1fa7c9514ae91904933c33b0c2222c6abc63e1a
config/pass16/worldclass-output-contract.json	2670	0f4c99c93dc7b8e4c1c9d94ba1db4f19fedc390ef3efd19f419626f4c3f85d8f
config/pass17/PASS17_DIFF_FROM_PASS16.json	5165	f7130d4a12d9d24468401487450c8d33db3a645d02ffd07bdb6f59a047bbe2af
config/pass17/gate-policy.json	4322	4cd2e83814381b5081dcca72c226b880f765e1346b54378ece1a67b45f2a22ee
config/pass17/market-output-adapter-policy.json	2741	fdbdcfe2b991b4fcba80b6bef255b95557c4e917c3c63735c1677ffcc07a96f9
config/pass17/package-payload-manifest.json	788600	a2cbe15cc76b05243ef15b6148bfc28f0c76dba70f112a88522130790431be11
config/pass17/typescript-syntax-scan.json	447	327f36861e6eec15e0137febc52901284f741a2a17744b78e4c577be040e305d
config/pass18/PASS18_DIFF_FROM_PASS17.json	6111	cd9193bd637a178e2ff63ed47fd5a606c150c1be53613c8852aa9ddb2a522dbc
config/pass18/audit-lens-output-adapter-policy.json	2382	85853a597cbaad2ea8e7de4caaa37386c12d0e75b3be99d5fce979e2eae7ea31
config/pass18/gate-policy.json	4787	e832477b00bbe991357a4f6f51084fd0f1d33190f5df81fe9c2b8596457af1cf
config/pass18/package-payload-manifest.json	791988	708d01736cef8f74f8190166b906db3f42302df13247548c4b5fa15160f19ae7
config/pass18/typescript-syntax-scan.json	447	0874d7d83b234b64b4b4006650233252023d1443582da3a807a6ca2fe1f9fb21
config/pass19/PASS19_DIFF_FROM_PASS18.json	7766	4001df96784418d1acf0b74200c2ea0708498c5b8717116007ecd250d5824b8a
config/pass19/brain-angel-output-adapter-policy.json	2961	f14cd3b42ba18907187bcd40126b65458a721e79267d5e2bfb622b663c989719
config/pass19/gate-policy.json	5598	ca9c482d280c50cd5dc3facb06dbcd7936da976c90893f22f631e476942dfa35
config/pass19/package-payload-manifest.json	795573	aa7acd80d7146bb5fd809098a68b19f102b7c16f7c50e4eeec20dd9bd5c41e2c
config/pass19/typescript-syntax-scan.json	447	4d284077f25ca6898ee0a8c4a74e553cab7c5c6eaa51a8873dc177a3f1c3f550
config/pass20/PASS20_DIFF_FROM_PASS19.json	2188	1437299f3b74b0cfeeb7ac7cf2d19b86c7bf8215f33dff7736746d6acc2de5a9
config/pass20/data-commercialization-policy.json	6917	a46d1cc0319bd3b8168294b2e38748eabf60fdd847c32dad1414dc62fdf0d5e0
config/pass20/gate-policy.json	5657	b8b1ef5b9c44ecf6adffadc573a781d6bdd0216f8a612ac407ae3d3ae09bd42b
config/pass20/i18n-neutral-allowlist.json	988	1c73796669fffd00bdb154099044207d2ae393ec064fb42ecff1de3c884f04a2
config/pass20/package-payload-manifest.json	794488	106432606910e97e1f95b14c65bfe94b87764c8e2243f14ffe029da9b6f97107
config/pass20/typescript-syntax-scan.json	447	fd0bf7c4302e57db4f540558898f33a85cc0df8404496a5214696c81d29271fa
config/pass21/PASS21_DIFF_FROM_PASS20.json	10183	1da9bc35d801105ec04bb48adbf6349cd76a357ea3e68b58022847bdc53890b0
config/pass21/gate-policy.json	6660	7908d65ca5e045ab0dc4f9b5769567a690a79418a701c89afe2d650243cc0e62
config/pass21/i18n-neutral-allowlist.json	1035	f56f14bda777c5af076de1b5e83a9d59d775b934c131b7a470bd6a71e4d31dac
config/pass21/merchant-legal-profile.json	1052	199e442022b508fd4c7a59faee398d8582cf97d76283885f55a82ed848d7f76f
config/pass21/package-payload-manifest.json	608998	46713ceed8014bbd3d1c9bb8c6a3354565eccfa235040c9f62e6533e32aa41ff
config/pass21/provider-commercial-rights-registry.json	13838	808cebffe79543f8aa6da86a6f8e218eaa49aa8bff3c488856d8bc6e6dee6c05
config/pass21/rls-table-classification.json	12769	c61d4df37e24fdf4dcb4134cc4a105b2176402c1872497715007ad8962d697d8
config/pass21/typescript-syntax-scan.json	447	f6313ddf1666483a2b908b86bfa613eb717440841a5e90fa636d9f8b638eb18c
config/pass22/PASS22_DIFF_FROM_PASS21.json	11713	eff80689185d269f7ef14dc259bc105e05b1af8429fdc153fceeb014083fdf1e
config/pass22/gate-policy.json	5216	143ad316a56efb8bc746abd0694e1b8fec4c10769d1399979192742d80ec5f99
config/pass22/i18n-neutral-allowlist.json	1938	f4aa2c1f4390eb24f538da767e118512d289f6758ba49a76e1c53230d6c7c320
config/pass22/merchant-legal-intake-template.json	1263	95883586b2bf54a77697435712ddf3b650c1fc452cccc509ed1cc90a1b2aef69
config/pass22/package-payload-manifest.json	614034	b276d7d41dbd029013dc52919e3ed3568d98c3a77f8171cb7bd4c18bc0373c88
config/pass22/provider-rights-evidence-manifest.json	306	ee23a5b60fc3d665fd19172d6373465c33ac97859f0d23e9d4c0d73ba7ec7148
config/pass22/provider-rights-evidence-schema.json	2239	b5f226d0d43e1e1359f32f0c81389bf2e67fdb71e4d24223ff0964216509c406
config/pass22/rls-table-classification.json	20379	9300bf1cc1507da719bcc3f30a99684145dbaf7d305aef284ae70e407686d9cd
config/pass22/typescript-syntax-scan.json	487	3b7218da48812f70d452936393ac6b29ef5b5c94f18e12a40ac96c9666d25456
config/pass23/PASS23_DIFF_FROM_PASS22.json	3015	1537983313766201ab34fb9ebb61969dd672741e058ed6558198f2fbff879f81
config/pass23/browser-overflow-matrix.json	146962	0c99c41c5216f55654403eae0097d69f9b585222dee1615188cda400432721db
config/pass23/gate-policy.json	4832	694cbbb6e71413c9a2cd0b5849baf8b5f9cd17a8b47312830a48b6b199bfd494
config/pass23/i18n-final-translations.json	51039	1ef64bc682f7e217b31971e473098a745b37bbf6f1fe9decb45592f2dc256240
config/pass23/merchant-legal-intake-schema.json	1165	a588e2891f47ce31f4e9b504b5917f6466d79ef8137c8d3f12b5396518b1dd11
config/pass23/native-language-review-checklist.json	11245	243f64a4107396f63b2f5406b5ce3d2fea4a21a814809e7e489172d607bfe0f7
config/pass23/package-payload-manifest.json	619231	f455623c8d23c1b2d1aa56b04f94c9c83c4f3f34ee0b9ecdcaafbb28bf93290f
config/pass23/provider-rights-import-policy.json	553	87e1842218049f7b05f8952acee13e5defca02c7ab63849550e33b115d6cf18f
config/pass23/rls-staging-case-matrix.json	16751	b771b0afc4e65aee59a4935d97063f3afe0dd3269b4a3818119059a9ad9d955f
config/pass23/rls-table-classification.json	20296	416c1f1314b246aee8136762bd6d7962d5839bbb5e99869c6b88962a04757bf1
config/pass23/typescript-syntax-scan.json	487	e1bc02b7978e6fc71cb792bf019eec3c6172b14b6424f6644290326be2bd75bd
config/pass24/PASS24_DIFF_FROM_PASS23.json	1979	b81c0faf99cec808f345411655faabd8e811cac0598c9266c357db20ad87f58c
config/pass24/lockfile-target-manifest.json	330648	ae5a6f28ba004b158395b3c03210c195e2354f9ba4a3fd773798a3d72a9bccc3
config/pass24/package-payload-manifest.json	621249	2f8124fee30950ce44a65b962654db41a51ace72094461ac7beb93c24da92318
config/pass24/runtime-policy.json	1037	ab39777ab559c261a0592bd8f597c6a5d128e1122ce17147ecf91ffc5aec2e00
config/pass25/PASS25_DIFF_FROM_PASS24.json	2038	ccb442e2a4e8a09f94ff3b920850dfe135685b87e401bc8b205f128cfde22516
config/pass25/build-profile-policy.json	1176	b5200574487931a25d023f1edf09999fabce0bebc2605b069546156074134118
config/pass25/package-payload-manifest.json	623387	84976ca585c3479efbbd6014099c762cb6f4246d5f8ee3f6c0a04ccbffdf3368
config/pass25/prebuild-budget.json	724	6104f1b8d6117e33e8075c8904580156d676d5500a049c4ed016416183626e65
config/pass26/PASS26_DIFF_FROM_PASS25.json	12129	33f8b90344420803960a0735c0bdb02164cda769b6696388ac5a92b4944043e3
config/pass26/ci-contract.json	2930	3cf0044e513429c9102f6c247fc34923e71c3034f81b833ae07c27e1d6b59b79
config/pass26/package-payload-manifest.json	626284	f687b4e1f922b70dd8b99fa915eca7a80d278e7804aebaf7207662bf73ab4cd0
config/pass26/runtime-cache-bundle-policy.json	807	0ed8ad206788fa4802ebf913ba013e24b5a0cad236c2aa574364e5b4ce4f5b2d
config/pass27-visual-freeze-baseline.json	85604	8131dbc028551a3bac0396fea2c063931c0d2c27a1ad009e32e00f86d4184bcd
config/pass28-visual-freeze-baseline.json	85668	772da7ad7fe90f514a3cb02d2d393430060281309f4e164dbc9cf8c88a6759b2
config/pass2945-2960-mega-worldclass-full-closure-batch.json	5922	b02ca4b2c8f0b3f42de3bc8d87e0da8a31b8d5a252106b04b48241e32e18ad37
config/pass2961-2975-mega-zero-skip-product-launch-closure-batch.json	7218	e6dc6e62dc8783500ee1a87de96f224dfd932d34d9da85ea57e2fb30d810daf7
config/pass2976-3000-ultimate-zero-skip-pre-final-closure-batch.json	7455	74c1d8a82f2a4eede338400d53dbd8c5a1857e2ed3530376ed17f3866a6ddfb4
config/pass3001-3050-mega-final-receipt-closure-batch.json	16090	77a539697f27486c83ffcd68d6153fbe747dc775ef555f718d204df9b2de5ba7
config/pass3051-3100-mega-execution-readiness-hardening-batch.json	30632	9e85d2519fa9615292e7f19e6a777b2237e4ca579d7d83a90daed3d69288f3d3
config/pass3101-3150-mega-final-execution-control-plane-batch.json	36600	1deb1668e7b1125e31bcdc8428726ac47ef3f0d4341483593185686407bb8543
config/pass3151-3200-mega-preflight-remediation-control-plane-batch.json	38038	f94b0e3b2c5ac2554df2405d92460783427678e3955afad877909cc74fb18c9d
config/pass3201-3300-mega-100k-zero-skip-evidence-expansion-batch.json	46953	f4402ef5a149599e13b3fa713c31ed7303d73c62a0fd66581cc13a3e00379d61
config/pass3301-3400-mega-150k-runtime-remediation-expansion-batch.json	3464	b63aacc1c943689fed3cb2a294f9cf9d140c430913678f5327a8b7a745c6ecbc
config/pass3401-3500-real-code-repair-batch.json	1260	d83d69b9031d637d185c41853b48656692729b187d9c43323621160554d76e08
config/pass35/a08-foundry-invariant-plan.json	2674	fda4e0475e5b15d15e53788c9c52c761469964cc8332a9f2cec225551c505d12
config/pass35/a13-functional-runtime-contract.json	2420	dd33316f2df99f797d4269c62761bb96aa1f94bedc327c4d4f375ffe2893513d
config/pass35/a14-market-execution-contract.json	3251	172548406c74deccab594f86d86376209e66e7e3785162604456f233c43271d5
config/pass35/a15-imported-snapshot-runtime-contract.json	4557	127223b4356351de15fa2276782c67b4229d7c7b0aa2f12ea1bd6e1cb9aa24f4
config/pass35/a16-canonical-risk-runtime-contract.json	2284	609db29bfa7f36e7461eda2e4baa18b8c5426a375c82d2b92844b60f2ad2b433
config/pass35/a17-evidence-decision-runtime-contract.json	2991	d2f524323c3c55cb4e9d8c8a20991cc8339d80f12c5457a981e75346af7ade4f
config/pass35/a17-evidence-family-registry.json	4565	a55811a95147fb6ef25d80d178aa7adb0f3f34b701d5c40fc5a505f44575f39c
config/pass35/a18-tier-value-benchmark-policy.json	2871	3137a014bc59dae5928fb518c2da0d127fdf8cab5d7685c71009a50dd72c9d41
config/pass35/a18-tier-value-runtime-contract.json	2226	a98a27577ac5b5bb7d98a6a1f0f05d9b9654df7b6666f5abb1b471ca054e6557
config/pass35/a19-audit-static-benchmark-policy.json	3033	eebb6d52ce1ee3521519245a879323e76bbea583b848d30331a332d8773ad920
config/pass35/a19-exact-runtime-audit-static-runtime-contract.json	2601	0948a79e38cab242bf27d9571720a785e7e5158b12f02baa06fd1919e4b55151
config/pass35/a19-exact-runtime-bootstrap-policy.json	2158	59517365d9181ff2958c2372d6b33843d789decfab6201b76395ceb27f2b765f
config/pass35/a20-case-bound-dependency-policy.json	2008	3afa3c18ab3aa466d34967704dc1822951f27dfe4c14d8457979fa5d6a97c5bb
config/pass35/a20-case-bound-dependency-runtime-contract.json	2246	90741db142beb26df02d3a7881e6a8f2a7fda1646850254f196e3706047ac27c
config/pass35/a21-abstract-path-policy.json	2147	ad69565577d73ff53afe52dbfc76aef0ff791e0f7f6dbbb555260ea072d60b31
config/pass35/a21-abstract-path-runtime-contract.json	2489	e129ad9031a3951cdf1b44f1bbf8325e915d3a70c12dc5c7a2a759fd9b228c04
config/pass35/a22-severity-triage-policy.json	5682	eb372954c81dbf0d2b6d6d162c82a75346d145189339cdd6bf0d46d892eb55de
config/pass35/a22-severity-triage-runtime-contract.json	3100	78d8b51b1691f10c7ef8c642c023a8a41092b81b674f437e8e686d0a17509103
config/pass35/a23-remediation-closure-policy.json	4077	849c97aa81d47db9f528c1fadbdc1d9265cd0db2426f77710ac1443c0fe824b3
config/pass35/a23-remediation-closure-runtime-contract.json	2498	3048050f1493588087e88bb66fadfee86ccdd3ef6d18963efb3c674ce45ccb77
config/pass35/a24-monitoring-lifecycle-policy.json	2609	fb92cebc5f19ec9dc9e7e01792d5a4f18c6c68864ea9bbaa9442a5ed8453731a
config/pass35/a24-monitoring-lifecycle-runtime-contract.json	2424	399e642cf22cc9483237787db48bb4225396107521da9615b2259e7f8f641c4b
config/pass35/a25-exact-test-evidence-policy.json	1935	dc56c2010f9552b8f4206ac8a3d612d8573f4e3ae3c56a529a9cd92ba2f95d5c
config/pass35/a25-exact-test-evidence-runtime-contract.json	2415	146145dea35c989dcbe8323c327a7f1ec59e6384d7a5da3f14976fe348a75eb1
config/pass35/a26-fuzz-invariant-evidence-policy.json	2104	1477ad43bf324c587c16a2e5b9bd5e5c9d1627ff1d92811243bb6b24d32dbe33
config/pass35/a26-fuzz-invariant-evidence-runtime-contract.json	2507	5eac610acdccea49176a9b0eda04b1cd9487baa9e4073d89cf724cb6ca32a97f
config/pass35/a27-fork-replay-evidence-policy.json	2104	8bcea4fe680d4009bafbfca1b4b06865c4d9214f7579e4d36880eeba23a9d24c
config/pass35/a27-fork-replay-evidence-runtime-contract.json	2645	e6971b568472d3a3b879bec07953521a7303a72fc3bd11660742b1b188f7dc92
config/pass35/a28-economic-adversarial-evidence-policy.json	2556	675ff5af382e8b73cab5387ff53f853519681e9481b93cfb3a5320edf52427e4
config/pass35/a28-economic-adversarial-evidence-runtime-contract.json	2763	28fd50e94c60d79ba22afa32b8f54fbd2208cb904f7543fbd50e16b22212d837
config/pass35/a29-upgrade-deployment-operations-policy.json	2723	e0207c8fdad8d2209268665701b8aec52277c0b6bed58f20b44f108d2ed9e597
config/pass35/a29-upgrade-deployment-operations-runtime-contract.json	2637	a3012f49757f9245c91155436c0a15cb96edcf273602b2ffd5b2ce4a6281070a
config/pass35/a30-threat-model-policy.json	3218	028f05966a84c0ba81b7f75151ce6b164e72a0c869318d5d904e56172a33a133
config/pass35/a30-threat-model-runtime-contract.json	2607	20d9b6de474e1b6b3c29ea86b9d65358764f81bd2085794539b6af97704cf6c0
config/pass35/a31-privilege-control-policy.json	3081	1063d3386bcda22717fb6f80a415e5d1af863c61f1ba8f7deafb2431c9c368f3
config/pass35/a31-privilege-control-runtime-contract.json	2588	243b9a3142afacf68ab56169a9167caf9e2e861a8ca167e7e22da71e9f8cbf6c
config/pass35/a32-report-delivery-policy.json	2716	2af23608f8ba2e640c0d49712bceb6831156fd08678774ab7b915faa35df254b
config/pass35/a32-report-delivery-runtime-contract.json	2690	2c3a39538de24151049b30cbc821880b0ecbac40f254a80cad4ca68ecab26a34
config/pass35/a33-visual-merge-policy.json	9847	dd4640fa70103c30abe49bfcb48e9b8d4272d98ab125bfdc5d0608a4c2cfbc12
config/pass35/a33-visual-merge.json	12103	3f94bb6b18d4f348baa8b8b236169e80392efeb15b8f82985f1f96d2d87d7c21
config/pass35/a34-deep-visual-reconciliation.json	42779	3d0645884c1acebf90f961d11b6db635068dc2924e2a234df2055d927dd78d5f
config/pass35/a41-critical-route-recovery.json	656	2d3060e3e94ac989695f66573506a3bb314b5fbc8fbfcbba1187d50ed5a1cba3
config/pass35/a42-dev-runtime-cache-recovery.json	16181	88e69775c262e248b6f9210a35c02336f6fefd04d1c1588f15ea68e630cb2658
config/pass35/a43-visual-source-parity.json	67415	6653ce8bf3febc530d3af8b1c2101e4bb0fe01229c4de53a0b5fc25247de1f29
config/pass35/a44-visual-master-engine-binding.json	1398074	3e5b0c8abb366a594c976e6b4a39a064bdbbdd1b79febde540ac0fa455125dbe
config/pass35/a45-exact-runtime-browser-acceptance.json	2855	793bc9f915cfb523a7d31a5b85e3e6724d5b1ba6ceeb78b0bffffb4e23be1a93
config/pass35/a45-source-manifest.json	786222	633d5737df5933bac6a435b4b3e2db21ee24fce276b8b48fa3362672815794d9
config/pass35/a46-customer-data-plane-acceptance.json	320235	35a5c0e0e62d582606f16c1d6cbd78aa4aaf1691e43a032fe0435fee7be8e5ee
config/pass35/a46-source-manifest.json	788059	7529e53a9d441f7922a33615ec34b9ec20a0f6cb1ccca19864e75668717c5caa
config/pass35/a47-acceptance-evidence-intake.json	2131	5115d551015152503d4137e350006ccf51d9b3b1d178590387773592fcb90527
config/pass35/a47-source-manifest.json	790726	494c3f991035b4b963327b72bd00dcfcff26b5ff09c5648717608952b847b2dd
config/pass35/a48-source-manifest.json	792473	c56ec14b079c2a38d9d5e7861db6eb2cda3811e16f4dca614ad00b623addfd99
config/pass35/a48-staging-tenant-isolation.json	2871	ac9d61fd979d069c4bbe4f0291a41e1455aa880713e0e97b2fb00fc098f87282
config/pass35/a49-source-manifest.json	771368	8572fe87601e1a308cf19ab647596198d6e1bc38ac35d2db431968d8e0446815
config/pass35/a49-stripe-test-payment-acceptance.json	3402	2b48792cc992e39e3c0113062ec10d4186595a99822fe40f0d66d3b9efcda73f
config/pass35/a50-source-manifest.json	773185	73715957cc4ada2f386f96ea94f9dfc56e5d451952f378c652e07d0ae5836eca
config/pass35/a50-transactional-email-private-storage-kms-acceptance.json	4190	8a0c18b7939540d8d408c8159fb84a1cade81f70eae68dbced58679daa475195
config/pass35/a51-backup-restore-rollback-provider-loss-acceptance.json	4020	f2bcc2f74ede786bbf30124f9c2f4910ac632b1e3b330a2a3b967e7ad0e0f382
config/pass35/a51-source-manifest.json	775047	323fe6c67c9cffe39227d6a02814e4dc786eeec66d402c1c4722e5d10ac3bb90
config/pass35/a52-kill-switch-incident-customer-communication-acceptance.json	3833	fec8d45b3ca5cf5daab5917d47be0d8ada0155710bcf26302445101434e34096
config/pass35/a52-source-manifest.json	776495	00ab0f6d1a59fa21a06a7a198ef672408f68f2d4cbe7272728d010f16b20bf42
config/pass35/a53-measured-slo-alert-ack-vendor-exit-acceptance.json	4191	e8b078dbd3513886431fe38fa33d32bc816cb1378887db47ac089514fe35fe0d
config/pass35/a53-source-manifest.json	778177	0d97f7b2ad0684f8612d53634f6cc28d6c19de30a78bb952c2222e8890ea3f41
config/pass35/a54-source-manifest.json	780685	597c23d1ff9cee0bcaffbee86b8a1bb5b4f46113124acdbf190ab55c0fb11db7
config/pass35/a54-strict-slo-alert-ack-vendor-exit-recovery-acceptance.json	5789	8829fd1b6c026163409a9c5bd916406ddfc8436f6521e2d5d615fb93e578d210
config/pass35/a55-independent-retest-legal-customer-release-acceptance.json	3166	c35e896e2960decc9c9460d542f69669b48c7411b793c1fe51513da0f4793abb
config/pass35/a55-source-manifest.json	782580	535fae98e12a84829f4473e8066ead1e699c71fc3b0718befc17a1c362ccda84
config/pass35/a56-out-of-time-slo-vendor-exit-observation-acceptance.json	5334	a4dd08302737eaee01e937e3414b4970078efb112b55fd1f60b9b500aeb56b7c
config/pass35/a56-source-manifest.json	784464	a7e9156eb3ef7710b699e6ed09951238d57367c21bd9584f58643dd3eb59bea8
config/pass35/a57-controlled-canary-kill-switch-rollback-telemetry-acceptance.json	4760	a066f2d08792d488d59f8c42d728f4877fff2d98714ce3af6abbb1ec483e2936
config/pass35/a57-source-manifest.json	852624	ea981beda947f4c866eb8b17758ce7c22276d77848780b09c3a79b2c899afccd
config/pass35/a57r1-hardening-integrity.json	479871	9cff727e825c5132f1f06c34d8d9f19c091d0a40e723d8eaa13dd5b98d079fd2
config/pass35/a9-visual-freeze-baseline.json	87318	8bb2aedd47347ae116a3bdfb0eb0f5d3b59cb41b9eb9f34cfce8628448f8f3c5
config/pass35/ai-system-inventory.json	1951	f362e8d957f4dad6f881ec6d1a5b4a5909760e3e10a77c3e04a5008f6e42613b
config/pass35/assurance-customer-evidence-policy.json	938	4c1a45f4821ef975f02f048eaffa3121157c11d48037cace744aa1c2cc8f0fde
config/pass35/audit-a01-a05-policy.json	10163	96e073943bcce3a9535d0089abde9131c4a6f54fed4ec282768eff01adce4000
config/pass35/audit-a4-execution-policy.json	3323	18b9a871584363a84bab641b5e7122c6e539fd9cfd9e78782a9cdab622d15d86
config/pass35/audit-a5-execution-policy.json	3507	3cf99465116426fba4aec443dd0f795c51881b31daa4d8ce7066df799fc532b2
config/pass35/audit-a6-execution-policy.json	3574	2cfc6ca2954885cc3371ca5f13ace24ee3a4811e47aa4a58bb92994adeaa1c43
config/pass35/audit-a7-execution-policy.json	4560	52d9351190d89b9293b672e3a00f2a57db5ae6782a63b67d4b5938b7080ed420
config/pass35/audit-a8-execution-policy.json	5794	da6506e6b671f4f4f0f0773cb0dfd7e060d87a7ba5d071299dd2ad9d5fff4325
config/pass35/audit-execution-envelope.json	24189	11499f05bb1a300476a7bfd6b0e31cd311ec11c7a4d1a171ab00a7b9a66a264c
config/pass35/audit-program.json	13332	08ce7f64dc4e42cfac4eec4d14a837039e07eed3facc73fa99ac3b1ec79e24ad
config/pass35/benchmark-review-policy.json	934	8062cb340a70f39c0ad8ee0b317ce2b7323ca756e5f3995073af9affcfe37097
config/pass35/current-revision.json	38838	68d152d64e0a1f7b32eab851d1773f0338b14c92fb98e9f8122b8dc9e040850b
config/pass35/current-status-register.json	56889	5ac4afe32e50b77cc83330fb4f21926dfb7d1b3877a0101ec8bcff98d680b219
config/pass35/detached-package-verification-policy.json	568	d0adb8c57604661006c746d2b4af74be7df2b969ba8e0b3e988b53883da488ae
config/pass35/evidence-policy.json	1450	b5c81fc2fbe0c2aa9d2f62072aa1504d7a0e071031a711f3a0213665b806045b
config/pass35/external-evidence-intake-policy.json	1587	7fdacd750d59fd768e125125cc54283ee390bc440c15f659aa4393208373545a
config/pass35/external-proof-register.json	3212	b248ccc59f2afa4ac148b69f47df483d5a43c63de7dc8cf02f54c929359a0837
config/pass35/flagship-candidate-plan.json	8040	77ec276ba58be4751120b1dc2deeb4128bb23998323c25fda53a78ee25259d2e
config/pass35/governance-decision-policy.json	1028	aa43e85bf04f825a21d5ed4dc5766f15e0d199d1356766e09929906fac6ac97e
config/pass35/legal-applicability.json	1245	6bd3844fd2e62f459f1ebe59ece7823e469aefe3da5e7090da7d2cb793da4cce
config/pass35/local-pdf-asset-catalog.json	5258	736346196f4d2dbb870c64e5e6899f822ae4169ddf8d8513f873b94c52833c12
config/pass35/local-product-quality-policy.json	4000	69c1d5cfe2765d5721ddfa9d4d6bc9b9defa73fad98fcc5f380b3a263aa544a1
config/pass35/market-impact-whale-tier-contract.json	14106	39e53e1a2f32c5a2b6d0925c880f1c919f7d5a22374ecb2f6515098def8af264
config/pass35/market-runtime-coverage-contract.json	16090	e85ded71639d8f8dcf0a5aa5f0eeff1d80b7909928ef670e2a9df4af64156446
config/pass35/pre-gates.json	3139	ff44400481e44291d3c3a0793e78921fb46c4b50379836a0d4157e8190253b4e
config/pass35/product-cell-catalog.json	43905	21ef64579438ae51070b68a0b57d9c0efbbbec6e3400a6f92241028763f46e7c
config/pass35/product-tier-content-contract.json	77568	0ba7e57c91b241de716a3f98ed2328d68d4030cd341f7639f19a0f0f3638d102
config/pass35/provider-denominator.json	1138	b2724df22d6ce28a63348f0cc42aea3db35e07d148261965d0ae46eb8232ed49
config/pass35/public-provider-runtime-contract.json	1931	01bf4b46a0f5b87b64483f5f2184d832e425ea912840e4e37775a66fa538547b
config/pass35/source-lifecycle-classification.json	1218131	2717dc6e2dce900bc8b2ec2bf41d20681792badc5a3e7e6933b8d55c8c686048
config/pass35/staging-plan.json	14891	03f30aae27f347f5c8c2b61c50d6ff5e2a61b3c3a473d583b4623d580b59bf2d
config/pass35/zero-budget-functional-roadmap.json	38160	bd2b7e25e999c349ea63709a96fe990037776c6a20d8d0305f74873a587e2d9e
config/pass3501-3600-real-runtime-repair-max-batch.json	2094	599f71bb30e5e1a0423c58486dd9555db4b853f240e5c13c30b6298224a304b0
config/pass36/a100-action-required-current-state.json	20244	2c127bed1ba013caac1ded20dcc17d0de5aa925ecf959a680b0aa879c4987fa7
config/pass36/a100-current-root-descendant-manifest.json	4836	96f164d8d1099fa79f229f291688d14bafd9b5254b56e34a9f3004befe8a76fa
config/pass36/a100-incident-kill-switch-customer-communication-policy.json	2619	6184e6b687d376845e3408c69cd5036b9c14e3880e84a7ffcf6a48002d0b2a81
config/pass36/a100-world-class-completion-program.json	51728	b8038e10fe5b2e4508b2e69ee375171466614abd085b537aa997e957080f8a82
config/pass36/a101-action-required-current-state.json	23194	31096a44ef5adb2dc3182123edada83d87591351eb411efb2d1e385cc728131f
config/pass36/a101-current-root-descendant-manifest.json	5210	5d648ac44ea8b3bfc753918bb2ccfb34ebc0b9596e272557f9c8a56cd8a6df17
config/pass36/a101-slo-error-budget-vendor-exit-recovery-policy.json	5794	65d688d41f96d2ecec4ba9acea5fd69ec32546372527452354164fcefaa30e3f
config/pass36/a101-world-class-completion-program.json	56775	6782e833dc1acc1970c52f3061863208e483214a6014d5c8925e18d356ea7105
config/pass36/a102-current-root-descendant-manifest.json	1218	823974008ccd7f1f8ef387b76296c86eaf5a3eb458d998a4a37248ba3e89461a
config/pass36/a102-out-of-time-repeated-slo-vendor-exit-observation-policy.json	2560	44ccefde3be74a7d1a1bd63e2bb462b8eefdf934ea12ed10cb96f178fd0a6869
config/pass36/a102r1-action-required-current-state.json	6018	c76da6ec06662f1130f1dcd8eb7120cdc2293200c348dfc2389accb9f046ae81
config/pass36/a102r1-current-root-descendant-manifest.json	4443	72df242d471e05c13e76ee45a7813e67cbe1b16bdb33b039932d5452d3e5b86d
config/pass36/a102r1-world-class-completion-program.json	5917	37e238e0e5118f6652e724d9b2ab0bf2ea7a22a00ed4be1d1664e6855a991396
config/pass36/a102r10-action-required-current-state.json	21175	554fa4de2afcfdd643e5323db1c098f7667051cd41aa917a1fde7d9104149b39
config/pass36/a102r10-approved-external-navigation-changes.json	9496	054c5b77bdb3b08691c7fb33f29d995a24b85b0d2fd4fad9c63114c406ba6266
config/pass36/a102r10-current-root-descendant-manifest.json	7351	3b531d0539a85929d40694c3519e2c12ceff1800f75553ab7c4a8d546dfd75ee
config/pass36/a102r10-local-regression-receipt.json	14535	4bfc62fb63acbd98089ece672fe74f6c29a312e732726c3af5690272e800c208
config/pass36/a102r10-world-class-completion-program.json	30864	a9bcb5d2df32cca41b6d7262765a50805f5e368d2a34adbfaa608a50f6b45d1b
config/pass36/a102r11-action-required-current-state.json	23765	0c41470032e6b3201fb8fb7783fe3cd36441581d289ac9aee7953d78e58c54f7
config/pass36/a102r11-approved-client-pdf-blob-changes.json	4630	353d725da6233dc5e2c4c20ac51e4bb57cba5c272f930096ccb8ef1ab50c6f03
config/pass36/a102r11-current-root-descendant-manifest.json	7618	aea5f67c719e0825fd32c5d896f4861983965ac7588158c27b1d3da2a179a856
config/pass36/a102r11-local-regression-receipt.json	11999	764bcc28b4b34b5ee03d96607dbe9c49f791d4749fc99c58c5ccb95ca5470b32
config/pass36/a102r11-world-class-completion-program.json	34125	764a5548c402c27ce40be25b607b0596a4c0064ff03bfdd3c4c42dae5ca09528
config/pass36/a102r12-action-required-current-state.json	25650	5f8e285183311570eff922775fd813bc6eabff68c80fe4300f0c5ec9b1591c61
config/pass36/a102r12-approved-admin-product-draft-browser-state-changes.json	3174	786d6c6de168e997ca015999f269958c80d35bf5a639848000b83939e47a0846
config/pass36/a102r12-current-root-descendant-manifest.json	7666	6953d11c631ec627926aad0d86b53cbdb9b2c42397bf4c159fc8095124e729ab
config/pass36/a102r12-local-regression-receipt.json	11818	c2c7984780a0023b96cc26b44a2cf7775256855efd75397571494e182f003bb0
config/pass36/a102r12-world-class-completion-program.json	35944	d00b9f13d53c8ed25c1c87cfd4cb99b4f700c1df42d9aa9400b15ac22ae8b34c
config/pass36/a102r13-action-required-current-state.json	27942	b813bf33a7261e7f7dc71feb7e234c5c46ff2d00afed02628cb8c1e5fb52db97
config/pass36/a102r13-approved-operational-log-client-error-redaction-changes.json	9376	9e1bba36e7f6ceb7802b217da9a770b57306fc8bf00e6545ff27d38afd189e56
config/pass36/a102r13-current-root-descendant-manifest.json	7351	db659e2dfb2ab7dd763907346fb2a9bc76db00cb79fa56d4181537f6899dd201
config/pass36/a102r13-local-regression-receipt.json	10442	f780b927279e454b05ce3b037bdc2d5608362a37a71bf3189acce9a50acee630
config/pass36/a102r13-world-class-completion-program.json	36436	07c4e715f439db85d9a3837c3abdd793da934f8ff12a6fcd92b4e1af8c9e9c75
config/pass36/a102r14-action-required-current-state.json	26111	8e080bd23e3ba55fc41dbdaadaf4431628095716b3ea45fe664d73101794597f
config/pass36/a102r14-approved-source-recovery-browser-shield-handoff-changes.json	3219	40fcc299e92c9702f7b64637a98d03196608ca7377335b61b791e99c108a5b01
config/pass36/a102r14-current-root-descendant-manifest.json	6984	e0ff18cace909b9d4fadbda3108dcaf41dc35110adafed065c7a199cea3bc5f2
config/pass36/a102r14-local-regression-receipt.json	14301	75d1aacbf7215a19ccd68291646e11ef0e81668c91e6a269ad01c952eab8f119
config/pass36/a102r14-world-class-completion-program.json	10022	e08181fc0f851f66edda6e3845b093959ae2d16e0c826990b79ec1c25264e2d0
config/pass36/a102r15-action-required-current-state.json	28757	17e86705ff3cd87da3c21a4bc4ec6e245ac80dec1cec78e770fe5c97e877a232
config/pass36/a102r15-approved-asset-analysis-system-clipboard-redaction-changes.json	3971	b8c50e82f974a0559a04cfd8081e55e7cd06a13dd120fc869e5ef31d4fc4924d
config/pass36/a102r15-current-root-descendant-manifest.json	7040	18bd6cc8f50ad038b17c92caa93122f3ffb35dea29c4a4db01b03a8da1f5188b
config/pass36/a102r15-local-regression-receipt.json	14858	6437cf3d18405932e5c38c28bfa9394706300d90dc380e4d97ba90981102f336
config/pass36/a102r15-world-class-completion-program.json	10349	6b9d40147753f80390f30bfdbdd033116519473b40807731cf4ade3c00534329
config/pass36/a102r16-action-required-current-state.json	30840	7d3deff5443d22a6472ff1b89f5141b0995562d87a93adb3eeebe59e6f488dcf
config/pass36/a102r16-approved-cookie-consent-granular-expiry-changes.json	3818	89c29d4d0df5b43b2ac27d679ce750728916b26bebc16c3c2c5f2bb86816c772
config/pass36/a102r16-current-root-descendant-manifest.json	7108	e925afaed58cbf4c421436c0bc9bee9df9d15f6f806e038930af055e17d88db5
config/pass36/a102r16-local-regression-receipt.json	15744	a40f3d9f7b50254e64491a40972c68092ee94f5830b9ce974954d637396c24d6
config/pass36/a102r16-world-class-completion-program.json	11168	b56d2d99db968358082983d19faf634e0d66636264ba1d09d23e1abcac11a15d
config/pass36/a102r17-action-required-current-state.json	31976	95be5387bb499ebd175f9d8a4cf997cb96cc9f94c986737e90a36989016fc154
config/pass36/a102r17-approved-browser-response-strict-json-error-redaction-changes.json	9286	f401e4e56e03c7b3f7097afee679290c43ba39c9b44c60633771590d4b62113f
config/pass36/a102r17-current-root-descendant-manifest.json	7178	b8b97f80cb50cbd65abe78d86a157f9ad1b92cd87a4729fc5f52a2ca4c9831c2
config/pass36/a102r17-local-regression-receipt.json	16111	5d6199eebad093f2fa37e81d908aeed121a265a7f071d030d9573a76b459698e
config/pass36/a102r17-world-class-completion-program.json	11688	11ea45a09efedf990181b2ecc5440641498ff4199836cef6b4139ffbcc9ac1a6
config/pass36/a102r18-action-required-current-state.json	35173	21edaa83dd3a95fea077046c85c1d85bc8a1d50db8396992a0d36e311d6de319
config/pass36/a102r18-approved-public-community-system-clipboard-changes.json	3492	1ad75310f45467525b6277e5016c0df489f99622b67033a88ebe71e164ebba2a
config/pass36/a102r18-current-root-descendant-manifest.json	7546	52725bdf52992b001a3151a5c51f20660f0fdd21eaf33ae9541e3f2093d22664
config/pass36/a102r18-local-regression-receipt.json	16559	b02fcd7ba441bf0c3706fedf89c39083a0029aac15b4600d813194548d398e78
config/pass36/a102r18-world-class-completion-program.json	13010	92ea990d5c0b718f4131ee0f7d8284ebd975e7fa91db0dc4833d68c8297d8c91
config/pass36/a102r19-action-required-current-state.json	38543	74823f0c2e20566a191b4c3a3f2b90e90833cdd7468ecc9a745b85cd7dbad28d
config/pass36/a102r19-approved-css-customer-minimalism-changes.json	3899	b00aec91e09715d10cae68a3f94aeef5bf06010b300e2481e661c82e93caae1b
config/pass36/a102r19-current-root-descendant-manifest.json	7628	5e42b4fae63e6544d48a9f679e7686e51a4f83f5e0d43df18e3f022d039a7e5c
config/pass36/a102r19-local-regression-receipt.json	17156	b2e5298a4536232b5f3671fa1fb4986dda266e8a06de2c4b17b7103dc210f035
config/pass36/a102r19-world-class-completion-program.json	14460	d3c029e557c1d74bda46aded45351e6403b8d2458ea4e96e74449eee854fb0ae
config/pass36/a102r2-action-required-current-state.json	7939	f79753d02e46514a1542568994cb00d22e7abffe4a319407210e2216b0304e3a
config/pass36/a102r2-current-root-descendant-manifest.json	5690	620d1f3ae1bafcf0bc6a500c1b9d0a8d994ab19e94a3ba9c6203c13896093919
config/pass36/a102r2-world-class-completion-program.json	9460	1a8f5740808edc2dd66a9994e02060cc9aab3f53bed7bb147a65f73087f64a22
config/pass36/a102r20-action-required-current-state.json	43767	8c95f402a1ef684d4c03e5cfbbb1b803f55a430e25df5a342c1e8b0c84166a2a
config/pass36/a102r20-approved-authority-handoff-changes.json	13312	b4b0141fd88a2f760010a084205da468ef8b521a9d198ce95e7fbe89275b14b6
config/pass36/a102r20-current-root-descendant-manifest.json	7911	395357666775993e7efe3e57ed1e50df58eb21607cf78fb8422ac773811792cc
config/pass36/a102r20-local-regression-receipt.json	17907	7b6db40e6cf5eae30db479c67b8fb36aa7e1e1b73c0938cd0514468729f825df
config/pass36/a102r20-world-class-completion-program.json	16861	8f3c2cd1e54b2beead3ce8b8c8a65be7cbd41cf316e8cfd84be59aae3df18b52
config/pass36/a102r21-action-required-current-state.json	27762	6db1f2b956477eaf668a8fe6c15dc0861403762a85af8e160d39d2f05427387e
config/pass36/a102r21-approved-customer-jargon-minimalism-changes.json	10480	d802b2ff5e767bdfe33c9e492be62866a4bc24f7214fc0c1c894bb70f2512a89
config/pass36/a102r21-current-root-descendant-manifest.json	8005	c2c68e688ab33ca6949a7d48da782660cc689bbbcfff2371afeb21c793f7732c
config/pass36/a102r21-local-regression-receipt.json	18024	ffece13ad19188cfbee87a0b9d6d9d380c316ff14014aecc384a2cdd51a31c60
config/pass36/a102r21-pass-jargon-classification-ledger.json	64757	c7d5d9158f74e86c4de634045ca010c7fb4a6798f2e3fc29a1f26fd3b6374d2a
config/pass36/a102r21-world-class-completion-program.json	11032	86f2aa7492d903428ab5520f8f3010747fcb26ac3620094b6e7b7f0c6b76616d
config/pass36/a102r22-action-required-current-state.json	29522	abbaa232b59356886ba9acd2146a8aeeb75d115ca18e0deede6660c9a5a69ec5
config/pass36/a102r22-approved-runtime-data-transition-changes.json	6176	d23708a2d5ae4c70eea93d9b53e46b1122b259a1c7bf70f22e0c6b961c5a9309
config/pass36/a102r22-current-root-descendant-manifest.json	7807	ee39380b8a150a30117714c3f23d4e25447c0b4d9e91665b8a9695b90a228519
config/pass36/a102r22-local-regression-receipt.json	17281	5b3e94bd19de5eefc1a42380c7c972b6b0fe42ffe893ad394d773937dc915094
config/pass36/a102r22-test-receipt.json	6621	d5fb850fc111e41bb94491bd000293ec10b8a65d533a439a0b8a15c9ae06e45b
config/pass36/a102r22-world-class-completion-program.json	11440	46fb0e4ac1ed2100d75dd5d94ce7ede5e68d8abc39c657adb8bd6f360cf68089
config/pass36/a102r23-action-required-current-state.json	32091	37f93d96f1116765f7786f3cf7766f892b87acc09d6661a6695373e2c11ba896
config/pass36/a102r23-approved-kline-prefetch-logo-changes.json	3685	4813cc4361474aa422d47f3aeef48bd478a864825361710ed0634cb9b8557d0d
config/pass36/a102r23-current-root-descendant-manifest.json	7773	75ef27bea94153a296d6f046597526d1e14223d9b0903d55bc5ceb4626225208
config/pass36/a102r23-local-regression-receipt.json	17067	fd4d3f9940cd024248a9a81c9c45da49e16a5896846f68a66807f4f1ccebe0e3
config/pass36/a102r23-test-receipt.json	5008	70c7601cc690b5eb49b2fe7de2dd136b2ee07101805dc40494f9efbab378f5ce
config/pass36/a102r23-world-class-completion-program.json	11921	97e71889088a49552c8ff10d6f38549350b63b11e0e4a3da60a4b505cde3d2ba
config/pass36/a102r24-action-required-current-state.json	22185	0b827dd044493275e630e1df43971ec9071e18430ddd4dc4524fb3b408ca9a23
config/pass36/a102r24-approved-shared-catalog-reference-changes.json	3221	9e0a00f4fdb07027836475a33129fbd38744482f85ac74fc5b23c7dd62e540a2
config/pass36/a102r24-current-root-descendant-manifest.json	7888	efa7005149f3382618b067c30ed16a96f40470c8b5ebdc8b34aaa36ff81eb33c
config/pass36/a102r24-local-regression-receipt.json	17809	63a6b63c0417373993818976494c4f8caa05f45e0220bd8ce6f8518ea7bf1b8d
config/pass36/a102r24-test-receipt.json	5282	b1f7c344c4ffdef114fc16d20fa6143cd057f696372c3403a1d75a514ce2cadf
config/pass36/a102r24-world-class-completion-program.json	11794	de9c0c5173ab8c67db2d732192e22e5260598b275013bae851b7c95f5dfc6d31
config/pass36/a102r25-action-required-current-state.json	21677	a211bedac172afac0dddc576aad5ffd74dc54cb2e1ad135ca024db8970bd86a1
config/pass36/a102r25-approved-market-intelligence-changes.json	5637	00623f8fb4ea2570ad4a8235e19d84ac03a5fc347d9f8d2b22109c24fd15fc80
config/pass36/a102r25-current-root-descendant-manifest.json	7797	5b15f90c9c28530493a109423b74e761b84e531685674cad934769efd855540b
config/pass36/a102r25-local-regression-receipt.json	18506	96bafb1b5c69e9f80d20c56dbea38132833688e892031c8f035ff732f91ad7db
config/pass36/a102r25-world-class-completion-program.json	11701	5d17742dd191b58a096a74bdf09b16f46b39dc2c5d28c4e45467e82580c856db
config/pass36/a102r26-action-required-current-state.json	20769	516c4c281f4e48f40a43d1ead8677cb52cdef1a1ef30ed2754f03f6101ee2312
config/pass36/a102r26-approved-chart-runtime-changes.json	10577	355a695ddb1111a74736d82c678ecabbef33739747ba67662c901456e97d0072
config/pass36/a102r26-current-root-descendant-manifest.json	8019	fe8c87f029a4a1bad0342a54efdf4355b9b68075769e25de22685cdbb5b23dc9
config/pass36/a102r26-local-regression-receipt.json	18229	5325d4ae8795ee727fdee497548a25fa8461d9db512ecce1dcac5a2c5e24bce2
config/pass36/a102r26-world-class-completion-program.json	11444	87e85b46e72ada8257fcf599abe4edbcbf5576d25072471a2479a74f9745554f
config/pass36/a102r27-action-required-current-state.json	20470	b9834a71bf06ba037b867c663579d5ff7d3bc76f7f86810b6a1a34dcc7140d80
config/pass36/a102r27-approved-provider-identity-changes.json	9497	8a98f138bc953a317114b37bdb41c0a9a2765da3d23745d68894e6d1b96899c3
config/pass36/a102r27-current-root-descendant-manifest.json	7693	ee6ae51555bf50241e22ead1935c18bcf4e7b709d9ecbaf37bbe94cee8cd0509
config/pass36/a102r27-local-regression-receipt.json	17702	55d8b69efe7b10fa36a75442facc1ba8f50ee9be07dcdbb04fad05a666d8c10d
config/pass36/a102r27-test-receipt.json	3155	181b721d18508b42ceed1dd2d879c1abc2b50e9c96173705a3b486aed51b7c5b
config/pass36/a102r27-world-class-completion-program.json	11316	aeaddd96a2934c99f0f077551195d67c5d3caf26a0302005fbf19b3c71e7e3f5
config/pass36/a102r28-action-required-current-state.json	20432	8588890d1cc9d0963e36038df2dda52c96838698869257e523d1839a8bdc34d0
config/pass36/a102r28-approved-chart-race-changes.json	9067	39be5afeee7c3bb47c52ca05931e1559128ca4d2b4fd8971831be9b4b3831980
config/pass36/a102r28-current-root-descendant-manifest.json	7680	3eb5b7ee60294900ea8f90ba7e4bdb9308093344f6262878c256d9caac0f3224
config/pass36/a102r28-local-regression-receipt.json	18296	af5c368d7bee5800dbcaef77a990d7c8c3ebe4567534a2514b0d81cf303a3189
config/pass36/a102r28-world-class-completion-program.json	11124	fcb517392f2bd5b207e0128aa0a070ca2955aea9571a09fe0502d7b960f58456
config/pass36/a102r29-action-required-current-state.json	20816	81b30c4c835c43f59e7d510dac32cd4085b60b6b687452fb0b4cdf62a5d03d06
config/pass36/a102r29-approved-route-cache-authority-changes.json	8905	1adda92cfb2967af4bd69cbe91ba18dd6f02294d8353075ab0d882a310f18395
config/pass36/a102r29-current-root-descendant-manifest.json	7786	a844512784cdeb75025fc6c49775ee4b7b55dc27efa40768aab4505ce822f612
config/pass36/a102r29-local-regression-receipt.json	18997	0b7fff05ca2c1b56672104fafe34bf6edc82a6dd9a2c56169eff7881d39823de
config/pass36/a102r29-world-class-completion-program.json	11107	bff4342ed2b1d555d31b49936158a4e1c017deae1ce843859a47270a6bf68e41
config/pass36/a102r3-action-required-current-state.json	8999	f3cf3d98e211163264a4564efe81fafd3571160310fc120388a294800ff7821a
config/pass36/a102r3-current-root-descendant-manifest.json	6077	8212f48d6514fc001fb31fcd8a25fcc3f9e382eda78db55ead3a18260a4ca3e0
config/pass36/a102r3-local-regression-receipt.json	15293	b7a719ec97287d9e1d0693a1daf33fb744468dbb7d211a4576431b20cecc2f03
config/pass36/a102r3-world-class-completion-program.json	12659	2520c3991c11bff7026535047141b6e58e19e497d487ea1378f2a9ae388b7ba5
config/pass36/a102r30-action-required-current-state.json	18884	87d21677863b893d427ab32f523714ebde706163d4b646037cfecd5dd9002f57
config/pass36/a102r30-approved-route-cache-authority-changes.json	11757	e7077a74cf6a23d03b5f8396f229affb0db22ef25215609746d92bb7438b8f1e
config/pass36/a102r30-current-root-descendant-manifest.json	7897	2a239a9aa83bcc3b05b9c7bffd3bc7d1134238ec2046e62a6e6cb13346f2dc32
config/pass36/a102r30-local-regression-receipt.json	19795	471cbd7d9b2a9531260abd85c0ad02d888ecfbff3730825044f1941c7efccd29
config/pass36/a102r30-test-receipt.json	3627	d7d3d7bcabb381a07ea98f372df648a4ec91f6d417826c0a2a46f2b888317750
config/pass36/a102r30-world-class-completion-program.json	10519	0d00a2baf84b98651671203b97f2dc469c4f3841eaf86bb93c77e51ed98c0b62
config/pass36/a102r31-action-required-current-state.json	18779	8069af8222c1e407d049df6d0ed08cbe32944d4913dda1b043de8de441be9fc4
config/pass36/a102r31-approved-route-cache-authority-changes.json	12549	5558498512231ada34afef7a2a54a1352bd3ad3c09ca581940bb64b4632c40a4
config/pass36/a102r31-current-root-descendant-manifest.json	7777	1857149bbc4cc95d0d4b247029bdb655f95caf9e930cde314a3513ad8d38a6d1
config/pass36/a102r31-local-regression-receipt.json	20325	1e8a7f55367668e46fd050ff1dc054b81b98a5740410125f646ac6e324a50243
config/pass36/a102r31-test-receipt.json	1157	d038c3167b7602e2d86618a9d9b02ca0d694a69ea62d56e3710a3b9d7c36883b
config/pass36/a102r31-world-class-completion-program.json	11019	64a150083b2c8a3fc9af61e6da938e1dbd5d2cca6770a2a16121ba6b789c8b66
config/pass36/a102r32-action-required-current-state.json	18821	894fca3672d1d3f448a58d3348781277956cc7c3df8f9229189a61f7d13808fc
config/pass36/a102r32-approved-route-cache-authority-changes.json	12738	95798f1c9a53f22ba301371278d3614681136c07729359d29620b87390b97add
config/pass36/a102r32-current-root-descendant-manifest.json	7700	6fbab6713f8ba2c081bdee10daa691f8dbcf0ec4ac37b2738961bf191f3866e5
config/pass36/a102r32-local-regression-receipt.json	20878	8e7f7bd492b8327b7ae3a7308be5e2221a2ddf5c0a668f662c5ee9ce44bd3a9b
config/pass36/a102r32-test-receipt.json	1167	5cb76c6d06295a40a4816c13ea037c69d48aa8b5867d765ad5a011837140315c
config/pass36/a102r32-world-class-completion-program.json	11058	da693754e536198dc13bcf49cbf567ce439c3d5d3329055fc7fa691695897812
config/pass36/a102r33-action-required-current-state.json	19252	52ab21a180673037f8b80cfb3579570e3fb1c47669cb642d755f8a6cb57f6fdf
config/pass36/a102r33-approved-route-cache-authority-changes.json	13474	dc1da64b9e5b4084189f36b4e6123f9396cdea5d329d606c017c93f9e898941d
config/pass36/a102r33-current-root-descendant-manifest.json	7669	6a107ea7b7e1b45462e6e48d95b6228d7fd199c1cadce68ee636051fd2d9c9f7
config/pass36/a102r33-local-regression-receipt.json	21200	496109af2bf9fa424c558f1d32267e190d168d39ce3115701589160b648f3e2b
config/pass36/a102r33-test-receipt.json	1282	78cbecfd6d0b76debf8970fa4cf34154a214e97c8802dedda2c8b1f81588aaa5
config/pass36/a102r33-world-class-completion-program.json	11158	accaea7c3a93b31e46ee47d809b3e098e9dd1fd527012422e92bbd1779d8e61d
config/pass36/a102r34-action-required-current-state.json	19209	8286a54d2e6be5c2081691cf8ba16ababd99ae1c330b054e3f8595b9739bbd20
config/pass36/a102r34-approved-route-cache-authority-changes.json	13075	d950e1f7ed84b4f143732c117e2b5406fc10265e756235f99adef7b888e439a8
config/pass36/a102r34-current-root-descendant-manifest.json	7710	25f5b86620bb09e9f12bfcbb984271947e01de9955e52dc847bec78190c6a955
config/pass36/a102r34-local-regression-receipt.json	21418	e1c4d39e3c925013c243b5e8c3e129e380582a83430d1f615829e84786e2cd0c
config/pass36/a102r34-test-receipt.json	1137	4d1d21105d5b23771d1b982259425411b647ec630293bf92fbe57b800136fc44
config/pass36/a102r34-world-class-completion-program.json	12616	6f78dfb4f2e1600def467fe6f477c4044ae7d8fb6d6162c8328ae62bd3bd1508
config/pass36/a102r35-action-required-current-state.json	19180	b57e82581dcbee8460f34713bdcacd4fd32de29e0aec205c504e2bd9b688ee9a
config/pass36/a102r35-approved-modal-scroll-lock-changes.json	13138	3b486a1a954d64d2c99397687fa54cb5cd7b26e48a5ecc9daf09499ac2471922
config/pass36/a102r35-current-root-descendant-manifest.json	7676	5ac56f1b9db32f5580ee6042452d6a3f0aebd92f2ddc242392c7cf54b645ece6
config/pass36/a102r35-local-regression-receipt.json	21954	f2d1571c382b6e624c134e334270bd73dd0707e9e070a33cb258725a4e630676
config/pass36/a102r35-test-receipt.json	608	d5557be876f2c28ca9c3c6bd57dacf2929937667892ebcab787e43e1d10329c4
config/pass36/a102r35-world-class-completion-program.json	13417	e0910cde19d63c5a35a45484c020353696ace57e6def95a1bf57cf713f09ee54
config/pass36/a102r36-action-required-current-state.json	3978	a8abee00153a8a5299fee45c71e0b6195f3a9afc849bf9b2e786f3df52d5d603
config/pass36/a102r36-approved-eslint-runner-changes.json	12975	845684404e987407da94ed6329d9dec7812788de6a987acda390053d94ec9d4f
config/pass36/a102r36-current-root-descendant-manifest.json	3320	843d66a0184fdb095a94245010575fa206fa4f565c539ef0271a8821520c71ec
config/pass36/a102r36-local-regression-receipt.json	7257	c60017771898bc23757e640cf49650ab7c677349d29e6f0e55bd673f86633697
config/pass36/a102r36-test-receipt.json	5220	c71871187fed6c41faa9f64d39a8c0cd760186506938645f67ef18fd2a0df491
config/pass36/a102r36-world-class-completion-program.json	3743	e235379b558ada9816d2a2b9e8383e61863361ebce8bf52c9779e9fb871d367f
config/pass36/a102r38-a42-critical-rebaseline.json	6101	062aacf4d2cd3ef2c63185a40a57b06e7e8feeb822338f05d3d7e387bc0d5ee7
config/pass36/a102r38-action-required-current-state.json	12987	9fb364d47de449ca43e95b8af8f2b7b63c838efa3abb784774a0e37c361a3a7f
config/pass36/a102r38-approved-production-smoke-evidence-changes.json	15240	6b18cc9168acda8de619ee61deb00599e07a0333c8f17d9a909e1f44b28d9e3e
config/pass36/a102r38-current-root-descendant-manifest.json	5118	f70520a4e6eb8b3d453769daab67682311a4ea97dea0a18ce33a8b25175e254b
config/pass36/a102r38-local-regression-receipt.json	9305	ae6f7c375aa5bbc5b419aee5024e0f2f31fe0cd90cebade4cc52d03e936ec3ab
config/pass36/a102r38-test-receipt.json	2174	029f897210cd268b473f4c1b47aa07d7e3046dc8e90aea013bc4e45f122ec39f
config/pass36/a102r38-world-class-completion-program.json	8979	1781d2c56cd7632fabe0206f08661835a2d8d7f4daf3d6b6b42b5d1f03b72ca0
config/pass36/a102r39-a42-critical-rebaseline.json	1918	b9f5be6bd985737eae7ad0658be1779d4859f3856bf240a694e254d04e7e4034
config/pass36/a102r39-action-required-current-state.json	8710	f41d07c6882b4ecb5348891f5b824384dce85a088ba8e53e9dc5575685ba4169
config/pass36/a102r39-approved-source-mode-changes.json	15097	afeee438e184f5e25607c7e74da2032d370bfba21a889b822353b155183999cb
config/pass36/a102r39-cross-platform-source-mode-policy.json	2559	312f954bc8294718e5e2be7b8e9e1937213ded28e6fb68a648002a21262a2104
config/pass36/a102r39-current-root-descendant-manifest.json	5491	cad01d4d66ef37c46b645a10390ef03ab5020ea14d18ee03b36ff433edbddfca
config/pass36/a102r39-local-regression-receipt.json	10939	b813653b12b141aca9e109a752751d988a49704bb3d9b82dbd1ce91e920acf54
config/pass36/a102r39-parent-source-package-manifest.json	1155426	c488a831ce0e4e247e612a4721e4a46094cec15ca6bd1e01dd5d61e44bb181f9
config/pass36/a102r39-test-receipt.json	995	a4760432fcbbd776613a59f079f333429286b20b0d3e726e3816b83ea9e89e67
config/pass36/a102r39-world-class-completion-program.json	8075	a0805f3bea9d4377bde83e571fd4b1b3c666d274dad10051d74b769d7e6389ec
config/pass36/a102r4-action-required-current-state.json	10381	84156fa7cecd95ec4900d9af92f400bf4e5a905bddd65c08f0de0a89eefcd686
config/pass36/a102r4-approved-auth-boundary-changes.json	1636	a9e048b1e3d84ce627f769076c0d7e2884e9d169efb2f6b4856df40b39e44c54
config/pass36/a102r4-current-root-descendant-manifest.json	6104	b41374188f64862ed701bc4277a5fc8b5f88670af09ea9785fff0bee8d7b46bc
config/pass36/a102r4-local-regression-receipt.json	8363	4314220d0999e2433c05ce4f71624df5ec659b99cd534241c9ca6d40ac0fea55
config/pass36/a102r4-world-class-completion-program.json	15213	9b5ead2210a96c18cc8bd2ab0bed9c2b85d3768972d2823e0af159d14ca7c17f
config/pass36/a102r40-a42-critical-rebaseline.json	2022	655a343bf068d27c7e1c8039e3aea8b7bad6399f336da78e6c181ffd0fbbf39f
config/pass36/a102r40-action-required-current-state.json	11603	4718bee8a5bcd135e361f74b2ca3c072139432afb2fb9d26337de74944d28321
config/pass36/a102r40-approved-current-source-changes.json	22206	2c63f317ff570753ed8b76d05d1639a2aa39338f228103f09e240c37c07f9545
config/pass36/a102r40-cross-platform-source-mode-policy.json	3290	00a63974a2f626bf62909b59056b4b4ad1ed63609f325edb2351438ad2b4e0d7
config/pass36/a102r40-current-root-descendant-manifest.json	5819	e3d3e600bc27c7e2011f55a7021eaf595e92544d2f5e8f1a661fd694eff84f5b
config/pass36/a102r40-local-regression-receipt.json	13889	b73ea9a0c97e2c5b2224e715480abda70ffef012012ad1d22879c7cfdac87fea
config/pass36/a102r40-parent-source-package-manifest.json	1160141	b6b5dd09eea6370664020628fc5ddea0caf2016fd247e0fbfd2a61898ca267b1
config/pass36/a102r40-test-receipt.json	981	3bc6340b8e6fe9c4052e858c08bd0363884899f667fe91eb931aece76cfa11e5
config/pass36/a102r40-world-class-completion-program.json	5577	d0d224756df715f924e165ed8e0a44b297b775a56b3fcefa49f0b27b6a771b3c
config/pass36/a102r41-a42-critical-rebaseline.json	3602	a16f186e6154bd60b091459af70b69a87ed798567e2eb6b659197b35d2295ec7
config/pass36/a102r41-a60-browser-fixture-evidence-denominator-migration.json	5955	49fb941f6b9af27645cd027c86108d2d7c9fc6f0d3b738fc80569f56a2864876
config/pass36/a102r41-a60-post-build-typescript-denominator-migration.json	3035	655608ba965522e68940178cda23724a58f3d632bb6aefe79ae7b66ef2d20658
config/pass36/a102r41-a60-runtime-smoke-denominator-migration.json	2041	220c7fde1e08aad4751aba9cd667e5cb62e2f78861cb47befd8a0eafea0c6f90
config/pass36/a102r41-a60-stage-authority-migration.json	2743	e4f427f5d6e1ac4ac1cef18b423e36a147b7014d6ecd4a406960861508df79d8
config/pass36/a102r41-a78-lockfile-denominator-migration.json	2775	025fae48af9e342e00fb351362994415778896b59e89d1d4290d194bacbc349a
config/pass36/a102r41-a80r1-mechanism-denominator-migration.json	1264	eac056f3fc9b0b1aeda5e8a4087090d99d11f5de91371d3be00eb6602b25eada
config/pass36/a102r41-action-required-current-state.json	78305	8e64e6d5a71b7eacf91a8355da87bb874a4cc1c00e6c2ceb65ab412af433104c
config/pass36/a102r41-approved-current-source-changes.json	65639	7bbb082ba34f043c7e6f990c9a61d79b4252c9101dc0a69af085c9fcc15890de
config/pass36/a102r41-cross-platform-source-mode-policy.json	4814	22006d90b76f4578d3766f26aa33839978ecef4a64a5b4f849c89c239d95fc2d
config/pass36/a102r41-current-root-descendant-manifest.json	7738	dfa91c49372c5a858071dbcf9c0ff0f0a1ef63722bd7fcb8e197deaf2e3e3859
config/pass36/a102r41-current-source-authority-denominator-migration.json	3735	1e5b5541b318b2e0a804ef37ac754b9cb4ad5f3ae38f5c763adc891d2c4f39ec
config/pass36/a102r41-historical-descendant-sparse-edge-ledger.json	3429	4d0f41b779c30b8ff40f4c13e8138a521fbc08fa9a7734ffc6ec6655a0de3754
config/pass36/a102r41-next-tracing-and-build-receipt-denominator-migration.json	1650	2ab5d39c6802dd33d3f2aae27e4264d62d6bed5d34b4b44268f01d86acb7a901
config/pass36/a102r41-package-boundary-denominator-migration.json	2719	cf71253e27dbd686f342435b8b5c11555f3ec3e9d469bade8998ae3de7c07300
config/pass36/a102r41-parent-source-package-manifest.json	1165081	54462e5a872fbaf87c4c89a3b0fe891c42edf9786a819d9f08c083a5f12b04b6
config/pass36/a102r41-source-mode-denominator-migration.json	5216	9b791f5da3d28b719ffd483a81aa9686409d2f0c298951135af2ec2aaa903b2a
config/pass36/a102r41-windows-segmented-build-lock-denominator-migration.json	4112	69eeb95228738598342d43a1afad270d4bf889d11f4f3cad19d70ccfbd0edcf8
config/pass36/a102r41-world-class-completion-program.json	15031	db1607e822777b0e76a8eb896e891f27ffb43d51e16a6563b2292775b8c2e889
config/pass36/a102r42-a42-critical-rebaseline.json	5663	41a9563fc178cd52b60f0994bd2f115ee9df8e457562b674bf4bfbce34254e2c
config/pass36/a102r42-a60-failure-finalization-denominator-migration.json	3584	e3bebf2dfa605bce3e6c41eb72d386082c4c95ba05a8518463868eb4b3f45335
config/pass36/a102r42-a80r1-receipt-denominator-migration.json	3398	6c3cee663988fb60c07617bb55e4234e517e208152eda6546dfb8c046325a3ff
config/pass36/a102r42-action-required-current-state.json	97514	238ed9417fe3f482d160516d009d156db347ae85f81cce207d1cdce2d40878c6
config/pass36/a102r42-approved-current-source-changes.json	78980	5b7a19ebbd7b83f5a41d30f7de75b606378014c1c21e696e2e66a2c05d42aeea
config/pass36/a102r42-cross-platform-source-mode-policy.json	4760	214668fd692273c89ca995ac8225b72741e4fbfa1596144d743e26047b0784ca
config/pass36/a102r42-current-root-descendant-manifest.json	8252	85f94a3b7574c8889577620bf92fcf84f04b14d3b86788ba401b1b7de51c2047
config/pass36/a102r42-current-source-authority-denominator-migration.json	4244	b304f47ff51077ff4b40d4209c5823d40876c3c82a9f950028cdedf10aecb4e0
config/pass36/a102r42-descendant-verifier-denominator-migration.json	3227	9d6f26673d9fcfd67112822c8496a4be6e31fe4916031167593965f5e0cb8a41
config/pass36/a102r42-frozen-regression-denominator-migration.json	2407	931b404b6218a60bdee8665261cd42c63df35423648f118d709cbc9d84400a48
config/pass36/a102r42-package-boundary-denominator-migration.json	2748	1be998864fe4469e6e010b97d753d166e4b3759c03aa13c89261e010e17d97b6
config/pass36/a102r42-parent-source-package-manifest.json	1179119	8925e849d7c625e82fe9d4e85040da5a818f995c99d80e50e6c627a963f334b3
config/pass36/a102r42-source-mode-denominator-migration.json	5211	ff253e70d4d123768cea172368ea3b1142ce92892f84cceb6fff182d331690ba
config/pass36/a102r42-world-class-completion-program.json	17566	efed7963ca5da5697c1bebcb52d2b6acd4978d417039106d27d916c29107196f
config/pass36/a102r43-action-required-current-state.json	9332	d65d71f1269967336d8ffc3e0a7f96ddaaa9f1d546b04ab35be311403f981a95
config/pass36/a102r43-approved-current-source-changes.json	16011	1f68b45810917def384cda78cac7511046ee3b7157be00d82ea87a675ead8c20
config/pass36/a102r43-cross-platform-source-mode-policy.json	4742	16c3d38d4f6ea25a032c5ff8c39fde57730d52460b200f67ca33268c107a1413
config/pass36/a102r43-current-root-descendant-manifest.json	5351	df2a32f9ccc60214fbca6fb17e4f5c57c5e5a9675956595f956a666a6de57005
config/pass36/a102r43-world-class-completion-program.json	2261	3752953670422ca16ee21ed07ce42dcda0a84395e9ace842e7a513aee6a15151
config/pass36/a102r44-action-required-current-state.json	10033	8eb0c91262c4b55deccc73bf1403eb368ac47a3aee377253fe6623fc361e67a6
config/pass36/a102r44-approved-current-source-changes.json	18958	3b934da8149c38955912b93ad9b4ef5d012aeeda297c4777c09a9547c48e8759
config/pass36/a102r44-cross-platform-source-mode-policy.json	4724	386b6f321983609c1481b3fa01213cf1f0e59f3121e5bf864d54b14cf0b59123
config/pass36/a102r44-current-root-descendant-manifest.json	5112	7d71e0d089a85bb08237b9d4a68e72d076613cd0ed65d2df36a94ebd9c8a1c3c
config/pass36/a102r44-world-class-completion-program.json	2336	e00a29cfbb568c5644abcdb2542752e7d6cf24b822b9dc6584f46ff2ae24cd25
config/pass36/a102r44p1-current-visual-freeze-baseline.json	3779	eb1c87990776b82f6fcee6b49129b33b0e1d29c3cc939328ea1a6cf8e4079b48
config/pass36/a102r44p1-product-reality-wave1-state.json	45651	c4abd3c9bd9305e6f036cd485faa304dc9a658f6d51de2748a783183e2f93cd5
config/pass36/a102r44p1-static-pattern-review.json	2575	76b357bd3b1d50d03b32029b53f55a58f6ee734fc40844a87f50a60f3871544e
config/pass36/a102r44p10-customer-facing-sku-truth.json	2029	be8311fb0927f802599f8e8fcae1e1f70695f466d15a7c793834d8d1942de0bc
config/pass36/a102r44p10-independent-final-audit-policy.json	2340	5b1d0b1937dd145cbe0360bf1307ac895137d1f1342da6f56a79e93c1183c0ed
config/pass36/a102r44p10-route-dispatch-rebaseline.json	4347	3540e1b52b1d6dd94c3368b0cc80d201354601d6dd8b21121f971467dc2438b6
config/pass36/a102r44p10-targeted-closure-policy.json	1512	45f10fb2de5c64f0af079b3d256bfb5caa3b04d0c2861caedca012ba2f606a3a
config/pass36/a102r44p11-action-required-current-state.json	2835	0fafa0fef27b6423830d316623c59832dd842c44703438fda226ede224c4fc12
config/pass36/a102r44p11-compiler-ast-dynamic-policy.json	3984	1ff02d046c12ec6d22fef1cbd2c292ea694081df3babee692106a1bdb72aebe7
config/pass36/a102r44p11-final-local-closure-policy.json	1894	9f6183c87b8833542ae90bfd975ebbbfd5e8693341850d85ceb2b5e485c5dc26
config/pass36/a102r44p11-pdf-customer-truth-policy.json	2186	409769ff65c7c2314ea6b1e44a585e0f427951e25b065346a11dee20581cb35a
config/pass36/a102r44p11-route-runtime-rebaseline.json	3130	b3710d59f33e13df14400bf43262f303660b5de7a7fe1271782866e6c724008f
config/pass36/a102r44p11-runtime-customer-truth-policy.json	1535	15e3fb42882c22a2ddff38ca48b08d09ba215b2c6e9e0a2e11585ad28f1efb03
config/pass36/a102r44p12-a60-typescript-root-denominator-migration.json	2500	c3af476ef1f9c475fa6cbaaacc273953286c3c3d9e7f2688e6f4eacef8bd0689
config/pass36/a102r44p12-action-required-current-state.json	5100	29b8b72ccf139c0dc2b5b377d344a3572024a33b95cac469bf6b5e041de65531
config/pass36/a102r44p12-approved-source-changes.json	14948	fce1ad2d5ca6cb99a224bf73ced2eaab2c8fdcc1d514a3b974899e4dc6243499
config/pass36/a102r44p12-browser-process-isolation-and-verifier-identity-migration.json	3545	4b2e539d46c9216b682cbe3236f377515bebab47345431d58fd1135287808dc3
config/pass36/a102r44p12-browser-verifier-check-identities.json	33909	9af3a4be011d936268919282c65fb46d4ed608d5af7d1eba64462ccfae5720e8
config/pass36/a102r44p12-real-provider-diagnostic-policy.json	2427	f9fa2b43ed557728afa099a99ad9b3af5b228b6804a3f24274e7a3733bcb13c8
config/pass36/a102r44p12-turbopack-rss-budget-migration.json	5188	f0e88e6a6c88dd3f0b1d0bbb6aa555f245a19c51a6b92a4136c5e5b3f490ecae
config/pass36/a102r44p13-action-required-current-state.json	3918	8db57c3172a679e1300a440e1ff42f1eed597560b2b4abcd46f4bce2e3908d59
config/pass36/a102r44p13-approved-source-changes.json	8715	24483f0861ff4235f1ddb22019a7a31a042f7cd18282acb5eb0354e1b3156b1b
config/pass36/a102r44p13-external-labeled-accuracy-policy.json	5864	70310b25974833163b257e5ba08facb094b37033d4b104baee01d7aef7c396ca
config/pass36/a102r44p13-final-linux-browser-policy.json	4223	96bbe07528531aa0b0d59497e76ba723fb9dbf7502f79ff0c96458554337e25a
config/pass36/a102r44p14-action-required-current-state.json	7086	8f081e3ed57c1a24ed59f7c74f16d1d7ca99e9cd26fb54c436c7f19b0ca9e183
config/pass36/a102r44p14-analyzer-lint-normalization-migration.json	1147	697af1580ae50e3e56a639a22fed206a14298c9ff5c94f406255bcb39d53fe2a
config/pass36/a102r44p14-approved-current-source-changes.json	5491	71d397c50acdb4fb1896bd29e762f6f8ac4cda9880cbda393186d52a92ea82ad
config/pass36/a102r44p14-current-release-authority.json	870	e827f50cdffcd5e8e65883ece3d0ab1850dad5861875e174aca64af0dd13aa3d
config/pass36/a102r44p14-external-accuracy-remediation-policy.json	4353	c5d642d68caee2c6ee1a7fa612ef5b16dc325b0c6161b519eb73849672248e39
config/pass36/a102r44p15-action-required-current-state.json	7213	9a0d72c883e0a254d8a0438aed0b94d17ab284d9e29ca4e5cf3146ca9dab8988
config/pass36/a102r44p15-approved-current-source-changes.json	8766	8f6fd9afcb5f56def5e0af31006baa18bffd14e83c22b39bac535d8ceb306e47
config/pass36/a102r44p15-parent-external-evidence-drift.json	1906	47c1e78764e3215da7f27a3ef50bd8bd133610598ff9c8d006c2241a16d9183b
config/pass36/a102r44p15-reentrancy-remediation-policy.json	4752	9d494127b71ea8666b3118136503e2e314b21307e6e15ddbc79115f79b3b8e64
config/pass36/a102r44p15-source-audit-declaration-boundary.json	743	486d0a19186dcc6f48ccc600c19afb08a9294bf562c9b042601f970cf8632e85
config/pass36/a102r44p16-a88-input-hash-migration.json	3322	bb7c90602aaec05b180b99c03591248a38be4400a953b5d7b10ec3c83e8a9d84
config/pass36/a102r44p16-action-required-current-state.json	9409	58a898b2a846968270a5a32b35d72c299e624098690ee38641096d68a3125b41
config/pass36/a102r44p16-approved-current-source-changes.json	27549	9385de0b9df9fe3aa05d4aa0ec573eefbaa735b8f7780cdc588aa21b51122afa
config/pass36/a102r44p16-current-sku-truth-policy.json	4609	fb80dd423b449eeb4f8cde4f7097ce8aeeda8268386745b683d0b1403ef9de4c
config/pass36/a102r44p16-route-ast-registry-migration.json	3027	215cb54a8130f362f32f9abc300e2da21370d3e2f8c143854254c117e539cf92
config/pass36/a102r44p17-action-required-current-state.json	3396	1083194b4cd0865ce23dd34728f868c2c141a8ac6cbeb0fad64f0c52857a5d80
config/pass36/a102r44p17-approved-current-source-changes.json	16704	15b2b3e79cb915dddceeac4a7fc9dbb214235a0de1402dff074c6a160046c57a
config/pass36/a102r44p17-lazy-route-denominator-migration.json	3410	3b8a6a2061edd85fe9fdc23d19def205c095df79cdd76955bb0a72476f0f7363
config/pass36/a102r44p17-real-provider-diagnostic-policy.json	23844	2ea153743109738ab8f02c653469df1f843dda9bf28a3d1d7c0232aa4aa4111d
config/pass36/a102r44p17-route-ast-denominator-migration.json	3259	ab1bd98649d67d727b6eeb0f2cdab148d1d21429b76c067169be4403b1bbddd2
config/pass36/a102r44p18-action-required-current-state.json	1941	9a62e15a43e2c1a58dad8d29eade105aee300faa4a57edd7a1081b8edcb7bb64
config/pass36/a102r44p18-approved-current-source-changes.json	8671	e0c551dde16cba036653f1d06c24fcd6bf15d34f2696f27bb4f3b6e9de59e1ab
config/pass36/a102r44p18-official-provider-rights-decision-matrix.json	7767	514adbb929e0959eaeef1aa0ca6fe0137651772fa02f6f3e392243857191954b
config/pass36/a102r44p18-parent-package-binding.json	1610	353c99965ea6e116006b8ac9d2d6515e1c72c7d5ebd547aa41ac4dc58d64a909
config/pass36/a102r44p19-a88-input-hash-migration.json	3422	117cf5bb300692cd4022c53f634e461d1df1c73b6c15f8e14457fdecdc67546d
config/pass36/a102r44p19-action-required-current-state.json	3419	33a118f5414015df89ebacd8e6d249f2ceac0a86955dc3e5a96e583162b49760
config/pass36/a102r44p19-approved-current-source-changes.json	6856	26536dedf6cd93be8c51c16977f1471f8dbe1e18ce5165f4477be1c54d83539b
config/pass36/a102r44p19-basic-free-pro-advanced-commercial-readiness-policy.json	3738	52f4c8adcbb684e96dd6a1ee4b89d46dd83291d2198001f8925772d4f7ab5606
config/pass36/a102r44p19-parent-package-binding.json	1577	75cee66ec067733b57e61b95f2ad61cf3ccec63fb455d188601590a0fd610dce
config/pass36/a102r44p2-a66-denominator-migration.json	1969	639750f2d692a3c2f5dede5eb293c9a128d321fb6d19aacdab9a16ffb0b0d505
config/pass36/a102r44p2-audit-lens-output-adapter-policy.json	2660	44e036a3928d4f547035a6e22ee7b23f8b60f268ebb66c751cb8f00dc19d8610
config/pass36/a102r44p2-audit-severity-registry.json	6018	f8fc1f18073ad9688fbbdb1284a0d3f27445c39fe912f52294d56826e5516d9e
config/pass36/a102r44p2-official-audit-toolchain-admission.json	1803	1363ee2f255e8f0d2a05c93a2992831b311f5833879e7c04599c0216157c23f4
config/pass36/a102r44p2-official-tool-readiness-policy.json	2277	e9caf330b4a8aa58a1f39c9a41112a05b6afc3cc379809cdc40bbac6a8f3ca83
config/pass36/a102r44p2-official-toolchain-policy.json	1537	a4ff700248f831f4c87c611f060a7f8aafa41aead066cbc1488a966b12261da0
config/pass36/a102r44p2-product-reality-wave2-state.json	11012	42e8eca7ef7f2cdba97d0612e3c4e02a2c54e84a4b65012083f146ceb7006d36
config/pass36/a102r44p2-worldclass-output-contract.json	3756	b4f072cb9af6d2eb88cd5ce0cbd42572c70bf40527225f5cdf657536a9f0b0d8
config/pass36/a102r44p20-action-required-current-state.json	1758	657da1234af07b1fbb6178f702161b42806866864b8fd12128d828e361690a10
config/pass36/a102r44p20-approved-current-source-changes.json	5951	7565989fc02caeaa230506fa595cf94195dd30082ae295d179ec8b85f05f11b8
config/pass36/a102r44p20-parent-package-binding.json	1287	a1952c1135d9fa08bc3d4d3c83ffbed964b28d979fbc08ef2b8f53bfb5d46fee
config/pass36/a102r44p20-release-closure-policy.json	1943	c87c1d5dd229b787e3e7ef2201b9ce81632e2b8a708f6c08f8ab286f83e2b352
config/pass36/a102r44p21-action-required-current-state.json	2079	112feceded157ac6cbd6fd9cf34afc793660d3ca1525c1a8cf3049bd1d6167c3
config/pass36/a102r44p21-approved-current-source-changes.json	6982	4275b02ec10bf08454822edd4e9e9da150d335d094dcca2c060b780c8348f304
config/pass36/a102r44p21-field-level-commercial-readiness-policy.json	2536	dcba52924fff8a803d9d61376469759cd1494bd6efd5c3169bfe012796779ca6
config/pass36/a102r44p21-parent-package-binding.json	1558	7068e450bab9de51f11a295d4376eef49441bbca8fe114ae5bd006f25a9707f2
config/pass36/a102r44p22-action-required-current-state.json	7498	0a3ed7fbaec3ab6db1b683ba61a76788814616fd3b1c6155c1c410cc01bebf12
config/pass36/a102r44p22-approved-current-source-changes.json	22078	95cd276e7e01466233d3ed3538d2c1c518d36c4922c52357e079e61473015152
config/pass36/a102r44p22-commercial-readiness-methodology-migration.json	1281	96fc9948dde397a7a6e7baadce866764aeb19c0e48fd3fa0812df0d32bcf3173
config/pass36/a102r44p22-community-clipboard-policy-migration.json	2003	b8b75f28632e30d1448a4a7df3581ddecaa57983a70a1a40107c519717062b1c
config/pass36/a102r44p22-current-visual-freeze-baseline.json	3352	9d7b82ccfa53a1c03482d86051575abb7d3f6de51d16334e38cf8294e3a28cb1
config/pass36/a102r44p22-download-boundary-denominator-migration.json	1005	0348a1f965de1a4af4e68c0369cec02cc188f29764387afb8ae63dd6dbf1b863
config/pass36/a102r44p22-exact-runtime-blocker.json	1228	3f752b611981ab50cc9cad4c1c1ad9fff68468bb054df1f53b438e6bee40bbf4
config/pass36/a102r44p22-lazy-route-denominator-migration.json	889	4466be32fd33c93aa0956f6745104a1807ed698fdc2582011eb7dd25676a95ba
config/pass36/a102r44p22-legal-data-alternative-registry.json	5720	f9995e6540a81f701db2d3635c79efe654f2c283d9581329c734f7b6b0fc4736
config/pass36/a102r44p22-paid-entitlement-reason-migration.json	1206	d5eae946c9d650c247b5430bc453566c4fe7535f1e94bea64b74ebce5b911dae
config/pass36/a102r44p22-ruthless-customer-policy.json	2706	07f6c10f7917bc58bdcec8e2e40fc799cf88311674898c83335025d3c20b6b9d
config/pass36/a102r44p22-visual-freeze-migration.json	1038	bcc9ac063c0e36152f0554c3863ccc15d441322ff516cc5a31e89fc821c4ac7c
config/pass36/a102r44p23-action-required-current-state.json	3883	7cac5355a3a1c158a71ee63ab4b5a59e1a892d0e6583365fbf38ee206f84decb
config/pass36/a102r44p23-approved-current-source-changes.json	8473	ee1da4bcf3ad7ab371bd5c9698d4d39fab277fe6bb4be38d83388a0812ba8a06
config/pass36/a102r44p23-disposable-customer-lifecycle-policy.json	1788	59bb8201b4eca22d45a8373d8656870979a33dbdab4df4b65486b3eb1180ea50
config/pass36/a102r44p23-local-e2e-denominator-migration.json	3795	b6612c82c5a7a3ff3c59550e0baaf247709ea7ae60030b001d8b69de78d78d4e
config/pass36/a102r44p24-action-required-current-state.json	2105	3af20ad8a82c458cbf5e2738bd8741b8aafb9b20f63334aca7744ff393ecc275
config/pass36/a102r44p24-approved-current-source-changes.json	8653	70049de199f60c787bd2e6f48d88e5ad330dc547b6bb34bc7a0b646d645a8659
config/pass36/a102r44p24-historical-test-lint-migration.json	1573	f60ea2496317e16cca93bbe11efe5747220f70ff7e0585929f2bbb38ec4cdda9
config/pass36/a102r44p24-release-integrity-policy.json	1368	973b9cd442be2d2180b94d0d07c98fd4e59789331955ef5b1267089e5f4cff6f
config/pass36/a102r44p25-action-required-current-state.json	3401	fdde041cf07173673941551e96ce9f6d322c0e959ac9b2be633df8dd2ffe045f
config/pass36/a102r44p25-approved-current-source-changes.json	11030	b411b9cb9fd1ba435c5e6c47813e4c8df342fb6a4e974990e65f0505520fe3e2
config/pass36/a102r44p25-exact-windows-admission-policy.json	1104	8f2fb683fd24c0287a9dc15a3b624b586cead76b1acd4053199058226385f55a
config/pass36/a102r44p25-parent-authority-reconciliation.json	3916	c8701f6766b758a531365466a4cd48ec2b44a122424f32c44d6c45bda65814ab
config/pass36/a102r44p25-parent-release-evidence-binding.json	5263	f4150ac4a04ae4b84bc001db7748fc9807375f28bc57326e7247cb89791ecf94
config/pass36/a102r44p25-staging-admission-policy.json	1831	376360df996c9a3b4613310ce188d4f4588f12e0b3284b69147b6a80587898c2
config/pass36/a102r44p25-world-class-completion-program.json	1366	57b2453842d3244f437db2fb6b50d02003590516f812eea88547fbe19b2b8e49
config/pass36/a102r44p26-action-required-current-state.json	3334	7bb8b2e8940fd895958c7c46419ab6444eed8a9adc89ba8b58973ab562332957
config/pass36/a102r44p26-approved-current-source-changes.json	11609	126c8486fde59351d62d36933439b85b60d0a8d983ead74b95d81b36ffad32c6
config/pass36/a102r44p26-exact-runtime-bridge-policy.json	1293	9b98e474c5888890f45e80021ed01e20eca3b25d154f9b0c972fb582f6b2d79f
config/pass36/a102r44p26-external-evidence-trust-policy.json	934	011d0f3d01ecfaa74479a3fa365a4dbcdd12ae42bfdc3c43fed8201fc501cda5
config/pass36/a102r44p26-staging-semantic-policy.json	3308	ec192b7e81a41304f9d120d0df60c188bc432afd7419268762c9f7ce6b866212
config/pass36/a102r44p26-world-class-completion-program.json	1302	3d9cc821c2303c8d7a981a2e0a5c44ed4de6b19134b623c04add758771086032
config/pass36/a102r44p27-action-required-current-state.json	3969	2eae58f2c655095c180519505795fda16772c75cc4f1777adad747815df5025c
config/pass36/a102r44p27-approved-current-source-changes.json	12000	b49f31700c2c64eb3c5e3dfc09feb1bef14eddb79447ac2aaeba823186697f59
config/pass36/a102r44p27-external-evidence-admission-policy.json	1343	eba0ee845e7c382cc24290abb311c1f8bad1dfcc6beb369b09632a5b4a7ee231
config/pass36/a102r44p27-external-evidence-trust-policy.json	1544	cfbd24bf3c21ed0b4c1487a31f64c54bc22e2aa542aa19008bc81461dfa4c8eb
config/pass36/a102r44p27-staging-semantic-policy.json	3406	0c75fe36c3a318f0be9bc92208bc808997796f25bf9b0fa3868eac3314f70354
config/pass36/a102r44p27-world-class-completion-program.json	1548	616e91708d2b32918f806fb6aac4b91f07fc1938c8998e7fe1c4210460634578
config/pass36/a102r44p28-action-required-current-state.json	3827	e15995074ea61691975ccfd522d72d4e433edd959bb9cda6d581f94756260007
config/pass36/a102r44p28-approved-current-source-changes.json	8112	b5990d10e61f861214d20fd5f5a50cfab1bc98105c85f011319f78d547a2e101
config/pass36/a102r44p28-external-ci-rls-evidence-policy.json	2787	672cff95573d823516e02adaa046cfad52d7780e047eed038ab760778f90f0b2
config/pass36/a102r44p28-world-class-completion-program.json	1100	2201d2b28fe65051fa6457821b923fe1be9c55ad5032c609d559d097c9cb57f8
config/pass36/a102r44p29-72h-watchdog-policy.json	1076	c1fe608a89b750bd97603a0392801c195adcd93cf5071f9cdb5172875dc205f2
config/pass36/a102r44p29-action-required-current-state.json	2862	f4761d0cb56ea5d379f6d33aa7617571d78d818618b225d2d450ab4a59b80ca3
config/pass36/a102r44p29-approved-current-source-changes.json	14170	c9be3c101d7667a786ac710005f90f3af83be4005beb8390ee43e56b4957036a
config/pass36/a102r44p29-evidence-quarantine-policy.json	1286	dc44da2eea89c53988e66f99255d6da7c5d4bb8214f73bf816699290b1edba8d
config/pass36/a102r44p29-r44p27-fork-reconciliation.json	6734	431f83a1bc79e154796b34551dede512dbf9571ac59ef1168903aae6448867c6
config/pass36/a102r44p29-trust-anchor-policy.json	1206	3c2582c5f4a8ff0ef3dd1ac15a80f2280c9699d5e1d362230317d78ed34015ec
config/pass36/a102r44p29-world-class-completion-program.json	1171	811af9b62a55d291723e209df2ebb7bc18a552cd1842aaf5473c80fb15938372
config/pass36/a102r44p3-current-byte-product-matrix-rebaseline.json	3472	3ca08d937390a0d0d6ffee45713f274058ac6a1818865ca8649284eea1d23b63
config/pass36/a102r44p3-product-data-ai-matrix-state.json	8065	3d29b0cd03dd076e3f226e4e8ebed0e74b0655d69dc805eefaace960c45de8ee
config/pass36/a102r44p30-action-required-current-state.json	3402	80232ad20c7644b7f7983b8e51932180aa01ef1344a2d821880774e578ed6bcb
config/pass36/a102r44p30-approved-current-source-changes.json	21412	3f5368b59508b7a51f9daf998e00c6e210a7bfc1c209b30b65559a4dcf0a76d3
config/pass36/a102r44p30-browser-evidence-race-and-profile-migration.json	2363	247149d81b5a05d699837e13652a95fa4e301d025e43efdea9a8fd5d03ee1ea4
config/pass36/a102r44p30-chromium-full-page-screenshot-backend-migration.json	2000	32fa8975579e248581a119e74e1d3109dab719b2bd22003d9aeb7a66aecc80a2
config/pass36/a102r44p30-eslint-batching-migration.json	1458	649bceb704961a7693422832de83ad3ac82a96db2d7f823de19ba66e942b0d01
config/pass36/a102r44p30-inherited-eslint-cleanup-migration.json	9398	3dc0e51629ec32deda771f817056e11caf977bea4636ea4071b8058349db76ca
config/pass36/a102r44p30-runtime-package-input-policy.json	1679	d4f1fee5605a58b98ad05318c7b54b7146c6b6584ea5f1e96f4611433ca16988
config/pass36/a102r44p31-action-required-current-state.json	3523	e0ab5aa1022f47c21347f6cef14f95b7621f0406b4708697c98967cd7930f158
config/pass36/a102r44p31-approved-current-source-changes.json	9934	73c8b9fede570b6c11f4eaba919063c16b3dba8a20de4044ef530b691d76fe94
config/pass36/a102r44p31-external-ci-attempt-ledger.json	2406	9fc9b8b9a07ac9a32ab68efc32f7cb68249626ad949f8ff20ea3a151f6644b49
config/pass36/a102r44p31-external-ci-storage-kms-email-policy.json	4376	a1fc15a05319d8f70027ebccca7bf4e4f076a6832971c58060e7f456fef85abb
config/pass36/a102r44p32-action-required-current-state.json	3107	7360caf715b6ba272a1a939fa0981ae14edece1cbf966001a3fb02ac419070ad
config/pass36/a102r44p32-approved-current-source-changes.json	10246	86e63ac2c569de7efe2095999e8949e7c34c62a1f462b66db1cedeba2d3b461c
config/pass36/a102r44p32-local-durable-stripe-lifecycle-policy.json	3191	943340912de4058de81911ab8ffbeb3fd25d52fc1c948ebc503dcf403277b873
config/pass36/a102r44p32-local-stripe-attempt-ledger.json	1338	c2d912ff8931cc9f0c89d8ff99eed523c0bb4d7bc0a5c9bb3f9233998308fba4
config/pass36/a102r44p33-action-required-current-state.json	3582	1779d1edde74e874de7531751e9799a1352b3650cb2f3a48b56d1812e0fb169e
config/pass36/a102r44p33-approved-current-source-changes.json	9902	2e3fc073750fc79bf42c600045a60a6a84fad587e7b1cae67eafddccacec0001
config/pass36/a102r44p33-external-ci-attempt-ledger.json	3451	a4997df4c1af2e234248d04112be64c114e1d88bed73b51a0d8b9cdc15d7b77d
config/pass36/a102r44p33-external-stripe-mock-policy.json	4647	f5d10023587c4bd66f6be57fdbc06b5cd13dc4fa53265954e3a4c2d63ed9e4cc
config/pass36/a102r44p34-action-required-current-state.json	2859	774bc4b9b54cca41de2817c5519de80c65e13f251fc275ad567743e26b4c9dc0
config/pass36/a102r44p34-approved-current-source-changes.json	13136	b13d8dafb60312399e758afede365027b68c04adea5e371c3e00c8f2cb8b982b
config/pass36/a102r44p34-canonical-product-topology.json	8127	aa6a13851b0f2c1d3835bb891ae9b1d6e4e1e5df0abcf8062da2e88059cf8a39
config/pass36/a102r44p34-customer-psychology-policy.json	1443	d17b3db0b27f13c1a2a8f0eb9d3d4fc0b46c58d20dda3ab5e8464dfc2594fcba
config/pass36/a102r44p34-dynamic-scoring-policy.json	2954	3c6b7ba6744685546ea79b15fd80a9468797a1104a1e6eccaa635449d1758342
config/pass36/a102r44p34-score-gate-ledger.json	38860	2a24334c3bfd5ae7e06e21da0e38273c2c05ab8c062f85ac89ed6258f7e8bc36
config/pass36/a102r44p35-action-required-current-state.json	7875	4d96a298c3582e4d3c6adef3696284420dae35cd1c3b34624169a90a21cf5d17
config/pass36/a102r44p35-approved-current-source-changes.json	24613	568f1eb8f9f5cdad3e40b0615c2eabc81f43cf65a012c4cda64df01099d1d4d8
config/pass36/a102r44p35-canonical-product-topology.json	8140	2dc477171292b777e5339dabe330c53e9ca2df36557c326602faeee009363837
config/pass36/a102r44p35-dynamic-scoring-policy.json	2958	18a0b7ecf2344dc0a609f8209da54defc41dc1ae286babf17718a37a15dfa879
config/pass36/a102r44p35-score-gate-ledger.json	53817	a3553c1fda95ce8289dee4b58bfc71f6ce371ce643b1cce6248530fa855b642f
config/pass36/a102r44p35-standalone-psychology-policy.json	1242	141daac9cda80ea0484585d840c47fc39c98acc50de375d7ea5741338a03ca6a
config/pass36/a102r44p4-audit-corpus-50.json	37506	f28da89fd89c35f7d01ae3ec73f6265afe7cd01ea91dd9479a8dd4fbe88fec89
config/pass36/a102r44p4-github-actions-provenance.json	1992	757350450ca1c36c06ec7a2bd20255411bd3d78e09ae74668626c669c1dcb47e
config/pass36/a102r44p4-official-tool-pdf-evidence-policy.json	1919	3ed5e9d2545318d4bd9e4f847649a7393ccc77858bfbfc3bcdcfd40b91b1213d
config/pass36/a102r44p4-official-toolchain-platform-policy.json	5590	d58bb81a0781c864ef304170009e602610f5c52c4491f25e7341a4b1826a1bd7
config/pass36/a102r44p4-product-reality-wave4-state.json	5894	e9b9953532996567366be894ec905e1d3c53f94dd1deae3efd601a44e8eb66ba
config/pass36/a102r44p4-semgrep-version-migration.json	1437	447098105ac472f25d3622b585b6e9f23e2fa3d3307a47909d9a48095bf7ede7
config/pass36/a102r44p46-a60-typescript-denominator-migration.json	7851	4451553d132e1c88a4d557e862c2ad524a6e40ec81851dd78c3702d33b0f4730
config/pass36/a102r44p5-action-required-current-state.json	3675	bf214db2ab3398dd1990bc001456e2ef8f8d3f8c7c293f5492d77b2e06465591
config/pass36/a102r44p5-exact-npm-lockfile-migration.json	83843	6dc7bfefbbbf801a049075c98794d69e3c96fc095d03d201834b636ad22f4a2f
config/pass36/a102r44p6-action-required-current-state.json	3023	22e8608ea3c3b0a5e81063e014682d25ae9b6b2282f6c96a4808a744ad976108
config/pass36/a102r44p6-cross-surface-tier-value-scorecard.json	13541	1645ae0fdd6d3bc4e5f8129590f5b1b5c4a35de2898886da441e3d8d758709c8
config/pass36/a102r44p7-action-required-current-state.json	2713	51be065e50969b7eb889992421b5f7819ea68b562eae26d9436186629a79d781
config/pass36/a102r44p7-advanced-incremental-evidence-policy.json	6289	a50e60c25a930132b50ffb22ed6357df2e35b747974f5d889942fc3c2a70d39c
config/pass36/a102r44p7-advanced-value-scorecard.json	2689	86f74325c6b245b11ec8ce9b50569341ccd1f12375476574e76e83d5853fcf06
config/pass36/a102r44p8-accuracy-customer-truth-policy.json	2726	ed02ff40d03f8642441aa475385c3f7efda5a5ec2568b87f4ebe21fef9b49d8d
config/pass36/a102r44p8-action-required-current-state.json	3161	2739db4c3ecca06e39aaeb84e71b7f9c6bc910f4810882f01d0a1d21407c0eaf
config/pass36/a102r44p9-customer-facing-sku-truth.json	1551	8c49c5ebea5483e4c81d4aad4ee7522f7fe1fe67690a006a533224fa30a33992
config/pass36/a102r44p9-independent-final-audit-policy.json	2103	548224ed127f1c7a42c64898a6f13baf445b48a6973edb95c70b8d1013c1d0b2
config/pass36/a102r5-action-required-current-state.json	12035	fac4be1c3e6cbe318397bc87db11928e9b80fa49498e6de870cf5bdb20c28819
config/pass36/a102r5-approved-paid-access-boundary-changes.json	12665	134a5845d4d15a39d89ea125c8a661ccbaf12a212e57562dafdc858f03e6511a
config/pass36/a102r5-current-root-descendant-manifest.json	6129	38b9cc0e689534e290fb10508ed9c5e929828d2d8ca020401489091e440f5d42
config/pass36/a102r5-local-regression-receipt.json	9704	1febf04643bc4eb884592c9d4cec8b3a937c213c4e1e1e6d400cf563c667991a
config/pass36/a102r5-world-class-completion-program.json	18409	c4829886e096a47665c1e0ccb23393c9a357da792502df2c2b4308ba3c5a02a7
config/pass36/a102r6-action-required-current-state.json	13448	4c9c55703e7a18a51d4b08f7215b923bc707863b3afedab12369c04bafee83ad
config/pass36/a102r6-approved-private-account-browser-state-changes.json	3214	2f9929726dcbbd685cb8b02a4de6279ab7742994d3578b114fb8be8a4b6358d4
config/pass36/a102r6-current-root-descendant-manifest.json	6152	9bb2c673da11682eab68b93fd01fe41aa5ed465335ca74bcdef9bffc7deb59f3
config/pass36/a102r6-local-regression-receipt.json	10471	5c9f9fb64ec657e46dc3fd362c6b6e607bb45570ceab8488cdb47ad845571db7
config/pass36/a102r6-world-class-completion-program.json	21067	dd0f1fb85f618d1d71d9a39c47b53587156df937f9c49c9d5b6e1286387c708c
config/pass36/a102r7-action-required-current-state.json	15029	aa779d6e6ec5f117b5e3e810c3ae7d45dcea0358f3409724a093e0a2d484e114
config/pass36/a102r7-approved-mobile-wallet-deeplink-privacy-changes.json	2411	9c0f3120a496bc883a0e1e950d1aee65426f81be2cf97d445bffc1676240fa31
config/pass36/a102r7-current-root-descendant-manifest.json	6165	7db6b8ca32032253c4afa48d81e631ad40c7b91172123beceb4e4805df675ca5
config/pass36/a102r7-local-regression-receipt.json	71181	b349f6b6e291bfe7b4b71f0b903a5bcf31f20db87ae000cda4b8e7644d8e73a4
config/pass36/a102r7-world-class-completion-program.json	23129	5026e5175afa567a0ac7bd2b82e4acd8b196912d6d68f92b630fe8a1b02b5c6c
config/pass36/a102r8-action-required-current-state.json	17208	d26c8f16cf0670cc84fa7f691ae357bb6e3bfe378a13315b2bd28ed5ae4a13c6
config/pass36/a102r8-approved-checkout-customer-browser-privacy-changes.json	6743	e09a59675e258b844861204ed960cf92304d9ee53fd378ec41141994f674c6cb
config/pass36/a102r8-current-root-descendant-manifest.json	6506	3dd4e1cc4bc3d50714c9afe1875bd9875dba408d92d2f91fe42d35fd68358e67
config/pass36/a102r8-local-regression-receipt.json	71266	ded6f1c7c82770cbba14dbc46773db6b8818f9a3523960f56f4f9dcd5b4e5ecc
config/pass36/a102r8-world-class-completion-program.json	25533	b0baacc081ca0fba882ca3a1f11e98528599ad65bceb797ff843fae8d7c0eb8a
config/pass36/a102r9-action-required-current-state.json	19288	6b050dee957acd42ad3844f0bf9e1308c597ecadc4aeb1573d2fa79290165fe4
config/pass36/a102r9-approved-system-clipboard-privacy-changes.json	3791	9e874fda76bcc9f1920d3aeac6fdae94a8bc9e7ad277e67b710cfd82d7954336
config/pass36/a102r9-current-root-descendant-manifest.json	7211	662bf7194dfc5d316b50e96249c9c1cfd1ac6212c8725e7b2932b72376d8f623
config/pass36/a102r9-local-regression-receipt.json	71475	5e57d190b85b0fd70e8c1ea4707a01fdbedb1655b13d85878ae23dc29eeab211
config/pass36/a102r9-world-class-completion-program.json	28438	3942e858be7a387d911d321e10d35c558e09d961ddf5bdd707f6011bf9202d6a
config/pass36/a58-release-integrity-policy.json	3600	518dfbeb300d4dceb29b993a80fde37d555553bb21eb696d99c141709b37ac14
config/pass36/a59-build-graph-route-css-budget-recovery-test.json	15496	76c27358b77918c7f8379eae39d148734ac42a12b08bf7c1e0b4994f0a998868
config/pass36/a59-build-graph-route-css-budget-recovery.json	5074	57a70edc4c68dcffa036d2c14deef3b7f86b764d62e745e0e1e04803f038553b
config/pass36/a59-css-compaction-receipt.json	1978711	836f66a12d25702454146c83ab08f207ef03d3725217e6e322e3acdd8fc44f8b
config/pass36/a59-css-exact-dedup-historical-a39-removal-receipt.json	1344	706a2ac0df3911e4e7527204e79902917c59b7416e0abec1399b90108fb7e2c8
config/pass36/a59-css-exact-dedup-receipt.json	12175	3ea1e1119c3413dc974800477318adc3587dc1d237d6d8f67127c322be9fd74c
config/pass36/a60-exact-final-byte-build-browser-acceptance.json	6014	98873376e8c13be5cd263ac4e38a389f7133cc5c8f370b7d77f0f5d5fc046c95
config/pass36/a60-harness-test-receipt.json	39320	c235410a39ac1434b02706328aa8cad0e6e16d7f614ca146fa27f902497472dc
config/pass36/a61-critical-offline-gate-triage-receipt.json	3738	22f8732bd2e024126e72ba3bace223f143b25bcca59f96b65d64e10c1f7bd876
config/pass36/a61-current-state.json	1683	aba98c8b9e9ee41a449023b1eb65c3c863c9a657235499cd460c9550a6a3d3e4
config/pass36/a61-historical-artifact-recovery-policy.json	2757	39512f4084670b1848d0ac64ef3b7d517e13a3795260cdb6606994b64b63ff6c
config/pass36/a61-historical-artifact-recovery-test-receipt.json	2984	0d333ba9c29be0b717dcaf70e5e35c87d82844097c98d5386952771c92ffb357
config/pass36/a62-current-state.json	495	fd585883d2dea3a8f8b2a4dba89770fd0dea44758fdb7f2c578a97cfaf8d463c
config/pass36/a62-offline-exact-runtime-dependency-bootstrap.json	4945	e4fffd1e80f4318662afd2fe7591c602557810b92b215e36837f3f5c98610c9d
config/pass36/a62-offline-runtime-dependency-intake-receipt.json	1147	12f3308599c7b0836aac39a1a91d01c82e9d9e59d78e31da0bb9219f2ca644f6
config/pass36/a62-offline-runtime-dependency-test-receipt.json	30100	241f0fd2c0cee18be3239f75c62c30148dea85dea22dd00e45761eb45d080815
config/pass36/a63-current-state.json	1693	1c4561a0222969bb7481b6d1eccc58f67d1e46e3a487a0d1346d9b1afcebf77d
config/pass36/a63-staging-program-orchestrator.json	8608	386985a5c20a6e30076957caa907c782a8b2ed66776a67f0ffbed1618adba04c
config/pass36/a63-staging-program-test-receipt.json	382	7e3f1f4c18963a4f0e506b48e461d74d82feaae4c67b4d00f711b4934deb92b7
config/pass36/a64-a44-control-metadata-anchor.json	996236	48913594a9e0791f58dd621ced4a5f1d6c830af3218ecf8fa288abce12d70a3f
config/pass36/a64-current-state.json	1058	5011235d66dec3f5a94ba7c63ad7401575e77b5b1beb34b36d60ab81437c8acd
config/pass36/a64-historical-control-metadata-recovery-receipt.json	29762	5a2ea266555b9968699b3e66104a8c4d7c319606bfb82d8edd2eff76584876df
config/pass36/a64-historical-control-metadata-recovery.json	1827	3caeae95fa4cd13069161cd53484d85dd2cffa6f208cc8f5b65438d12d694e44
config/pass36/a65-current-state.json	733	c4b57ddd03d6d55a56093be3877c16b427fd8b8910e02e3100c2c63afa601213
config/pass36/a65-external-command-trust-boundary-test-receipt.json	4498	829516435d7937fa901e639d4a8778cee84f212a499319c6e4e6b2496fd0f8b6
config/pass36/a65-external-command-trust-boundary.json	1766	8ade150b6d4752a44241583c6d2f84f9feadfb41aaa9c216b64601b5d2778bac
config/pass36/a66-a4-solc-regression-receipt.json	284	2654be2ad1053e0e8dcc91935a3cd2f8844a6269d4f4b51bb6b3e96351f40a22
config/pass36/a66-audit-tool-execution-boundary-test-receipt.json	2470	65586be2e5baa1fb7f64d4b606a879e96cd1b7c79e91217908beaf82e6fe748c
config/pass36/a66-audit-tool-execution-trust-boundary.json	1781	9ebab0ddbd58fd9f6bf521f1efd5c90bedd7961500b2c3ce56453457967cf0ba
config/pass36/a66-current-state.json	1013	08e20b2a03f6de1c719e86c8f62fe57e78017932e2c71ad97c827f83856d36d9
config/pass36/a67-current-state.json	2720	3b3e5ed21364df8292fccc3cf8d28e800a2c8774bcd768e6c2e73a57531355e0
config/pass36/a67-network-egress-trust-boundary-test-receipt.json	4574	f36055ab7b7b131cd7076f1fc36ed13ed37aa93f035d70ddce43f86a1ae494bd
config/pass36/a67-network-egress-trust-boundary.json	1464	27ae27ec13dbe532db561dab3c8b1f31e643fe49351b51a5bac7b4fb86f7d8a2
config/pass36/a68-current-state.json	2504	a30420ddc439788a7e757bb144a71a8e1aa4a9e21a6487c62756436e6ec396f3
config/pass36/a68-filesystem-persistence-trust-boundary-test-receipt.json	4631	c9bafa00d88ffa7407d31ceb9c848fabb9423f4c0caa79cbd3caf95e6dfbe064
config/pass36/a68-filesystem-persistence-trust-boundary.json	1351	29e9e6e2758d1f02c1fe0d3f0a8a9654455e0c9e710a92cdb848d20902794bc5
config/pass36/a69-current-state.json	2650	2b6951ab1e7ea46a90b3a5d5cdaab53df6a94995744012608cd6f67d90a8162a
config/pass36/a69-structured-data-deserialization-test-receipt.json	5653	8965a78794c4b18f8c13153a5a897d6c6c01ac1ae542e378b44ce962b9a95752
config/pass36/a69-structured-data-deserialization-trust-boundary.json	1264	cf7bdbab131ad4cb1bcfc53553f99a36e4c521d100177b41cbcac34232f50692
config/pass36/a70-current-state.json	2593	ce52170ff644538fa5aa7488a07320a769777974f4669e0a8aecbf480b0f5f70
config/pass36/a70-multipart-upload-and-passive-attachment-trust-boundary.json	1622	1317f67200fd643d970a89a76730e2867617b50c65f73a33a3df22fae0ea3ee1
config/pass36/a70-multipart-upload-boundary-test-receipt.json	5103	c10c66d9f4aff91c340b67ea1f55a64528bf371947f9b0074c1a2e636b4d5de7
config/pass36/a71-current-state.json	3003	c21c1627dbf676d43e0a3c09f3790ac978ecc7d9d32a393c1b46be565191e532
config/pass36/a71-release-signature-and-trust-anchor-boundary.json	2044	e7a11eedac19b18d40e51252b7a85a80576ab6b91c8858d867a985e411360a4e
config/pass36/a71-release-signature-trust-boundary-test-receipt.json	3698	3d07092cf81234433cae273cc33875b95b9cf1e89ac222800b5b9ee86d2397e1
config/pass36/a72-current-state.json	3469	1e034631f16242db5c333679395e4f8e6ce315d13250cedcb8b12e74285bf767
config/pass36/a72-download-response-and-content-disposition-trust-boundary.json	1291	bd2257af2a01fd90e8269dd4ca1b27549c6bdc514fc98e313870332ebd39441a
config/pass36/a72-download-response-boundary-test-receipt.json	7035	845d9ff1e78bfd0a6d99ef9b288f93e14cb8f9fa2aa940d9afdfb574b0658d67
config/pass36/a73-cookie-session-and-auth-flow-trust-boundary.json	1764	79ac86e91df1435f7f065c68a134715eab888caff6940c4826290cac049d3bf8
config/pass36/a73-cookie-session-boundary-test-receipt.json	6488	08d99366e27b27336eaf48a080964d5789937a918fe586afce068cc4c4cd6a90
config/pass36/a73-current-state.json	4179	410331a92f0977ecd0c1dd14ca022fa78f096a5868bcbad6ed48e8c1fcadce2c
config/pass36/a74-current-state.json	4562	7d95cddd13b5b520fc65ec3f3478d4f0276e8ad4b132f3872f76c9b24285b1fd
config/pass36/a74-navigation-redirect-and-callback-trust-boundary.json	1640	8cfe0a4f7971f2ac66720b4aa2eb389bce858ff02b86c0f7733eddb766adad4d
config/pass36/a74-navigation-redirect-boundary-test-receipt.json	6967	3e38315452c8a981df6040adca353fdf9f5aba18397fc1827ec56581c4c320f1
config/pass36/a75-current-state.json	5736	9fd9e05e58b8d741857ae8c5f498f61e12e72484a34c634bb93ab35f55efa07b
config/pass36/a75-trusted-proxy-and-request-client-identity-boundary.json	2025	ceac100622c8a55de7bf994d7a8d20d743cd3a5cd6cfe16b63b40098c4b015b2
config/pass36/a75-trusted-request-client-identity-boundary-test-receipt.json	6964	56b67c1a8c344ec3c96a5c3c437c5b8fe5b24f3c527ba944a0cc9b3c92397240
config/pass36/a76-current-release-roadmap-regulatory-truth-authority-test-receipt.json	6436	5fd7823cfba4abe05fa0eb593f328e808b6003fa2be9f77bfbaf9ef8962cd0fa
config/pass36/a76-current-state.json	3488	bcda3c5ee62a5f0056824594aa10e25876b2f0233e4ab51ab45a646fff0bf053
config/pass36/a76-world-class-completion-program.json	29314	1b1fc009713d9b2cec2b4051f232a933e041cf3e9b4d778275a50e4f6e170157
config/pass36/a77-clean-root-genesis.json	3310	17cce6500ba23472a6d1aa3a3a814ea7a756a241b314afc596da155ce9b68c1b
config/pass36/a77-clean-root-migration-policy.json	4574	f3b06bd592368648ceb2c00b054462b436978522da963d3bb8c414b0530e199e
config/pass36/a77-clean-root-migration-test-receipt.json	575	dfd0d4ac337b76f0269cf9810c1857cccdd799994b6d3a0df392aad9e7ca32cd
config/pass36/a77-current-state.json	3765	73fce1825db0a0154b8cbb305a4133c3d43c40cfcd7cb88ef0a47aa49ca0027d
config/pass36/a77-world-class-completion-program.json	32063	8ce628fc1324878383aec247a8c5ff2039d9725818d8a76442967a724b027e93
config/pass36/a78-current-root-descendant-manifest.json	1165	a54f187ba7f051b1b7a9113bc964b7f7fcf198c8dde4f27d1100badbd7855641
config/pass36/a78-current-state.json	2456	4581103093a35e32c0b868d225271e5574bf59c1358ea72bd6b33e0d230d828b
config/pass36/a78-exact-runtime-lockfile-browser-bootstrap.json	3766	3614f34a42c1431f6c87cedee1f46327cb8e1af9582104feaf5b07dc4ecaac5f
config/pass36/a78-local-artifact-availability-receipt.json	2492	66269fc4fffc3c23af3bf88d6bbe2b8ac5d8856d02ae6701b35c04fe0d4e633a
config/pass36/a78-test-receipt.json	1155	459c98ddfe89d39936c13764c9ee220da56624f9aff736db56382ab5ba1cdcf1
config/pass36/a78-world-class-completion-program.json	34406	853cf35545e1b3d54e2753252b2441979c72b793ab4564516a96008312c338b8
config/pass36/a79-current-root-descendant-manifest.json	1134	3e5319192f7558f0d4711f587a513f7a476ac52d3431e667108b2aca0d4bba10
config/pass36/a79-current-state.json	2967	d0d1342f4e7be083657435036979f898642a9622c097661370dd64b0df969131
config/pass36/a79-exact-final-byte-build-browser-evidence-binding.json	3708	c4930d2c038c8596051585460bf427ce8f4d60d7f3a739c883fadc2fe912a7e5
config/pass36/a79-test-receipt.json	11419	d23da39b517c5ae6a9af137e77d298440848e54b4a51e475fa8adadaa5c1e842
config/pass36/a79-world-class-completion-program.json	40337	aa5ef30dc63f66030688c39b99b2726c1928e5de2d1befcc89c974d474d2b53e
config/pass36/a80-current-root-descendant-manifest.json	1184	1f13152d226f13fd997ee3804476b78a2e7bb3e4eba38707e46feb5fb9346a28
config/pass36/a80-current-state.json	2162	d34e4addbe9e0d3bd97d951f60543da4741846b4f4963f2d74fab2c09f922d09
config/pass36/a80-frozen-local-release-candidate-admission.json	3435	81cdb5110d32bc8130e1bc5c8a7f74f285c8d6e6056e462cabea3a4df308542f
config/pass36/a80-test-receipt.json	7079	861988da179927127f69f7470d97f260972b7bf0ab2f11c56ecda18d82bbce5c
config/pass36/a80-world-class-completion-program.json	46652	b7fe842583a9015f669d3c00c53dcfd7e3e0079d6f21e471435dae6b00931a8f
config/pass36/a81-canonical-mega-matrix-orchestrator.json	12453	c0b44cab321b8930c83a3c2e8c283eae231f1612fa0ae64752c914e62e5f0420
config/pass36/a81-current-root-descendant-manifest.json	1198	f29176f8e155333fa211eb96b84f94747d922ea29d204091e6d05d7d7c4e86ca
config/pass36/a81-current-state.json	2148	e34ade5da04b7e301f1d18d2dd4c519c0e8c4198cd48cb5da481ea8990de6ba6
config/pass36/a81-test-receipt.json	10256	cb6eeab205d7459fa14fc0f2aebc4e43ed1cfe732376ee6e4083b2a8f3cc0aa4
config/pass36/a81-world-class-completion-program.json	50331	96adb509d262e65cee761a2df3f73785f01f66bbd29b0ff0d2702c201c5823f7
config/pass36/a82-audit-real-contract-matrix-policy.json	7188	5ca6648e7c49a066db9ec60abfc46597c181904c0e8425dd477bcbd8d1043497
config/pass36/a82-current-root-descendant-manifest.json	1214	a952ffd63615250ed2f3e442fa29a1ed40c82ab03e762243d24f4e1ac2f2ef93
config/pass36/a82-current-state.json	2673	1fcf6a3f8c8888c94becfaa5b031ac6695faceb4d4a7122547964051ed2ae45c
config/pass36/a82-test-receipt.json	9785	30604df6552b60574e23165fd1706f3872c22e283366a9e417b3d387921b519f
config/pass36/a82-world-class-completion-program.json	51224	087e5721ead3a4b78c2b5c697d3f2ed5a5e3175a5542aaeaf2f3f8e4eaf22bd6
config/pass36/a83-browser-lens-pdf-real-packet-policy.json	12784	a1f789045bbc3639bb8e7e4963d8ad16133b05287a30df8dd16338b50b95735e
config/pass36/a83-current-root-descendant-manifest.json	1275	9eb53131e2fa90dc25e0b2d12299da0bc8cf3daa4604eeec1a53e49505571ac3
config/pass36/a83-current-state.json	3213	9cb36e6566788b8e5654528972ea963ac1308b54bf7bf63cfa25888337c5ea57
config/pass36/a83-source-evidence-summary.json	11626	734af904938aeba25a2a5388110297868a99abfa4146a4207939bf7d16e9dce5
config/pass36/a83-test-receipt.json	8910	7d9b98eaeae84a13043017561ae9f9ac1b7ac681bceda62a00bf1239c37c32e8
config/pass36/a83-world-class-completion-program.json	68050	8a924bbcb4ecbc5d6d3947d148ba916e52627f90d3f837edbf020c4c9efb9d54
config/pass36/a84-current-root-descendant-manifest.json	1405	a76ad3da24dc691fa55e60282453f813c52ade0029b154e2fcfedfdec76cc6dc
config/pass36/a84-current-state.json	3144	f5ce719bf3ecb3ed48a34be62637ed10c2473a1c45a36d18b6ee6cc67de9192e
config/pass36/a84-shield-full-catalog-tier-matrix-policy.json	14787	95bbe8a4bfc01ff5507404e0c7cc80be62eba1ddd18f6f0492d5d7c551deacf1
config/pass36/a84-shield-real-full-catalog-intake.json	710	d0f76f001eb4d04d1faa3b3f8771fc584e95d22516999a851834f3fd554e4493
config/pass36/a84-test-receipt.json	11739	6893934d6c27dd61832b93aa3ff702b5622b11d536523d5ff701f846fc5d7cef
config/pass36/a84-world-class-completion-program.json	77544	2d34ace4d2026cd2c134103bcb15f29c0eaf29c52ffeaf7bb23273b9b0672a51
config/pass36/a85-current-root-descendant-manifest.json	1535	80735d96888562ad54377f567d4f52d2070a097719896e20d779eb9be5f647cb
config/pass36/a85-current-state.json	863	5ce295d9e8487d57e73f81ceb7da4cca30af063348cbcde9dcb946cf10948734
config/pass36/a85-shield-pro-map-full-depth-policy.json	13179	99d45a32efe55d4d630a6fcab42c3b4a47a5b54332ed6ddbb23b8af52653bc73
config/pass36/a85-test-receipt.json	12742	f72de4db59f4c72202034decbd9c82716056e75295926b6e7fec0cbdef6e69ea
config/pass36/a85-world-class-completion-program.json	87325	fbeb20ec19bb947d863157aec45d3a8549fed0abe8d9851ad6f7de31e6a2d41b
config/pass36/a86-current-root-descendant-manifest.json	1487	4314e0c345e457658856d8d3215d7f32618d9b0eda702f4b492e84e336cb6036
config/pass36/a86-current-state.json	1095	f67b5666d8d62d233897453561c03c47b562a0b70887f3d3d4ae6de032a12c73
config/pass36/a86-real-markets-cross-asset-policy.json	16183	b0edde004b2628cadbf3e1578962793c305bd9e497e5bff96a2895fe7ec683af
config/pass36/a86-test-receipt.json	12466	e1808128675e4fb1ffb28abee41e23ab28dacfc89a09b6b44115077ab0576177
config/pass36/a86-world-class-completion-program.json	114640	519e7c547f3d58cf1625ab453f0ad6a0f13898ce6b5d3d43d550c5cd234f4921
config/pass36/a87-current-root-descendant-manifest.json	1728	1c3df450edfd71bf4b09f8ccad62e88caf7880e0cd803cb4d6a5f7a6a8388ed3
config/pass36/a87-current-state.json	1405	6a80d0b4d2c35fbe64222af40bfe3c030894e2fffdf978edd275ede45c6be7b0
config/pass36/a87-market-impact-whale-watch-policy.json	13008	c5021f10d9ed8e11153eeaecbd7213e62323ad7ca53b05ee3bb655c1332b1b87
config/pass36/a87-real-evidence-index.json	430	2172528b32929dfd8bb1003a7fca55b8a07bee5b5d5ac61f7e97cf140f74d847
config/pass36/a87-test-receipt.json	14814	a3d7df46b57f4fa77b2b22ac7f8a935588eef9f6ae1b3f438ba2dbc710b2b747
config/pass36/a87-world-class-completion-program.json	116671	9f2b5cd51de9f68fe8bffa0549e15270cfc094161c92ddebadb7c1a3597d040f
config/pass36/a88-brain-angel-risk-eval-policy.json	17905	7b836d8433d0dae93ce87bea78738843559bfc464198458f0161d54d1c1fba7e
config/pass36/a88-current-root-descendant-manifest.json	1620	f6fb53243074a93016fb3b59f09e79e45bfa38f4ff1b1080ceec06883b9d7fb3
config/pass36/a88-current-state.json	1837	64a4e8330c7b5a61094e79448955fd5ecde8e041b1b7e04f70f9cb3f599ebbac
config/pass36/a88-real-eval-intake-index.json	1580	7d580d2555a355f16b0ec6d799e9e714cd5d36d3491195a19d79116bee0649be
config/pass36/a88-test-receipt.json	21141	d4d923985e8baa35f861f985cd3be9d76a11e886181ae16d4babc9b0ef200a33
config/pass36/a88-world-class-completion-program.json	129297	37f135a2f953f1e148da28e5b965f603bb84a48691c4422ca0b1a51cf0ed95bf
config/pass36/a88r1-current-root-descendant-manifest.json	1862	97f6f32ad3948b06e54779d6d55952aaa697fb949cab28474d207a7ceba686d3
config/pass36/a88r1-current-state.json	2691	8fe6759a7140c67609061e9a9d90b8bdc2a2554f2e4df18a61012e86abaa9d32
config/pass36/a88r1-physical-pdf-evidence-retention-index.json	6161	19a85da719ab8240222b11b3b34b8aa39a0e7319fc51fe5be4c79b4ab3c0aec1
config/pass36/a88r1-public-trust-cross-audit-roadmap.json	5503	0c270b64ec0e2463f49d9ef55664a2e42978e6fac5a3d730da0ad825fbccd137
config/pass36/a88r1-semantic-route-privacy-pdf-policy.json	14959	e416948a1f5e6ea8092ed6e856834671a81f5c0f1e16e33e3f718aab0067c881
config/pass36/a88r1-test-receipt.json	62563	b4a574aa8245b458ad232039d59a780c034fad19aa87ab3b7ecc120bc641f373
config/pass36/a88r1-world-class-completion-program.json	137528	77549f3eaf3b5fd18bd5dfa1f5621e3e50b628ce7f48d164f6fd3d1730d9bc81
config/pass36/a89-account-auth-tenant-privacy-policy.json	12585	8f66180aa6c7b7786517726b3c066e5faceecc5204b437b982d9e2976af2f132
config/pass36/a89-current-root-descendant-manifest.json	1630	a7b1373f3b30286c5df8322810bdf803c5823903b65bd4ad9f834c4281a9a2e2
config/pass36/a89-current-state.json	2908	d87bd864be65b79f6704f6815d307d647e41571a725dc39682a89959d16e6cc0
config/pass36/a89-public-trust-intake-index.json	2096	06ef0c22385233f92c8cd2497131dc0d69cb233e337b98fcd275cb6779e4cc2f
config/pass36/a89-test-receipt.json	1787	4d0e4f6beafe8411d306a805b1dc6a678dd5ec0031c5a45c51c063d5b166b97e
config/pass36/a89-world-class-completion-program.json	145248	b2505b4979ecefde60a7641d67c9171608fc6cf08415678ca44e2dd5d927dd57
config/pass36/a94r1-action-required-current-state.json	5140	3b92b336c48eb1023227e43755e6e3d7611bad90304e60b2391b9abe173dbf71
config/pass36/a94r1-change-set-summary.json	180491	129dbee5f587733fed6bd923a66d16b226b0b1ba226e5f0dd217c87a983c3913
config/pass36/a94r1-current-root-descendant-manifest.json	3932	d52a9266c69ef48fc219726912cc0db3f131ffcbe940af464539ebd44ade3231
config/pass36/a94r1-local-evidence-summary.json	5580	50e87b0e6519fa2a25830da3daab463b6b07440fc3c94763b459a187b1ab5f50
config/pass36/a94r1-world-class-completion-program.json	15942	d47aa82ed0f707883cea9aeb34289189516765500333343ee02cf4757ee2c941
config/pass36/a94r2-action-required-current-state.json	8130	23253714b82b1590979c4b22a002c65fee459aeb17aff43c271c4b1c0767261f
config/pass36/a94r2-change-set-summary.json	3716	df1f500607510626a94b47beec560221af0cc2a7cf35f606c44cdb6131d15cd2
config/pass36/a94r2-cross-surface-value-truth-policy.json	5383	3b0a72098fce50856a25d40911c2d198ef82adbe30c65fa5c3015769e0a1c79f
config/pass36/a94r2-current-root-descendant-manifest.json	3964	c2b4f5b3d9d2d5b083b1c0efb7551e18a9453056df864b65106645e7813083bf
config/pass36/a94r2-local-evidence-summary.json	4098	19f74b2656b83c345b34eef71e39f9d3b9b2da4b634e98d0d49441b3d32ed55a
config/pass36/a94r2-retained-pdf-evidence-summary.json	2211	24902b07f943440f1decead0bf0dc0802a10a2d4c6e149e79a24379949d786d2
config/pass36/a94r2-test-receipt.json	1431	f90b280a3c790693dd7e9dc7b672d01bd1678d174535e75a0546eeba639252a1
config/pass36/a94r2-world-class-completion-program.json	21037	476ed00dc3a11a479d1d74338674c05cabfb8bd3d1f317dfc847f5a11ec83197
config/pass36/a95-action-required-current-state.json	9158	ea33e96a1fd839b16264f4150eb6a31d8e79594bc0259815506d0879521b42c1
config/pass36/a95-current-root-descendant-manifest.json	3451	4cd6e857d0c8560efdf2c1a7942486b2878b55d7e7af395148f84d587beea7d3
config/pass36/a95-local-evidence-summary.json	1985	30562d06ea871e0b38eb731081e060cb0a0e64d0da9a4b6ddf35982c3907df57
config/pass36/a95-staging-subject-admission-policy.json	14317	a183ed26c03a927f40ee1f325f03fbdc55e3178858644b7bd003d0814fabd520
config/pass36/a95-test-receipt.json	984	fe5812fba7475f0cfd7808c1b8acf739ae2ae4575b6602b8b73a51878c623679
config/pass36/a95-world-class-completion-program.json	25857	e895f4e378aefdf4e720e5700ed6c7b05a1dcd3eeb5b575244ad6229978d0959
config/pass36/a96-action-required-current-state.json	10391	2933633f915c304591bfa17e84b1b2c515eabc9aa6b27046d8cde9d2b4b0918c
config/pass36/a96-current-root-descendant-manifest.json	3606	641832665611ba57819ed6a6824220f90b4ac92514810c8f5f768be59d84cf87
config/pass36/a96-local-evidence-summary.json	1890	f0744ba5e0178a60ef1af33b396650fd79e2cae54085b80dd6cc07a2593346ef
config/pass36/a96-rls-tenant-isolation-policy.json	3150	01c5bbd1e86ce25d6a9e39d6095f1592e02a942dd335fb6e57241bc2d2e153e8
config/pass36/a96-test-receipt.json	1013	3dd783957b075c553d7112b86898d3f2c67335658e43bd081ac1263dbb297641
config/pass36/a96-world-class-completion-program.json	32451	92ce400a5bfecc69e187217bfa11d0b8f943458c6d26bb40ac5e6d19a70e5a8a
config/pass36/a97-action-required-current-state.json	11922	3f98f621dc43f945b9d9dd4dba8cb2fb8673062e910e356086c1dfa665d18c79
config/pass36/a97-current-root-descendant-manifest.json	3859	cb2bc5ad459d9f1c81327f98af9b1afd12507a6dc31cf233168c709376b6a656
config/pass36/a97-stripe-test-payment-policy.json	1888	a2a763a28739a7d495ec9ac2e8c074fe44c73ad626b9f3051e92907975b67a84
config/pass36/a97-world-class-completion-program.json	35551	7642ae49410c20e1ce4f1ab30f406790e2721e3a1221a5d01ee462fec5436deb
config/pass36/a97r1-action-required-current-state.json	13645	4c8f49d1d9d59f3e2f46a37e20ad10efb14f57ca1268b651f3728f44c1195fd7
config/pass36/a97r1-current-root-descendant-manifest.json	4090	28fec8aba45642de323f33c750a5bc525bc6c031b772d4c8dccac1414a774ab2
config/pass36/a97r1-payment-operator-assertion-policy.json	2716	8a9b54fc822756d9dd375f0f10c06f6d605dbee3cf624a72e3eb2e919dd64f6d
config/pass36/a97r1-world-class-completion-program.json	38425	26840da0266db80f79d65603faa53f04289e3581e23df3dc5fd0d0097d21a811
config/pass36/a98-action-required-current-state.json	14849	9e98ed05a74ddf5e7dfa93521e6767b7e7cba7acc742aab7910b4684ad2293fd
config/pass36/a98-current-root-descendant-manifest.json	3983	2829de6f1b55fc727a55b06344d86394dae390bfd173997e1d1d46d4aa6d1914
config/pass36/a98-email-storage-kms-boundary-policy.json	3763	96c85e831511ccfcc272005295147465037b05ca4621af5082b6d46a7feb17d2
config/pass36/a98-world-class-completion-program.json	42054	113335db6aa45f1db6e55be821fc1571943b9e0dcaca5cf92d0d0f758cbb274d
config/pass36/a99-action-required-current-state.json	18516	94425e12247a48ec59f05ec140d4f96e725eaccfd539b09948dedf2011d4d7ba
config/pass36/a99-backup-restore-rollback-provider-loss-policy.json	3968	55e1163668b5870844efb0b82f3fd5242b2112c32777be4fab4d5fefa4db07a0
config/pass36/a99-current-root-descendant-manifest.json	4433	55beb6b4efef20a7d0686c52b84fcca126afac054ce9678a6a11100b546e8ae2
config/pass36/a99-world-class-completion-program.json	46166	d1a3fe781537e7e7b134c4b3edf2c52aebf3907a757099a38b18c8cb1c75a02e
config/pass36/current-release-authority.json	84853	a261c3b48eb5a9ac37050a5bfb9e23c9bdf8e985f07fc413e8b689d6b325e748
config/pass36/r44p36-approved-changes.json	3294	96b12756b27b7dd14577bfcd2de04a6040c7b21abe3a450856a87fe5c8616fee
config/pass36/r44p36-current-state.json	1180	578b2ef3bc29f8d40323d71c56f66dcc105dcff09e5d1de4d637d691677ec93c
config/pass36/r44p36-dynamic-scorecard.json	37612	6a1f111afbca2599b5d892bd8e89e61fe9f5c04566b18d4783939088d7a3d1ab
config/pass36/r44p36-parent-baseline.json	981853	0a868679351e74830e87fa683c05c60a42ced73db8cd0040fc076ee5e732710e
config/pass36/r44p36-policy.json	2237	b0288dedd2a0bbbc4bf49c1055d0f84ce86c53dc8be988eafc1009f36ec53669
config/pass36/r44p36-psychology30.json	300980	54bfa0ceb49a42e13196e8d08ba140aa4484dad6523f8c77ae6d84b01d86a313
config/pass36/r44p36-release-boundary.json	558	d1ea34d086be63cd53a424cf6f33b3760ce745168095294f639eed576ce6bebf
config/pass36/r44p37-a42-critical-rebaseline.json	5247	df40607967cdbfb025009fd1229b689b4e51e90063368385236a9b4e3629366b
config/pass36/r44p37-a83-label-alias-determinism-migration.json	2136	ccc13d4733e52a2ab5ed6e85f643f306d4265736213b964c971c586a78ff08b7
config/pass36/r44p37-a87-a88-input-hash-migration.json	2731	c0f5e26d0e356a0f01f2a3e44842dd7bd447e7ce3e86e5055eed17e72134ff6c
config/pass36/r44p37-approved-source-changes.json	2856	5e4690c92e4e2bc3329ea4a06571f6348df8fb5166a6e548dfd24bfd60e6e32c
config/pass36/r44p37-current-state.json	2514	9bdd3a5c3a20fdac6aad6ca9bdb249fc7ce91780352af5bf4f6ee0947162dead
config/pass36/r44p37-release-boundary.json	874	9966784a2602f593aca1170137d178fad3c208610ffbd8b37dbffaf07f0f7f84
config/pass36/r44p38-approved-source-changes.json	4748	9849914ff9a708a87305ff4138b09022147c391fc815f1bf66c7f17352b0f9e4
config/pass36/r44p38-compiler-ast-generalization-policy.json	2397	50e29b53cd0a092c8c193db9305d1a9b1af3aef9441d754b020603164f76c198
config/pass36/r44p38-current-state.json	3319	37691439a7147375e2718626184453ef49238f27766ef3a35d38bd6ffad02a77
config/pass36/r44p38-dynamic-scorecard.json	117491	5850acf5a421f58f60354eb118642ce38a45b69de90adcd94bbc62989e54ddef
config/pass36/r44p38-evidence-bindings.json	7486	84ae74a47427f64ad6ea03b4c2e5ed00cf52e2d70074a7c6b9f1fee80ff760db
config/pass36/r44p38-parent-baseline.json	998	cd46234924fbbb4a62635704f1fbbf69b3894c4904b0a6f8cc7e3c582d75dc0a
config/pass36/r44p38-release-boundary.json	1112	85f1a1884d95d620eeca0051066d4984963498a54301988665524602e819370b
config/pass36/r44p39-approved-source-changes.json	3285	dbdf0838997eb69cb3ff766cb956b93a7010de187186d69c71d1866029ba1a54
config/pass36/r44p39-audit-integration-policy.json	1525	67fffacce43ea8f40ba083488c8db9c80430c94780f2ebbdc1ae88723df96d53
config/pass36/r44p39-current-state.json	2699	ee537eb9eb0109e31149ac0b1e7e44af48e07785ea2af2e18b9baf4752aea786
config/pass36/r44p39-dynamic-scorecard.json	123995	a2f27e91882e9a1fdbd9000d8465149f333e8836054f7f76a009454fe660c30e
config/pass36/r44p39-external-accuracy-registry.json	1677	ea3a9b5e3fee3291754378e8ccd358dfb979afdc9443a2c3c2d769e66109293b
config/pass36/r44p39-release-boundary.json	1076	0701a35020a70b12309965a48e71b8ebdd97647ed75e39a80f56922c98a2af93
config/pass36/r44p41-approved-source-changes.json	3164	3c6d15ec73a0d5588a3b19f375982eb72d61b0144cc80aeb39300fd0153eb86f
config/pass36/r44p41-current-state.json	2501	09ab56ed3604eadae95d71ae6344aa45968c893f45e7ca77cda9b2129ff52602
config/pass36/r44p41-dependency-recovery-policy.json	638	145775d2175bbaee250f3e1943b2ba9328a32c7767a32040b7514c12ec44ca88
config/pass36/r44p41-dynamic-scorecard.json	130088	ce35686ff28e794eb266ac1b9966bb25c2cbe96b6a7e5ccfe872d1a6a69259af
config/pass36/r44p41-foundry-invariant-policy.json	4996	59a71e9388b32551d41f42964e39cc8837c0888aff44e728fc5b0bcc16b7fdf9
config/pass36/r44p41-release-boundary.json	1674	0babd9826e5f5241b5bd807259422d1be42edd28526a5b350c0a167835fc53e2
config/pass36/r44p43-approved-source-changes.json	2574	27c2387111e1d53966cc608ab8f950ca75cb5365afb44a94ba1181429640297c
config/pass36/r44p43-current-state.json	7810	efdd6283d62aeb6cd415d92108f64327345357027435a1d8662d106565711388
config/pass36/r44p43-dynamic-scorecard.json	141554	b237b152136a92693b62ca9c74aa8b9942f8672cb0d60be196f8e0c5c012eaaf
config/pass36/r44p43-public-balanced-holdout-policy.json	2856	b8ac61c152e3a5965c6dac7489a15ac03eb329d4abdbb41cfa3f5f2ede242adb
config/pass36/r44p43-release-boundary.json	951	803d046887864964dad54c4a64fae66c52b81003333fe0e9d99fec6bab1dac8a
config/pass36/r44p44-a88-input-hash-migration.json	3160	8eca8b12f63125a20d42b4d05138ad55ce837b4d425f14e0d34353599fb8a036
config/pass36/r44p44-ai-simulated-evidence-policy.json	1803	a18b1a442b2c591eec8c7f87364f69928f5601a4f8a4bdda313eb01045e18d83
config/pass36/r44p44-approved-source-changes.json	25233	ab43b11f6a22d84bf3e1a9f751e2941ef183d0161da0dcef12a98a9ad47852ea
config/pass36/r44p44-current-state.json	3928	6e7cae704875e0af4164519cd268eb3b19c38976986ff74ec3c26711b823b907
config/pass36/r44p44-font-asset-boundary.json	878	f7c39b9baa2d57cde30e72bed03ce19e65bd834b9c6035389e4da261747ef008
config/pass36/r44p44-product-reality-policy.json	2272	c87c5883faa5988b95dc3f99c2571fe6401598c308038cd50cdaa78575391149
config/pass36/r44p44-real-human-customer-proof-ledger.json	771	c3b49b9b3e9bb5e2aeb762a6091bc3b4952120c173ba4f993ccfac1bd939b995
config/pass36/r44p44-release-boundary.json	893	a5eff8a59349f67f01767f8bb77df52c4d180b9d1f0ddd98fbb7a99e8ec9f280
config/pass36/r44p44-score-policy.json	1658	0cf77c6ba2920d140311f027eadb8936428d628f485ee328b249fa5e17515d4a
config/pass36/r44p45-approved-source-changes.json	12513	1f783912cf379103202e5554c9166978e2aab9be3128c6ea5c4aafc9022fd70f
config/pass36/r44p45-continuous-closure-policy.json	1575	f5b71c5e05db7c25f753c1a8ffe6e18a11c6976142f751b69e847600f18c39b7
config/pass36/r44p45-current-ledger-policy.json	1159	f6052bc80462bb4a68bb16eb8b8ea892d98a024530c26bd612b9cca5206e464b
config/pass36/r44p45-current-state.json	2670	af713bd09ffbeea0248f390db5354c2c97c785dcb92596df2f62af1092632519
config/pass36/r44p45-evidence-taxonomy.json	1141	a6d4584b9322eb5ef7a147c313c57c65c64edce21cd9a8746cc4eea1fd86c800
config/pass36/r44p45-external-human-proof.json	718	f96c0c0e52336c54ab85fb75241d2895ac2ee0f4c9e8b8a56112312595bfba41
config/pass36/r44p45-interaction-context-policy.json	1460	2636d2bf500773bb454cd6a9482a447bdd75a0990b058ecfb7d3c19e80eb5922
config/pass36/r44p45-product-tier-value-matrix.json	21136	b793bded7da9826f68fff911acdfcacd95f86023bcc0ca91e1784c9844ffa700
config/pass36/r44p45-score-policy.json	1010	56941de177ba34a2ebd89dbe0cb973b0d07be4c7f3b59c4f6736adf674347478
config/pass36/r44p45-scorecard.json	45893	97eb1649976d8b82d6d126a18cbf8a367b314d64f6556f9207d8fe5e23e8bf4e
config/pass36/r44p45-stable-gates.json	1105	c395adc9cfcad48c01f1b35eaffb735c604f18259281b38d35e259dfb9dd001b
config/pass36/r44p46-approved-source-changes.json	24750	bbe4c0f0a83455287f356721f9aade5f21a17fab849d883c81f24f44160a58de
config/pass36/r44p46-claim-inventory.json	1797	27416c807c2e43095f5c6af7b8d4af73d0d01bf749a9c8a587a73d74b7d438ad
config/pass36/r44p46-controllable-gate-registry.json	12231	1b258904bf19ae54820c980a65ebfb1a3c21f7140d74dc0b8b2d7169f3c584c9
config/pass36/r44p46-current-state.json	1881	dd785b57da7cb42c00121f00f0ea41b5f0afef77df5bf8a208da14051348fd26
config/pass36/r44p46-evidence-taxonomy.json	1566	ebc9a806ea1700223eef5a5d0aa432ecf682b12930175cd8a5f62041875f3690
config/pass36/r44p46-external-human-proof.json	2485	7f9b0990c4e5b2b2824096c3192b1f47646ed045d63d6f13d84b1a3904160f78
config/pass36/r44p46-legacy-multiplication-economic-sink-policy.json	2385	b26a8d1fe1ddaedf6db17961f39faed0dccf222c122c21cca9651aeaf81d9430
config/pass36/r44p46-p0-p1-register.json	3716	053d207aa1687fb4ceff73d03f5741d756903efad66651b565ad0a09174c661e
config/pass36/r44p46-pdf-dependency-closure.json	11818	84f0b1fdcd0edbe5dc3e6114f3f6a9bd0aee482b216f439fcf203524b28d7570
config/pass36/r44p46-prepackage-snapshot.json	1083	91162330231c673d72b3155c641d40f62c289abfc2c842086268780e23bb4505
config/pass36/r44p46-route-api-inventory.json	3133	b5fd790dcff38383babaf003fc125e3ef101259474f1d114c9e4db6ba863a41f
config/pass36/r44p46-score-policy.json	1291	f4f4b49250d22361e43d760889535c644d5375fc8121bcf1d0e0616a1fc999c2
config/pass36/r44p46-scorecard.json	71485	816aa7eb6fb3b730ed271ef9b70c36cd14baf078b42019a1ac78fcbe39fd98ad
config/pass36/source-only-runtime-environment-policy.json	1483	b4bced5ced35b8b5cd3dd6a4ca0287d5778ad81dae6db6484c4190c95e843352
config/pass3601-3700-real-runtime-closure.json	448	e6b82b09456413ee70270374c29207d33d44738f608332bb03753bc39795464c
config/pass3901-4000-real-runtime-proof-closure.json	805	919d5e22a7f452ba6df6c13fa9773a662679eef06d0da40859b5cddb4e4a28e2
config/pass47/P47_BUILD_PROJECTION_MANIFEST.json	302528	2a8a45acf4ab96827f636386edd06b1800c696b937d75eb81434a280c0a26b3b
config/pass47/P47_WINDOWS_BUILD_PROJECTION_CONTROL.json	2249	9b95a4150d16fb44c85a19e31e8ba05d036e20e2f697854a7a71aa347915afe3
config/pass47/patch/part-00.b64	400000	9ce14326af4c157f5fa25b9380bc0d5fbacd77146815d82cd992309bfd2000a9
config/pass47/patch/part-01.b64	400000	99c2cd72fecf4cafb8d78116cd20f5ba6f17df8f647e5e99b9cecd271d558d93
config/pass47/patch/part-02.b64	400000	1b834b99e2be63fa0c5a054895aa4a2643a6dc7cb6e79a385416ec4b42a0a7b9
config/pass47/patch/part-03.b64	400000	9f44f6876b7c03eb26585d4b2b992394718de65f465f3e54c5cbfa1a5e572bca
config/pass47/patch/part-04.b64	400000	3b5250d12566af1e11fff5d6fedae8dd9cc43d2ec682df78fe0b782f42d1d8b5
config/pass47/patch/part-05.b64	400000	17e09fc0b026d31b284cd2770614d8092ad90df734fd5986fe4360909fc342f5
config/pass47/patch/part-06.b64	400000	56a3b047480adef27e186d15f47d5231cc4d43ac4c959c0e5269825eb2fc160c
config/pass47/patch/part-07.b64	248788	0d90f7dffe5da9c9bf49352c97279fced289a429c21f6a3ef8e800f48c077695
config/pass4737-visual-freeze.json	499	6b3faa493efe3f6595f624cda3f575d22265f03e349c8bd6e635b33105ed617d
config/pass4738-visual-freeze.json	629	283b9a91b3e82801c70b48e3a051f8127682e0cc844273b043eeab33fd580e56
config/pass4739-orchestrator-layer-decomposition-policy.json	22564	c811e882334254488bc8b6d95eeeaa7736a6906f402e1b62a950e9f4b87b7bd7
config/pass4739-visual-freeze.json	629	03d4e32de2ea7f3847465b8ed240cd89d928f546cbcd6e7dc783c062f03675b6
config/pass4740-visual-freeze.json	1549	8fe64e25537db2fee71fefc16c23a42c91aaffe67e84998890e5c0175f2ea47f
config/pass4741-visual-freeze.json	1549	85086d63aa7f3577c948d52b39f2a937822572b3f3d5f39c685860eb30aa5398
config/pass4742-visual-freeze.json	1549	12b74a3a227789daad922e5bd28280e7bb5323c45c575e40e990a5eb93e92bbe
config/pass4743-visual-freeze.json	1693	93f3d349e0cb7505d1d9977d08a68092db0441e01feff071b67e011d913d4791
config/pass4744-product-source-baseline.json	369	988a4e173f69be43b7c4097ef1a32c6c919b7a642d18ccd8cae708901d025af1
config/pass4745-product-source-baseline.json	369	0d6240eecb4ac5e53bb637949262b2d021b319fcfae0d2539f19f9c937c4fff6
config/pass4745-visual-freeze.json	1693	27f110eb365ecadc7e8888de6467ee0a1605e97369b7f4fbd55c1a34d2194dd3
config/pass4746-product-source-baseline.json	369	72bdfa1d90bbabe56702e26abf97beff81a3849c9de8697511377e803f5b68bd
config/pass4746-visual-freeze.json	1693	5046f94ada9a5883787d140c6ff85cc662431e3fa59ebfe8bbd58765e235d471
config/pass4747-product-source-baseline.json	369	3c33fffa9b4c89c01378469b67a35064c50e2e25a93f1a3ae8b5f452ff966e1d
config/pass4747-visual-freeze.json	1693	6a93f463b3fd018eb45afb5355002c279967821692e72047d6f797497d213b2e
config/pass4748-product-source-baseline.json	369	baeb485e64adf2ee8cebeda57ea8da5f2deca9a6b3e855768b1ef68b2bb41420
config/pass4748-visual-freeze.json	1693	6a93f463b3fd018eb45afb5355002c279967821692e72047d6f797497d213b2e
config/pass4749-product-source-baseline.json	369	d8ba4dac3941c68a30f4eeca2e1c8f57588e3cacf62a03728722ec914e9c61d9
config/pass4750-product-source-baseline.json	369	8548cfd7287e97e57e6ea2c4740453b3b1d1ea9956245464e41d4d56aaedfa71
config/pass4751-product-source-baseline.json	369	2e593cebb940ecebe5c861f54ff459c3bb1ff6fe8c9807fa9f1e675133c79c05
config/pass4752-product-source-baseline.json	369	6f048557d7717ee94f82aa83082f7baf3883aa8110e3ed36e6966e056d78897e
config/pass4753-product-source-baseline.json	369	122f958e4bf4f4d36f6f907be900a09e811cd08f15a33aaddfbd5f123c905af5
config/pass4754-product-source-baseline.json	369	21e33fb277979974a9f05a6f42c9d3ede93996abba9bd485a53ae0da8b2efbc4
config/pass4755-product-source-baseline.json	369	e3244a84ea3778193a4bd965bea809e693bc09c553fb80f12131d89b5294ce1a
config/pass4756-product-source-baseline.json	369	206a7c8cb509bd5e0bb3ceedb26106fff353a163b5fe35487565fdb3d71f3909
config/pass4757-product-source-baseline.json	369	46f75ce6c9f136c40c5bef7330b7ec2efaed0799ace20a4a613286ffc122a22a
config/pass4758-product-source-baseline.json	369	4d219d6363c1ea3541b232123605984d4a7d98e60525b562d9a85638802788f6
config/pass4759-product-source-baseline.json	369	201da11c7cdba22754eaeaf2fb64574c6eec80a20e9c13238c22e7fa25a95bab
config/pass4760-product-source-baseline.json	369	05f61ce47c637374dd25f464ef0a3b5590765a8cbead724cbac9e0c30e324eab
config/pass4761-product-source-baseline.json	369	90f7eca566f1afc2ab1066deb01113c002e1ce68016bf7daf8ed6b80a83ed75c
config/pass4762-product-source-baseline.json	369	f9197b23090791502e7933f5e87216c9aab1148723f62c1911fa701b89e462fb
config/pass4763-product-source-baseline.json	369	cdb4fd3f4c0483a623b13e49ffd441feda8cfe538d4d6bfb02738bb439fea4ee
config/pass4764-product-source-baseline.json	369	a33d8fa72a7ea66f62069a12eb256afd7bae031ae5669f08e533f118a8e1b27c
config/pass4765-product-source-baseline.json	369	b8b205e5d88d509826744c1910487e8dbb90c5204bec69fde3c4f1212994ae8b
config/pass4766-product-source-baseline.json	369	36c3890e32f49c572a07018eabeda63d7b2c5a12b28984fa597e425ab9bcbb7a
config/pass4767-product-source-baseline.json	369	259a381bf7baf4bc6cf1451fe510ea52398405ed933ac2b761df1c731947da0a
config/pass4768-product-source-baseline.json	369	2a4772e795ae89691187e713adc6a752dab854c5565e2d39ba9be7a6a54a74c1
config/pass4769-product-source-baseline.json	369	580fa0292cf0031216c96d2c33604a4cc4cacb4374c96d1892f6703eec910255
config/pass4770-product-source-baseline.json	369	da2588e7277c519ece2c5a39c9c67a4d7dc1b50a5719149c68beb4b4e633651c
config/pass4771-product-source-baseline.json	369	3633041b6d0da7b629cbf7a7e32c602691714f038524cc2f02b9de3f3365eae8
config/pass4772-product-source-baseline.json	369	761394c04a5cb827cfe7c32aca9b4ee7a4f41b4a58aefe5dedcfb019cce8d058
config/pass4773-product-source-baseline.json	369	5ad49b85d220fc313eed6cc4bfe812d67e6da57ab146f586751ac530572cbe24
config/pass4774-product-source-baseline.json	369	f22a6d531d90dece6fd31380c069aaa12fa65eb1d0429ea98fb6ef7f83bc977b
config/pass4775-product-source-baseline.json	369	b207c35dba610c8e181ef78879ee1123c69b922768acd80e5530d1233fb5d078
config/pass4776-product-source-baseline.json	369	75c98ed3f016652fd4316a974cf0cc6fb9a916c71cdca0a63268c3fca3f768e3
config/pass4777-product-source-baseline.json	369	4e897ebc3d3311867621e846adcd4ab577cdaf70125a8ac6982001803083c469
config/pass4778-product-source-baseline.json	369	cc105ed42133887b05ed2b2626b3e19bd75f1584aa605819a28efae36d4ae0f4
config/pass4778-visual-freeze.json	422	fda6ec2f41f45bce28b1519d6dfe393fc2e5b3578f18d564e0d9af141ae9239c
config/pass4779-product-source-baseline.json	369	a57211e4b44cae9e32e1df65ca8193af7dd48b7d1d425020fbc047dbbcdceac9
config/pass4779-visual-layout-freeze.json	1467	d7c712c7762878b46028fc6448ae61bce4e88c29a0aed0d16d9391fe00bacf7c
config/pass4780-product-source-baseline.json	369	1dcae582740db35e5957005ef55f4c3c715376094c27c5fb4329e82ab57c4c70
config/pass4780-visual-layout-freeze.json	1467	6d5ad0b31d0a3dc8ad53e985325393afd9ee389d298b0234b9c3f54393e7f59c
config/pass4781-product-source-baseline.json	369	12928cc99c0e647ae120e06d78e665a71ccaa51c5ad32a0ca286de6079abe0a2
config/pass4781-visual-layout-freeze.json	2232	25feb117c04ca849420694657f7727617a2a2d6b7f1de1c0860c9e42a60c545d
config/pass4782-product-source-baseline.json	369	7af614f9b4dfd3367ad2648a09431748abb7b812ff15e14a2a036033f5547b73
config/pass4782-visual-layout-freeze.json	2232	25feb117c04ca849420694657f7727617a2a2d6b7f1de1c0860c9e42a60c545d
config/pass4782/risk-engine-characterization.json	127564	2c5d939e64bc11d7e586eece4c37270ef2f9c583a9adbc9c8d8c2f8adba3d998
config/pass4782/risk-engine-decomposition-baseline.json	1329	9517089376789a22003149a2bcbfa0ef01fee5c7fada1a362d0ddea3469ef999
config/pass4783-product-source-baseline.json	369	aee700e9255c1e80b82676064c5316f759545681c520944e8803ef1f465df680
config/pass4783-visual-layout-freeze.json	2232	25feb117c04ca849420694657f7727617a2a2d6b7f1de1c0860c9e42a60c545d
config/pass4783/risk-engine-characterization.json	142344	cb93b9031cead22a06f20e5a7b6b10fe06c466634cf7246daa4395df2886c166
config/pass4784-product-source-baseline.json	369	97c02bc585b4a0df6460c1f112b238ec52c32d2aac2d1336aa1ae95c0142a724
config/pass4785-product-source-baseline.json	369	f08191722726eb05915bc851792921cd364dd9e795e682029f234ca438559527
config/pass4785/top1-payload-characterization.json	92035	5d4350f0e9931c4f938bd0fc4741900fae50d7abcb62dc7a7d8d8252b9ff7477
config/pass4786-market-data-sanity-baseline.json	450603	2531f83b6ce563c6b363bfc8da7c492a6f7c78a9e86d8c9fafaac4129eb499b6
config/pass4786-product-source-baseline.json	369	60d5c41bd1a4966088bfb4959ed04a3fda4263c1ece94a10207149ac2f1fe82c
config/pass4788-runtime-source-parity.json	535	408a15a05b5aa5b55f41eab3f535fbcc6154aeae3e0801bff7c15b46d983c482
config/pass4812/README.md	376	b3fd69bc897dbc43fbe6207463eaee4178472af8e5836d8bb13e03a3c1d7ffaf
config/pass4824-safe-egress-inventory.json	15656	d7cb699d287e72b004cc84ca374d7b732f91af5bc85a397b7d56fbab9ead03b7
config/pass4825-active-token-clone-baseline-pin.json	1369	b8c5e813e9e2c6500a03430176eb08b877e037bd7199b6853903918caeb1b5cb
config/pass4825-browser-pixel-baseline-pin.json	11332	ed31e7f0f1136c64cb380845ebf25ff370222cf4a985d5b1197fb18fd1a0dc30
config/pass4825-ui-freeze-baseline-pin.json	842	39ea3d2bacca9c115539db3ac234c63b956ba7cf3986627f82ebd10a69456b5a
config/pass4826-suppression-allowlist.json	2685	f344d0b48533920bd8216d88ca5436b7f1c0d5ec1e4175d860dd0c2399e00c51
config/pass4992-supply-chain-release-policy.json	3499	6abc95a142c567ee01d522263ebb4181fe733a0926f08a60b3fcfa5c3e70dc3f
config/pass6-offline-control-plane.json	1031	df696bdf1efd73449b026c721d5269c07dcfa688b6182345994caa5bc2d74af4
config/preflight-assertion-policy.json	650685	819be3716ba625f825118fb8b8927e5b256a97fdf17850cc302891756742bff3
config/preflight-authored-assertion-ids.json	519226	b3989e4c6bfdbef9c89911d512fb5a54980966b000cfc163d0da5a11093f6927
config/preflight-critical-guard-ids.json	42431	603e574f92805b0177ec63d9d6f949ef262088ddc31d364afd132a5116a1113d
config/preflight-dependency-contract.json	4502	44dffa1e3fba573cbb00e06253a289aa3efb4eceac8312f06eca6d47de828afe
config/preflight-domain-snapshot-manifest.json	4666	0809f134e1122cb482fffb3094cb180897f1408747843fc8592e8fc508f0d7b1
config/preflight-guard-catalog.json	110731	e994766e94057eb74588b82ddb629892829efbf860c9a2bcc802863da8491fd5
config/preflight-phase-manifest.json	26737	999b221b75458d7e169ce306f98b4527dacdc1cc17dcc4a5447d814bebeb4c77
config/preflight-snapshots/documentation-contracts.json.gz	21311	01c49e65d2f3a18828f526d2a90a915bda768fba8fe3f3f71c90d2060385a2ed
config/preflight-snapshots/domain-kernel-wave10-contracts.json.gz	25656	0d1358035af68ce4ef8be8a113095c6d80f69ce3a3724be7049b9b0ff4c472bd
config/preflight-snapshots/historical-lib-ai.json.gz	71467	c4b3273db5bc91604f686998d1f5c2e081ed13f2cf9bde810c6bda88dc35c17c
config/preflight-snapshots/historical-lib-market-integrity.json.gz	476828	6829297232ac055f180d46f2433a6aa5809e42a5b7c9c970cca40b42d40bf2f9
config/preflight-snapshots/historical-lib-other.json.gz	226363	35063eb14eb9ffe3ba70ae4634c86a2e6fcfb37ce65060bdcfa8a6467349c4ea
config/preflight-snapshots/historical-lib-security.json.gz	399173	1d796cb8f933a24bf39ff2ce4c401fe6efe5382e36cecfd32702e113080cb1a2
config/preflight-snapshots/tests-contracts.json.gz	40144	db64bb740a4589b78d55f80fbb92e103f71362e25d8d396267daa7cb530064c9
config/release-input-merkle.json	1573795	90efb0211ec6ef09482f526618c8b22db0a8f0abb39b8b556295d799f9cbf209
config/release-verification/pass4734-offline-candidate-public.pem	113	94f762ac4e5cc7215e91337a8df9e33bf76f28de4a0d573926c02cbaa76d5fc4
config/release-verification/pass4735-offline-candidate-public.pem	113	584b6e8605a32fc0ed5fcc7aaff9f231f7f8b921cb2770c141172e9be77c4d1d
config/release-verification/pass4736-offline-candidate-public.pem	113	803083a1e7738684ee33e47a6b01ccacae587b6c7c51e1cf978b0660310826a8
config/release-verification/pass4737-offline-candidate-public.pem	113	076a2c4672913e30534f539152b998968c487d305dbaee3d8ea2edccbd0bfe59
config/release-verification/pass4738-offline-candidate-public.pem	113	9cd65f75c4690a29ccfeb99a2595f227744b33c16f5815db380d3ab8d00d1f4b
config/release-verification/pass4739-offline-candidate-public.pem	113	294a4186efed47ccd4a4f4fc13d24d25220d20d8da8d1212e12a9f261b8dc7cb
config/release-verification/pass4740-offline-candidate-public.pem	113	eac54629554b6922abd7ed074eda64d59fec4cb1a68b8240611a762ba115f98f
config/release-verification/pass4741-offline-candidate-public.pem	113	3b2c22b2876b6e7a171e9057e504ae73f9fbe5162c8b13bb6d3f4981a084919f
config/repository-retention-policy.json	1537	943c444fb30e8aa1837515477f72b042c28c418cd1da706d4082fbdfcbd8b650
config/retired-preflight-guard-claims.json	730	964608bef009c073638a519ef2081052f3e9f44be000a68ba1cd7ca9831620e8
config/retired-preflight-missing-sources-pass6.json	11990	d3288d5c6ee486f8d8a99dc822a79560d58fc66718250df747fca869d91f8e89
config/route-adapter-decomposition-policy.json	3074	0e114e64c592ba291efa040c22ed30d1ddb3ce66d289aac08d552b546f17ec5e
config/route-decomposition-policy.json	5525	733721554332ed479ab07e0c3ad55b13e89175b975a57b4dd5e564a8d2698ca5
config/runtime-bundle-policy.json	3520	c93f88dff2b93a8808b994eebb6ae10463267e722e22267b2ea277df3d448f3a
config/runtime-env-policy.json	483	938cebbe573d2385ff2c2bd025f4d171ee2f152672568b0843a43535a06611a0
config/supply-chain-install-script-archive-cas-pass4825/22203fe39b7626e2679fa74d6c2e9985e52b5cbf79ed27f8dc0439b3255c9778.tgz	11371	22203fe39b7626e2679fa74d6c2e9985e52b5cbf79ed27f8dc0439b3255c9778
config/supply-chain-install-script-archive-cas-pass4825/460712506f9df808cf25bc2ba15be828bfa9179bd31b6ca47a9db624980026c3.tgz	119719	460712506f9df808cf25bc2ba15be828bfa9179bd31b6ca47a9db624980026c3
config/supply-chain-install-script-archive-cas-pass4825/8daa7285bee7e10bebce179007afcf07108c1b8ce9dbe5081f3db319d5453648.tgz	34609	8daa7285bee7e10bebce179007afcf07108c1b8ce9dbe5081f3db319d5453648
config/supply-chain-install-script-archive-cas-pass4825/af115710dba2e6f04dc6f86f39bfdcf4b228e95de8a1b1b0e71df40b5acaf72a.tgz	25994	af115710dba2e6f04dc6f86f39bfdcf4b228e95de8a1b1b0e71df40b5acaf72a
config/supply-chain-install-script-archive-cas-pass4825/c77e7a5d5ff31dd7acea7c44d4a0455e0528cdacbd24a8cb6c82b66d239b587e.tgz	22808	c77e7a5d5ff31dd7acea7c44d4a0455e0528cdacbd24a8cb6c82b66d239b587e
config/supply-chain-install-script-archive-cas-pass4825/e04574b405c225bd2cbca4e336079125aa710dca05a397ab9b6cc08aee2d22ab.tgz	191706	e04574b405c225bd2cbca4e336079125aa710dca05a397ab9b6cc08aee2d22ab
config/supply-chain-install-script-archive-cas-pass4825/e17ade950c193fe09adfc7915fe29ac26166c8782d00e7c3879e7e9de02c5428.tgz	22066	e17ade950c193fe09adfc7915fe29ac26166c8782d00e7c3879e7e9de02c5428
config/supply-chain-install-script-archive-cas-pass4825/eb8ef756f8299d16d5c8b35678606d715ba29923f500db7b37c181310eed40a5.tgz	34131	eb8ef756f8299d16d5c8b35678606d715ba29923f500db7b37c181310eed40a5
config/supply-chain-install-script-evidence-pass4825.json	15179	62d68bba16f6b885bffc6db1a66c97c6fc2825dfcd6b1e39262fb8b958df9013
config/supply-chain-license-archive-cas-pass4825/00381a5ab1ce643eb74db94e4f4678e205c86a8ec37dedf9dbfe11c2d89ed500.tgz	219790	00381a5ab1ce643eb74db94e4f4678e205c86a8ec37dedf9dbfe11c2d89ed500
config/supply-chain-license-archive-cas-pass4825/00c2191cea3367ff789e4e098ce4862722b2af2c66f9df27922beaf7a968d5b3.metadata.json	3215	00c2191cea3367ff789e4e098ce4862722b2af2c66f9df27922beaf7a968d5b3
config/supply-chain-license-archive-cas-pass4825/013ed3eea65c3328e462cff82d03882bde1d7846caf1842cda36978d451f19c2.metadata.json	11497	013ed3eea65c3328e462cff82d03882bde1d7846caf1842cda36978d451f19c2
config/supply-chain-license-archive-cas-pass4825/028bb96647e337b61d64df1c4a1191ef16b72fffa77305eef60f653f464abae1.tgz	550952	028bb96647e337b61d64df1c4a1191ef16b72fffa77305eef60f653f464abae1
config/supply-chain-license-archive-cas-pass4825/02c95d7608450098c97cb6d63e5cfa3bf520a2b89b3ec56b07fe34b9256bb79c.metadata.json	3021	02c95d7608450098c97cb6d63e5cfa3bf520a2b89b3ec56b07fe34b9256bb79c
config/supply-chain-license-archive-cas-pass4825/03edfbee60d61b9c7e980aaca587baa6fd7954f969fffb066522c7e70fbce253.metadata.json	3366	03edfbee60d61b9c7e980aaca587baa6fd7954f969fffb066522c7e70fbce253
config/supply-chain-license-archive-cas-pass4825/040d97829212e5e9f48fb4069ca38d2d23b34d4e65b7c7cab2a55ae3546c8d02.tgz	19716	040d97829212e5e9f48fb4069ca38d2d23b34d4e65b7c7cab2a55ae3546c8d02
config/supply-chain-license-archive-cas-pass4825/06cc1e6b5a621804ceb5753e1609ec1dc55fd81f2fe8d0404bcff53415dfbd3a.metadata.json	2584	06cc1e6b5a621804ceb5753e1609ec1dc55fd81f2fe8d0404bcff53415dfbd3a
config/supply-chain-license-archive-cas-pass4825/077dde39cef1e41eabbc310306adaa2f67224a79ca4c837cec73218b4b3dd035.metadata.json	2809	077dde39cef1e41eabbc310306adaa2f67224a79ca4c837cec73218b4b3dd035
config/supply-chain-license-archive-cas-pass4825/0c03aa83c6bf68e7c2cc2c5b5a2d732c1879e7711b08011b0bc48df10d10bf3c.tgz	3400	0c03aa83c6bf68e7c2cc2c5b5a2d732c1879e7711b08011b0bc48df10d10bf3c
config/supply-chain-license-archive-cas-pass4825/1452a5f36025e46b9b0a7b06c3f20cccbfd1ce3129c40a51fa8e973cb76ab776.metadata.json	2259	1452a5f36025e46b9b0a7b06c3f20cccbfd1ce3129c40a51fa8e973cb76ab776
config/supply-chain-license-archive-cas-pass4825/15829edd65a22c49b9a7ba422112cf1c67d75e18788de0acb2ef47f7245e1748.metadata.json	3146	15829edd65a22c49b9a7ba422112cf1c67d75e18788de0acb2ef47f7245e1748
config/supply-chain-license-archive-cas-pass4825/16304ad73df1364ca8623c28a8969de01cd7189b4f9b05668fadb598f110e4d2.tgz	8913	16304ad73df1364ca8623c28a8969de01cd7189b4f9b05668fadb598f110e4d2
config/supply-chain-license-archive-cas-pass4825/16457c1a2beba4311d254b9c4b8d2c9b370d1d40692325248dda15371cf4ae5b.tgz	525961	16457c1a2beba4311d254b9c4b8d2c9b370d1d40692325248dda15371cf4ae5b
config/supply-chain-license-archive-cas-pass4825/16f36fe503cd291aad34083f4dfe74ab4e34927cc827a29cc6f4e680e4f7eb4e.metadata.json	3978	16f36fe503cd291aad34083f4dfe74ab4e34927cc827a29cc6f4e680e4f7eb4e
config/supply-chain-license-archive-cas-pass4825/170242bd32bf6e70c8521caeaa375209ce9585273d346ac6245aecbe84e3c89d.tgz	2433	170242bd32bf6e70c8521caeaa375209ce9585273d346ac6245aecbe84e3c89d
config/supply-chain-license-archive-cas-pass4825/17b0a7a83cf13a8fc5693dd11441f38a7d2bc7f2b8aaad0fde2fb14edd38dc2e.tgz	46389	17b0a7a83cf13a8fc5693dd11441f38a7d2bc7f2b8aaad0fde2fb14edd38dc2e
config/supply-chain-license-archive-cas-pass4825/1a9c9ae277bab2fffef9ee3f602099e7ec7d7ff2b716331029667e562b7d4c05.metadata.json	2934	1a9c9ae277bab2fffef9ee3f602099e7ec7d7ff2b716331029667e562b7d4c05
config/supply-chain-license-archive-cas-pass4825/1dc78dfa80b23abd0ca36501eaa3241ce1440c2478b2a9da20718a26bc67ae7e.tgz	11118	1dc78dfa80b23abd0ca36501eaa3241ce1440c2478b2a9da20718a26bc67ae7e
config/supply-chain-license-archive-cas-pass4825/1e2df822c43e0a2b448e5df79bf8e6d3e085c86e30456cd383a2f96215fd1687.tgz	6318	1e2df822c43e0a2b448e5df79bf8e6d3e085c86e30456cd383a2f96215fd1687
config/supply-chain-license-archive-cas-pass4825/20fd2951b65e8220e92bf9f084e60e76c94e20bf77d7bcf659cfdf3345fb0692.metadata.json	2870	20fd2951b65e8220e92bf9f084e60e76c94e20bf77d7bcf659cfdf3345fb0692
config/supply-chain-license-archive-cas-pass4825/23742de95c688773a5fd7bcfadaa362278718adfea79e2048002e4182c2cfbd9.metadata.json	2740	23742de95c688773a5fd7bcfadaa362278718adfea79e2048002e4182c2cfbd9
config/supply-chain-license-archive-cas-pass4825/23c9078200d7c6b4c39b4038477ac2c4c53784d670eaeb5c74b86713b9fb0eeb.metadata.json	2811	23c9078200d7c6b4c39b4038477ac2c4c53784d670eaeb5c74b86713b9fb0eeb
config/supply-chain-license-archive-cas-pass4825/24104c4c073460a25296ca4c0cedeb73f6a41190fd1c2c43f916d0383e6734a3.tgz	53304	24104c4c073460a25296ca4c0cedeb73f6a41190fd1c2c43f916d0383e6734a3
config/supply-chain-license-archive-cas-pass4825/244228f4c2bdeb058f2ceaac25e22124897145c400a7267aaa0da37fc10021dc.tgz	2149	244228f4c2bdeb058f2ceaac25e22124897145c400a7267aaa0da37fc10021dc
config/supply-chain-license-archive-cas-pass4825/2460004412100eea8e96b98f14d3dfb4e22a6628654e5431d14f974c6201ca18.tgz	4683	2460004412100eea8e96b98f14d3dfb4e22a6628654e5431d14f974c6201ca18
config/supply-chain-license-archive-cas-pass4825/25114a0cdbc211c9c7aeb720975846992d12b1e54e995e7f9b098f856065b610.metadata.json	2716	25114a0cdbc211c9c7aeb720975846992d12b1e54e995e7f9b098f856065b610
config/supply-chain-license-archive-cas-pass4825/2929fab7ef640dd35b386ef02df3c1512a9dbba8c5d934ec000a159fa57f217d.metadata.json	2303	2929fab7ef640dd35b386ef02df3c1512a9dbba8c5d934ec000a159fa57f217d
config/supply-chain-license-archive-cas-pass4825/2ae21f7e40ed1422d5c6481525cc7c6d2170d8818489a31393a40d7ff3527338.metadata.json	3522	2ae21f7e40ed1422d5c6481525cc7c6d2170d8818489a31393a40d7ff3527338
config/supply-chain-license-archive-cas-pass4825/2c582f1845c66630bed5861303161dd0f5326e32e892028100a554c60ef38fba.metadata.json	3129	2c582f1845c66630bed5861303161dd0f5326e32e892028100a554c60ef38fba
config/supply-chain-license-archive-cas-pass4825/2ddbcf5af22763b96932fa67edb8eaf38bf37273c4292aca5aa37b81c9858a94.metadata.json	2055	2ddbcf5af22763b96932fa67edb8eaf38bf37273c4292aca5aa37b81c9858a94
config/supply-chain-license-archive-cas-pass4825/2e3a7fbc88a7723e09e7d34fcbd6849095d9cc05564dd1faca6f65b61b5c0211.metadata.json	3117	2e3a7fbc88a7723e09e7d34fcbd6849095d9cc05564dd1faca6f65b61b5c0211
config/supply-chain-license-archive-cas-pass4825/2ec11480a90965a753b141be5432d24f4ca98860b844fd1b10cab0a1023423fc.tgz	3151	2ec11480a90965a753b141be5432d24f4ca98860b844fd1b10cab0a1023423fc
config/supply-chain-license-archive-cas-pass4825/30357dcc481b384fe8fc41c00f17a2580f40d520aaee46365a838e155ceb1fb0.metadata.json	1928	30357dcc481b384fe8fc41c00f17a2580f40d520aaee46365a838e155ceb1fb0
config/supply-chain-license-archive-cas-pass4825/3167a64d533d2d5d5ff3e4f8b02d5e996d7ffbcc0d77a9a1f30db9e957e8c564.metadata.json	2287	3167a64d533d2d5d5ff3e4f8b02d5e996d7ffbcc0d77a9a1f30db9e957e8c564
config/supply-chain-license-archive-cas-pass4825/3257b2040e315c116e91326e41c13c9fbcfacb5703e558a3987617f5c8aaae03.tgz	894935	3257b2040e315c116e91326e41c13c9fbcfacb5703e558a3987617f5c8aaae03
config/supply-chain-license-archive-cas-pass4825/3287c872bfa85c997e9018a1258fb6b954eea9b5db584dd716cc6741f760cae8.tgz	6315	3287c872bfa85c997e9018a1258fb6b954eea9b5db584dd716cc6741f760cae8
config/supply-chain-license-archive-cas-pass4825/3352fb1423dbbd178d8e4af5d94396115d78fa5994aa4c234f5689f54b0ecdd8.tgz	8216	3352fb1423dbbd178d8e4af5d94396115d78fa5994aa4c234f5689f54b0ecdd8
config/supply-chain-license-archive-cas-pass4825/33c77fe0e697e13653a3caf68b24eb1644c9cc08a305cb167cba942e02b4035e.metadata.json	2348	33c77fe0e697e13653a3caf68b24eb1644c9cc08a305cb167cba942e02b4035e
config/supply-chain-license-archive-cas-pass4825/341f723ccdbe68457dfebbad1d810c36e607394a66f9b0aa326098868c1e221d.metadata.json	3469	341f723ccdbe68457dfebbad1d810c36e607394a66f9b0aa326098868c1e221d
config/supply-chain-license-archive-cas-pass4825/35902dd620cf0058c49ea614120f18a889d984269a90381b7622e79c2cfe4261.tgz	2263	35902dd620cf0058c49ea614120f18a889d984269a90381b7622e79c2cfe4261
config/supply-chain-license-archive-cas-pass4825/3776dbd679dc46ae4a82bb05102b3ec0cebf04ab840cac1cf98d2d6491dc29aa.metadata.json	2618	3776dbd679dc46ae4a82bb05102b3ec0cebf04ab840cac1cf98d2d6491dc29aa
config/supply-chain-license-archive-cas-pass4825/3a4d81a0fd3db24a431da076a917e17f4f3d9d00bd8f4ba1f79a7a10b3fcc34e.tgz	20414	3a4d81a0fd3db24a431da076a917e17f4f3d9d00bd8f4ba1f79a7a10b3fcc34e
config/supply-chain-license-archive-cas-pass4825/3a6945ded0018f2a60dd056a3c707268af0cdc7cf89a3222963bfe49534405e8.tgz	76439	3a6945ded0018f2a60dd056a3c707268af0cdc7cf89a3222963bfe49534405e8
config/supply-chain-license-archive-cas-pass4825/3ae2409737809f6f2a3f19f9d25bdc46adcbd197a5b3641bbe587edb7fbb6dbf.metadata.json	2418	3ae2409737809f6f2a3f19f9d25bdc46adcbd197a5b3641bbe587edb7fbb6dbf
config/supply-chain-license-archive-cas-pass4825/3b5c43f9dee182d4e7c3242069ee8a5c03c5a3bca8e2df763a6044f1dc844d07.tgz	5058	3b5c43f9dee182d4e7c3242069ee8a5c03c5a3bca8e2df763a6044f1dc844d07
config/supply-chain-license-archive-cas-pass4825/3b77db537d9c3e15a54ba3ad5dc55da9d0ce3621c44b1398133caace23e357b4.tgz	795866	3b77db537d9c3e15a54ba3ad5dc55da9d0ce3621c44b1398133caace23e357b4
config/supply-chain-license-archive-cas-pass4825/3b794ab4b3739e2033fddcc2ebfc5080a5407a32df3afc1d9ed2bf26dd743f2e.metadata.json	2472	3b794ab4b3739e2033fddcc2ebfc5080a5407a32df3afc1d9ed2bf26dd743f2e
config/supply-chain-license-archive-cas-pass4825/3d7b28e52c189e695b220a0c92a819ef4b9758c9883ab52a41c6b59044e0c622.metadata.json	2879	3d7b28e52c189e695b220a0c92a819ef4b9758c9883ab52a41c6b59044e0c622
config/supply-chain-license-archive-cas-pass4825/3efc32644d23485e546239833d42c6972c40a7d87f46c29619b83342113c16ec.metadata.json	1634	3efc32644d23485e546239833d42c6972c40a7d87f46c29619b83342113c16ec
config/supply-chain-license-archive-cas-pass4825/439d14e46f574bc1a62a72ad4598e7f22ebd8021410ab7d869723801c436e95d.tgz	1507	439d14e46f574bc1a62a72ad4598e7f22ebd8021410ab7d869723801c436e95d
config/supply-chain-license-archive-cas-pass4825/4470e8d3de248d1ffe699481b56f2497575c1108172dc19fcafa873664a8ba7b.metadata.json	3241	4470e8d3de248d1ffe699481b56f2497575c1108172dc19fcafa873664a8ba7b
config/supply-chain-license-archive-cas-pass4825/45648213a85366ff8d54f182f2cd00af62f0809f77a27964d656ea12396228b7.metadata.json	2555	45648213a85366ff8d54f182f2cd00af62f0809f77a27964d656ea12396228b7
config/supply-chain-license-archive-cas-pass4825/46097f86d3d761e41cee3b02f410aaef60b778116422d9e3b98b62c87d4e1ee1.tgz	124878	46097f86d3d761e41cee3b02f410aaef60b778116422d9e3b98b62c87d4e1ee1
config/supply-chain-license-archive-cas-pass4825/462f3044d55d3cc9f608290af2311705090b027f21ea49d595cd5d5231fec71d.metadata.json	3162	462f3044d55d3cc9f608290af2311705090b027f21ea49d595cd5d5231fec71d
config/supply-chain-license-archive-cas-pass4825/46a7530dfcb61f3ef7ba05c2f4432ce567de8b021b3ec93736251461f7eb7d8b.metadata.json	2046	46a7530dfcb61f3ef7ba05c2f4432ce567de8b021b3ec93736251461f7eb7d8b
config/supply-chain-license-archive-cas-pass4825/46c4d0913d8f3311f2e2b19e5e9b2da86042fee949ea08def184adfdf116ed12.metadata.json	1512	46c4d0913d8f3311f2e2b19e5e9b2da86042fee949ea08def184adfdf116ed12
config/supply-chain-license-archive-cas-pass4825/47ac5dfe9f143959cac2e1fca8fa3d009d8801954fad3ee263e8576cf11d1911.tgz	8683	47ac5dfe9f143959cac2e1fca8fa3d009d8801954fad3ee263e8576cf11d1911
config/supply-chain-license-archive-cas-pass4825/4a7cbdb7054b1dd6e466067129be9577b495ff69d02064913e1723405db0df76.tgz	5194	4a7cbdb7054b1dd6e466067129be9577b495ff69d02064913e1723405db0df76
config/supply-chain-license-archive-cas-pass4825/4aa15e229c6c7d70805789e5480ab4762e028e7ee5cf2368aa723eb666fd04e9.tgz	2483	4aa15e229c6c7d70805789e5480ab4762e028e7ee5cf2368aa723eb666fd04e9
config/supply-chain-license-archive-cas-pass4825/4b44a14da6987a3c0585c2ff16b3800425732ff35cad710c65e72d7f8e33b11b.tgz	2017	4b44a14da6987a3c0585c2ff16b3800425732ff35cad710c65e72d7f8e33b11b
config/supply-chain-license-archive-cas-pass4825/4b8999acb914830edcd3c5b8fec632b32c6bc759ac3edc86336f5a9e08ba7b92.tgz	2258	4b8999acb914830edcd3c5b8fec632b32c6bc759ac3edc86336f5a9e08ba7b92
config/supply-chain-license-archive-cas-pass4825/4bf9bffc1789335b1d6b19a47569a54c767027bf4ab0096dc6d8a8ff041b9efd.metadata.json	2370	4bf9bffc1789335b1d6b19a47569a54c767027bf4ab0096dc6d8a8ff041b9efd
config/supply-chain-license-archive-cas-pass4825/4f003b4c39114ca6a6989033ae2013a583fbd4073ee40badb7dd9cbacc1af3ae.tgz	4198	4f003b4c39114ca6a6989033ae2013a583fbd4073ee40badb7dd9cbacc1af3ae
config/supply-chain-license-archive-cas-pass4825/50bafc4aa4cb263b2d3b3f430535ed8d49294eb107796e767d76a5ca475aca66.tgz	204299	50bafc4aa4cb263b2d3b3f430535ed8d49294eb107796e767d76a5ca475aca66
config/supply-chain-license-archive-cas-pass4825/50f14ae6cfe8360cb2259ba3e93305e069036f13251d69d3cbee9e1d4775ca04.tgz	4496	50f14ae6cfe8360cb2259ba3e93305e069036f13251d69d3cbee9e1d4775ca04
config/supply-chain-license-archive-cas-pass4825/5133edd10ef777e42a9556d967058de75c29a839c1782aa04f9b2ab80ba81505.tgz	573145	5133edd10ef777e42a9556d967058de75c29a839c1782aa04f9b2ab80ba81505
config/supply-chain-license-archive-cas-pass4825/5188c6e867e1905429c96825e427a261db2427c72e7cfb1b22bf18652f340a4f.metadata.json	2978	5188c6e867e1905429c96825e427a261db2427c72e7cfb1b22bf18652f340a4f
config/supply-chain-license-archive-cas-pass4825/525b25a4ee4b022241d21b63ec9417b5ec41798cc5852d79cba2ec650a329d1c.metadata.json	2505	525b25a4ee4b022241d21b63ec9417b5ec41798cc5852d79cba2ec650a329d1c
config/supply-chain-license-archive-cas-pass4825/536d53a32cd136f767e3aad649dd3d228b9a79f55da48e30cc00a3318544a40b.metadata.json	3151	536d53a32cd136f767e3aad649dd3d228b9a79f55da48e30cc00a3318544a40b
config/supply-chain-license-archive-cas-pass4825/54ad3fd597f781f9c1c55323758997e9119b24085e3b4b965c74a708d79a3327.metadata.json	2450	54ad3fd597f781f9c1c55323758997e9119b24085e3b4b965c74a708d79a3327
config/supply-chain-license-archive-cas-pass4825/54d728bd1e33becd8da7f998b01b589b49a2529ccad24be64be930a884da14f9.tgz	6842	54d728bd1e33becd8da7f998b01b589b49a2529ccad24be64be930a884da14f9
config/supply-chain-license-archive-cas-pass4825/5612de52afe83da73e66b519e83aa56aa81151c844b90bcf8e045df5ecec8d2d.tgz	132003	5612de52afe83da73e66b519e83aa56aa81151c844b90bcf8e045df5ecec8d2d
config/supply-chain-license-archive-cas-pass4825/5659a887231153540855405727c04d1f856e1d19aa794228cac5b3c0f550c5b4.metadata.json	3423	5659a887231153540855405727c04d1f856e1d19aa794228cac5b3c0f550c5b4
config/supply-chain-license-archive-cas-pass4825/57852a03833607fcc71ed3ccf0d1f1f638e09a6aacb16fa1f038945d27adf44e.tgz	4891	57852a03833607fcc71ed3ccf0d1f1f638e09a6aacb16fa1f038945d27adf44e
config/supply-chain-license-archive-cas-pass4825/590b3b909ea4fb82cc886598a042b8a8c0585d360b04578aefe9848c0567c9bc.metadata.json	3434	590b3b909ea4fb82cc886598a042b8a8c0585d360b04578aefe9848c0567c9bc
config/supply-chain-license-archive-cas-pass4825/5da0acf06ff054a06ed4ecb24d8cc10598c71f2ab968892a095ff16f4f3ed01a.metadata.json	1756	5da0acf06ff054a06ed4ecb24d8cc10598c71f2ab968892a095ff16f4f3ed01a
config/supply-chain-license-archive-cas-pass4825/5dbd60ac858b8eb9fb8219cd0dbe89cb866405749cbac90c2f8bc18acc77aeea.tgz	4621	5dbd60ac858b8eb9fb8219cd0dbe89cb866405749cbac90c2f8bc18acc77aeea
config/supply-chain-license-archive-cas-pass4825/5e26e2dc8b594299b84facf1c9d441ec3c85100a933a7de94fb7ae2596e39aba.metadata.json	2683	5e26e2dc8b594299b84facf1c9d441ec3c85100a933a7de94fb7ae2596e39aba
config/supply-chain-license-archive-cas-pass4825/5f48697a009a8e39baa50398e060ccc0409fa25d2fd38a68475937f481324bfd.metadata.json	1335	5f48697a009a8e39baa50398e060ccc0409fa25d2fd38a68475937f481324bfd
config/supply-chain-license-archive-cas-pass4825/607e83127ea471fdf079c501148a17936cb4137ec779ce6ec52f083f149ae407.tgz	2008	607e83127ea471fdf079c501148a17936cb4137ec779ce6ec52f083f149ae407
config/supply-chain-license-archive-cas-pass4825/62691953222d8acef97db2daa0e84adedc8eb6b074c33ec02367291a32e4ad37.tgz	25695	62691953222d8acef97db2daa0e84adedc8eb6b074c33ec02367291a32e4ad37
config/supply-chain-license-archive-cas-pass4825/628fdde824d10e4921c14053afffa7e11b4cabdd0dc36b185b794c9226dc1e05.metadata.json	1863	628fdde824d10e4921c14053afffa7e11b4cabdd0dc36b185b794c9226dc1e05
config/supply-chain-license-archive-cas-pass4825/65f6246e854f2d8d22cce4ccd672db88369c8727b281a6b31ccd5c17611417c5.metadata.json	3520	65f6246e854f2d8d22cce4ccd672db88369c8727b281a6b31ccd5c17611417c5
config/supply-chain-license-archive-cas-pass4825/6603b1b41a0dedbb3dd2e13fbb885a6df366ef83d26f5bf0f781fd9358d5a19f.tgz	9885	6603b1b41a0dedbb3dd2e13fbb885a6df366ef83d26f5bf0f781fd9358d5a19f
config/supply-chain-license-archive-cas-pass4825/672d429bbc0289aa88648784cf3240035b5d85c50edc9e62b3c7d9d5e733d3ba.tgz	1065130	672d429bbc0289aa88648784cf3240035b5d85c50edc9e62b3c7d9d5e733d3ba
config/supply-chain-license-archive-cas-pass4825/67ac5a6cea2268114a1f8935ca3ad60fe634fed04dd7914939bf24ceaa2d57b8.tgz	5512	67ac5a6cea2268114a1f8935ca3ad60fe634fed04dd7914939bf24ceaa2d57b8
config/supply-chain-license-archive-cas-pass4825/689e9cbe95cb6a18cceb9a13a82578646e6642d7ad89fa179023401cca7d6a12.tgz	137612	689e9cbe95cb6a18cceb9a13a82578646e6642d7ad89fa179023401cca7d6a12
config/supply-chain-license-archive-cas-pass4825/6ab036f0b206e0db18717dda023d432ac3726bb8b8c0534225ac21f8550e4f13.metadata.json	3066	6ab036f0b206e0db18717dda023d432ac3726bb8b8c0534225ac21f8550e4f13
config/supply-chain-license-archive-cas-pass4825/6e94f844109fcd47aeff5ac154ecea556fcb66a4c8a4b0f58685eb32149b1bcb.metadata.json	3110	6e94f844109fcd47aeff5ac154ecea556fcb66a4c8a4b0f58685eb32149b1bcb
config/supply-chain-license-archive-cas-pass4825/6eb73f74a1cb3de4f9666a55324c2e67686776ec35768126c5b531e8b930730d.metadata.json	3504	6eb73f74a1cb3de4f9666a55324c2e67686776ec35768126c5b531e8b930730d
config/supply-chain-license-archive-cas-pass4825/6fbb55c0292fa73ae484f5c276c4fe8319bfad89c51b35951ba7b118373789b2.tgz	7207	6fbb55c0292fa73ae484f5c276c4fe8319bfad89c51b35951ba7b118373789b2
config/supply-chain-license-archive-cas-pass4825/70b16782a39ad16672e47c33473559a25bff9640214df91cb9dd153005d71a02.tgz	14624	70b16782a39ad16672e47c33473559a25bff9640214df91cb9dd153005d71a02
config/supply-chain-license-archive-cas-pass4825/71d7d96b694e9f0d3a341736b646b2200a2f70333f1b7328bca6a5fefa852284.metadata.json	3116	71d7d96b694e9f0d3a341736b646b2200a2f70333f1b7328bca6a5fefa852284
config/supply-chain-license-archive-cas-pass4825/72f29125d5fc5c7669d874ccec1249b20d967a022682f1e8dce551f9a2d429f9.metadata.json	2868	72f29125d5fc5c7669d874ccec1249b20d967a022682f1e8dce551f9a2d429f9
config/supply-chain-license-archive-cas-pass4825/74ce9a5f9cc98c5908c75109b49cc991a1859199135d9495fcbd7a902b6c7b3d.metadata.json	2397	74ce9a5f9cc98c5908c75109b49cc991a1859199135d9495fcbd7a902b6c7b3d
config/supply-chain-license-archive-cas-pass4825/755416be31ec4e79a2c2559ae42c7f7faa9445e72f281bd39b6502acbf0cae23.metadata.json	2883	755416be31ec4e79a2c2559ae42c7f7faa9445e72f281bd39b6502acbf0cae23
config/supply-chain-license-archive-cas-pass4825/76a9b80045e612bcc0bde9de98fe187ed869d868f10f69ed235c97a1037f9b29.metadata.json	2943	76a9b80045e612bcc0bde9de98fe187ed869d868f10f69ed235c97a1037f9b29
config/supply-chain-license-archive-cas-pass4825/77a7eb1411d927bb8a5ca7069dbe168886d63c88f446f0b81500a2cf23ddb5b1.tgz	2206	77a7eb1411d927bb8a5ca7069dbe168886d63c88f446f0b81500a2cf23ddb5b1
config/supply-chain-license-archive-cas-pass4825/787ae2cdda8a7761ac3f5d30040b06e1ceccb63f89a0006c5f520315446184e8.tgz	76567	787ae2cdda8a7761ac3f5d30040b06e1ceccb63f89a0006c5f520315446184e8
config/supply-chain-license-archive-cas-pass4825/7953a1bce3f6e7148aa23a8d72abbd2632cc3ee2247380fe817dfcefdfbf53af.tgz	354274	7953a1bce3f6e7148aa23a8d72abbd2632cc3ee2247380fe817dfcefdfbf53af
config/supply-chain-license-archive-cas-pass4825/7967bf18909c24cceddf520d241eb134cb978932c6ca5c271bded01211512b19.tgz	3026	7967bf18909c24cceddf520d241eb134cb978932c6ca5c271bded01211512b19
config/supply-chain-license-archive-cas-pass4825/79c632a396c610748f9e4537cbb853d70bdb1ba405a615c6a4bd096184d85d59.metadata.json	3170	79c632a396c610748f9e4537cbb853d70bdb1ba405a615c6a4bd096184d85d59
config/supply-chain-license-archive-cas-pass4825/7c316193a4d49e70b3f552e4d52573ecb5b8154075f049cb30c9c2dc9ebb7c90.tgz	2160	7c316193a4d49e70b3f552e4d52573ecb5b8154075f049cb30c9c2dc9ebb7c90
config/supply-chain-license-archive-cas-pass4825/804548784cc595c1af182cbcfbc25d8e59b2f2f99b7eb24fd27d5eed00f37f82.tgz	152028	804548784cc595c1af182cbcfbc25d8e59b2f2f99b7eb24fd27d5eed00f37f82
config/supply-chain-license-archive-cas-pass4825/81384380f7682e2b23b441d1ccd2aa754c2e3516f2c16113cfad52837df7e8ab.metadata.json	1762	81384380f7682e2b23b441d1ccd2aa754c2e3516f2c16113cfad52837df7e8ab
config/supply-chain-license-archive-cas-pass4825/82136b5cb97423621469e0c62a47ee09f0ce3ba9486d97a5a43ca10f51cca151.metadata.json	1716	82136b5cb97423621469e0c62a47ee09f0ce3ba9486d97a5a43ca10f51cca151
config/supply-chain-license-archive-cas-pass4825/83f45e602b1976951014f751c9cd4ad6142c7b3fb48f9611c4946aa70dbf5467.metadata.json	2804	83f45e602b1976951014f751c9cd4ad6142c7b3fb48f9611c4946aa70dbf5467
config/supply-chain-license-archive-cas-pass4825/8586346b89a2cc24cca48882af7613328050a2079fc118778333602ecdf7b09a.metadata.json	3046	8586346b89a2cc24cca48882af7613328050a2079fc118778333602ecdf7b09a
config/supply-chain-license-archive-cas-pass4825/87d365ce179ad49d093c33a3ddb7c52b371a1bc27f11428e01e46f7f5bafc3d4.tgz	6319	87d365ce179ad49d093c33a3ddb7c52b371a1bc27f11428e01e46f7f5bafc3d4
config/supply-chain-license-archive-cas-pass4825/89665f7ab4110b32715e3fc64b8a89ead60a3804b32413e777820987743279a7.metadata.json	2577	89665f7ab4110b32715e3fc64b8a89ead60a3804b32413e777820987743279a7
config/supply-chain-license-archive-cas-pass4825/89d2df514439098a0edab2c73a9b0de86f425c67fd7fd2b9714bfce3325d108f.metadata.json	3830	89d2df514439098a0edab2c73a9b0de86f425c67fd7fd2b9714bfce3325d108f
config/supply-chain-license-archive-cas-pass4825/8b140e0fa3fede3d81d1dffcc400c9755d7388e8a4add228487f5e20c9cf7863.tgz	7360	8b140e0fa3fede3d81d1dffcc400c9755d7388e8a4add228487f5e20c9cf7863
config/supply-chain-license-archive-cas-pass4825/8c3a4477274d04a5e8a62f91e7f0639b67a3d162c23464806b32852d5924ff44.metadata.json	2431	8c3a4477274d04a5e8a62f91e7f0639b67a3d162c23464806b32852d5924ff44
config/supply-chain-license-archive-cas-pass4825/8c617f268bbdb0d073362efbdba0110149daf1d4716777d3a7e668c5ef07bddd.tgz	10798	8c617f268bbdb0d073362efbdba0110149daf1d4716777d3a7e668c5ef07bddd
config/supply-chain-license-archive-cas-pass4825/8e0e688c1073d55353616f99ba5a09796e16cc4b0f08840066cea8a79cff612e.tgz	9108	8e0e688c1073d55353616f99ba5a09796e16cc4b0f08840066cea8a79cff612e
config/supply-chain-license-archive-cas-pass4825/8ec1662af971bf5bbeae8b204b54d7ac3b368a3a4a4fd480690dc4f728a708c0.metadata.json	6206	8ec1662af971bf5bbeae8b204b54d7ac3b368a3a4a4fd480690dc4f728a708c0
config/supply-chain-license-archive-cas-pass4825/9025508d9125eee531bbc49ce3ae560183975ad595f058c378bd56af4152fb16.tgz	4199	9025508d9125eee531bbc49ce3ae560183975ad595f058c378bd56af4152fb16
config/supply-chain-license-archive-cas-pass4825/90d65d51c8af4d53d1671b3cbd22545cebe1f20750c1f33af43c0093e172a2df.metadata.json	1831	90d65d51c8af4d53d1671b3cbd22545cebe1f20750c1f33af43c0093e172a2df
config/supply-chain-license-archive-cas-pass4825/920fa43538c019a085dbbf04cb6f72cc337624e5f5217519f0e7b2ef784e7ce1.tgz	8996	920fa43538c019a085dbbf04cb6f72cc337624e5f5217519f0e7b2ef784e7ce1
config/supply-chain-license-archive-cas-pass4825/9312b0890507f86e188dee9678094315d5f4371248aac1832a16df2b433e1b17.tgz	1051551	9312b0890507f86e188dee9678094315d5f4371248aac1832a16df2b433e1b17
config/supply-chain-license-archive-cas-pass4825/93a5962e500cdb15619c5d2419bc38f0f10ed82358ece7572158dc8e73dededd.metadata.json	3686	93a5962e500cdb15619c5d2419bc38f0f10ed82358ece7572158dc8e73dededd
config/supply-chain-license-archive-cas-pass4825/943112eb62102f2ef56bad6eb50a3fe12bc0b386da0893614d81c735baa05897.tgz	2677	943112eb62102f2ef56bad6eb50a3fe12bc0b386da0893614d81c735baa05897
config/supply-chain-license-archive-cas-pass4825/9438ceafb82c5cb11f9152b9bd28fb1b7fab0e52a6eac4d39d7d653d75821c19.metadata.json	5455	9438ceafb82c5cb11f9152b9bd28fb1b7fab0e52a6eac4d39d7d653d75821c19
config/supply-chain-license-archive-cas-pass4825/94fb962c489aae2c4e5581f1494721083dc76dddd7c703314dd4d7ff965d2a3f.tgz	6839	94fb962c489aae2c4e5581f1494721083dc76dddd7c703314dd4d7ff965d2a3f
config/supply-chain-license-archive-cas-pass4825/972a85962358feaad8167e7be2d202e759156e1c5cca1ecac7fabf930364a619.tgz	5017	972a85962358feaad8167e7be2d202e759156e1c5cca1ecac7fabf930364a619
config/supply-chain-license-archive-cas-pass4825/986b75a017a533a18d4e47e48cd50acfca2b149cb84803cbb737b4c29bf5cb1f.metadata.json	1985	986b75a017a533a18d4e47e48cd50acfca2b149cb84803cbb737b4c29bf5cb1f
config/supply-chain-license-archive-cas-pass4825/9ba1aff538624d66b608dc4496b2fff57029cf13908679bf2647b731270b563a.tgz	7611	9ba1aff538624d66b608dc4496b2fff57029cf13908679bf2647b731270b563a
config/supply-chain-license-archive-cas-pass4825/9c79c068427a5c675472552c587297bf62f2d0a2c50d00e852ee86d01aa79a49.metadata.json	18013	9c79c068427a5c675472552c587297bf62f2d0a2c50d00e852ee86d01aa79a49
config/supply-chain-license-archive-cas-pass4825/9e1f1a05f0dd0c1dab64ee91ceb9bf55cd44d35368c70edda80a2fdc70a88377.tgz	583600	9e1f1a05f0dd0c1dab64ee91ceb9bf55cd44d35368c70edda80a2fdc70a88377
config/supply-chain-license-archive-cas-pass4825/9effbdb1ed01b4b5d348747c1fad234c3ff0c0ba7ba338f11082652ffea7b549.metadata.json	2087	9effbdb1ed01b4b5d348747c1fad234c3ff0c0ba7ba338f11082652ffea7b549
config/supply-chain-license-archive-cas-pass4825/a01c2682a92d8d66c9d90a05b97e3984540cf887cb1a5a0fbbfec8b2e5c72c0b.tgz	14574	a01c2682a92d8d66c9d90a05b97e3984540cf887cb1a5a0fbbfec8b2e5c72c0b
config/supply-chain-license-archive-cas-pass4825/a07a198ca727816296616928237bfab6571f211750d798030b3b7a3f4a5473a3.tgz	2067	a07a198ca727816296616928237bfab6571f211750d798030b3b7a3f4a5473a3
config/supply-chain-license-archive-cas-pass4825/a0b50afb3fe64bf44a7abe85eff2056d6d1cc90e8c282c81b5c2534ed80c7de1.tgz	1466320	a0b50afb3fe64bf44a7abe85eff2056d6d1cc90e8c282c81b5c2534ed80c7de1
config/supply-chain-license-archive-cas-pass4825/a243d02997e6d2f46ba981093d9df44dc99aae6403ddade2dbea96a9e2546781.tgz	35844	a243d02997e6d2f46ba981093d9df44dc99aae6403ddade2dbea96a9e2546781
config/supply-chain-license-archive-cas-pass4825/a4508970c7b4942311dbb5e22211f0108ee302990c5f2d903254fd2671db83bf.metadata.json	3257	a4508970c7b4942311dbb5e22211f0108ee302990c5f2d903254fd2671db83bf
config/supply-chain-license-archive-cas-pass4825/a7297cb9947612372fd79d06ed5c16f2f9277ceeddaa534b3b16aff4eb437bcb.metadata.json	2728	a7297cb9947612372fd79d06ed5c16f2f9277ceeddaa534b3b16aff4eb437bcb
config/supply-chain-license-archive-cas-pass4825/a86fac9b5423a630b16f4eebe2e8b7e6f7fdb32b819eb665b56f7f583f5a3348.tgz	5124	a86fac9b5423a630b16f4eebe2e8b7e6f7fdb32b819eb665b56f7f583f5a3348
config/supply-chain-license-archive-cas-pass4825/a90d0d7f39acda41b51739dd723435097c6a8b9c30a979c6ff777be22350c82e.tgz	104763	a90d0d7f39acda41b51739dd723435097c6a8b9c30a979c6ff777be22350c82e
config/supply-chain-license-archive-cas-pass4825/aaa0a9f9cca40ccc3d6ec0b4980a38e778ed970e86c1e5a287db4375935b3c66.metadata.json	2893	aaa0a9f9cca40ccc3d6ec0b4980a38e778ed970e86c1e5a287db4375935b3c66
config/supply-chain-license-archive-cas-pass4825/aac6b3e591f0d878c92d19756d4880a13ec5e48e43a7d7d6114a241cd1cb8013.metadata.json	2584	aac6b3e591f0d878c92d19756d4880a13ec5e48e43a7d7d6114a241cd1cb8013
config/supply-chain-license-archive-cas-pass4825/ac23a031966a7371d192e35c7852ab31c772b7d4e468ddd886ad3c014372cb60.tgz	4312	ac23a031966a7371d192e35c7852ab31c772b7d4e468ddd886ad3c014372cb60
config/supply-chain-license-archive-cas-pass4825/acbca400e3e1da726b8c88d1753c25efc92a5da57d701c7a906f8c85da7d279d.tgz	209756	acbca400e3e1da726b8c88d1753c25efc92a5da57d701c7a906f8c85da7d279d
config/supply-chain-license-archive-cas-pass4825/adb6a8b4b49789cfb6a902543a5ef9fcf8dfb2066b3fa72c5ca0d3545f51cad7.metadata.json	2533	adb6a8b4b49789cfb6a902543a5ef9fcf8dfb2066b3fa72c5ca0d3545f51cad7
config/supply-chain-license-archive-cas-pass4825/af565b7054da93f07805673afb150039a245585e4fb4430c9528c947a9331f50.metadata.json	2371	af565b7054da93f07805673afb150039a245585e4fb4430c9528c947a9331f50
config/supply-chain-license-archive-cas-pass4825/af587e8ba218f97d94859f7df2cf7f21b32b43dfd6e80fc91fbbef5105897537.metadata.json	2010	af587e8ba218f97d94859f7df2cf7f21b32b43dfd6e80fc91fbbef5105897537
config/supply-chain-license-archive-cas-pass4825/b41cdfe30e4956cebfc4d36567b2777803ed61881b6230f40d5ddcfbe9bd324b.metadata.json	2463	b41cdfe30e4956cebfc4d36567b2777803ed61881b6230f40d5ddcfbe9bd324b
config/supply-chain-license-archive-cas-pass4825/b5c60d4279110e284685b7aede5439d27ed3321c74c592a13caca981956cdf17.metadata.json	4289	b5c60d4279110e284685b7aede5439d27ed3321c74c592a13caca981956cdf17
config/supply-chain-license-archive-cas-pass4825/b6dfdb1776bb1a8dffd9aac392371b6db66a3e185f2e2ae2847a2a52c537f4b1.metadata.json	2825	b6dfdb1776bb1a8dffd9aac392371b6db66a3e185f2e2ae2847a2a52c537f4b1
config/supply-chain-license-archive-cas-pass4825/b83659dbbb8b41b1269c17901e7c995f0e0054f6767abcf72babf6149c93779c.metadata.json	2497	b83659dbbb8b41b1269c17901e7c995f0e0054f6767abcf72babf6149c93779c
config/supply-chain-license-archive-cas-pass4825/bbeedb3e3b5d5650333da7b880c0e8626312bff14c55b047589847f642ef743e.metadata.json	2292	bbeedb3e3b5d5650333da7b880c0e8626312bff14c55b047589847f642ef743e
config/supply-chain-license-archive-cas-pass4825/bc0bc6ee6c25bfd3db4e44dbaa210011dc5a1937a381bbbd92ad857bf5183678.tgz	1854	bc0bc6ee6c25bfd3db4e44dbaa210011dc5a1937a381bbbd92ad857bf5183678
config/supply-chain-license-archive-cas-pass4825/bf19e1fcb8d382b52d3182738c2e2fab5b0607c0858f4e7ae97190f33d303ed4.metadata.json	1510	bf19e1fcb8d382b52d3182738c2e2fab5b0607c0858f4e7ae97190f33d303ed4
config/supply-chain-license-archive-cas-pass4825/bf9937cf6bd5e7eec6cb8343fecb1d3e6519e4cf1a52bebdeb576c6bf84be344.tgz	702108	bf9937cf6bd5e7eec6cb8343fecb1d3e6519e4cf1a52bebdeb576c6bf84be344
config/supply-chain-license-archive-cas-pass4825/c24f35cdaf78fff3eff9f63067d14999f8ca42666cd58c9545f51c8368a34b9f.metadata.json	3483	c24f35cdaf78fff3eff9f63067d14999f8ca42666cd58c9545f51c8368a34b9f
config/supply-chain-license-archive-cas-pass4825/c488e56e8710a04f989c93526dd5211cbba41ab583dcf554158a7d10bb38675b.tgz	674365	c488e56e8710a04f989c93526dd5211cbba41ab583dcf554158a7d10bb38675b
config/supply-chain-license-archive-cas-pass4825/c78d05f20aff3bc95f024b19e53f72998cfc5f69c42b126c49dff8b1b271bc46.tgz	14663	c78d05f20aff3bc95f024b19e53f72998cfc5f69c42b126c49dff8b1b271bc46
config/supply-chain-license-archive-cas-pass4825/c7ff2523bd86d0292b8180c201003ec69ce33235dbba3f7bbfbb4f5a183f0df3.metadata.json	3391	c7ff2523bd86d0292b8180c201003ec69ce33235dbba3f7bbfbb4f5a183f0df3
config/supply-chain-license-archive-cas-pass4825/c840a112f84260c2fc806aeb4386075146cf77e87d7483b9c57a3cbbaa3b078c.metadata.json	2442	c840a112f84260c2fc806aeb4386075146cf77e87d7483b9c57a3cbbaa3b078c
config/supply-chain-license-archive-cas-pass4825/c8499acc5aba22b08f79dabd045a25e8ad3065f433ef5a66af94ea7d19284a6e.metadata.json	1167	c8499acc5aba22b08f79dabd045a25e8ad3065f433ef5a66af94ea7d19284a6e
config/supply-chain-license-archive-cas-pass4825/cb3ee1bc3c74cbcf81246137e6bd4f9bd2342365f921da21f3332436ff799aac.metadata.json	3002	cb3ee1bc3c74cbcf81246137e6bd4f9bd2342365f921da21f3332436ff799aac
config/supply-chain-license-archive-cas-pass4825/ccb1e0258552cf182fe8aaf479133085561d4e44445cff1ba0e60243d7d60ccf.metadata.json	1770	ccb1e0258552cf182fe8aaf479133085561d4e44445cff1ba0e60243d7d60ccf
config/supply-chain-license-archive-cas-pass4825/cd60f450e2b1a585d8f19c14307f0396f7920ecdc9f933b93d7c3473e6f74ff7.tgz	2225	cd60f450e2b1a585d8f19c14307f0396f7920ecdc9f933b93d7c3473e6f74ff7
config/supply-chain-license-archive-cas-pass4825/cf36836100bf3e3b27e072c0835191b3403e59f35375335dab257a9c4cbf8612.metadata.json	2715	cf36836100bf3e3b27e072c0835191b3403e59f35375335dab257a9c4cbf8612
config/supply-chain-license-archive-cas-pass4825/cfae9426749c718f44f3d0e3de13554856c607af39697e9b3b40b74ed2e313a5.metadata.json	4854	cfae9426749c718f44f3d0e3de13554856c607af39697e9b3b40b74ed2e313a5
config/supply-chain-license-archive-cas-pass4825/d0d7cc3b19863faa09d3822d1386b6b62ccc4551f7190ffaa25c792bbaf59dec.tgz	4409	d0d7cc3b19863faa09d3822d1386b6b62ccc4551f7190ffaa25c792bbaf59dec
config/supply-chain-license-archive-cas-pass4825/d0f1a7205480f0f0232bacf28f8b9b4d53a49c49d02c89b70cf78f334ec7ed5d.metadata.json	5360	d0f1a7205480f0f0232bacf28f8b9b4d53a49c49d02c89b70cf78f334ec7ed5d
config/supply-chain-license-archive-cas-pass4825/d3aedb2807967b7eb37fd11b03b7e3701e725af79c650d0812ff7213f8f882d9.tgz	2625	d3aedb2807967b7eb37fd11b03b7e3701e725af79c650d0812ff7213f8f882d9
config/supply-chain-license-archive-cas-pass4825/d47e147c481db937f7fc8445da923a9ddf1dc80d3f845d3a654c8d1675224fda.metadata.json	3395	d47e147c481db937f7fc8445da923a9ddf1dc80d3f845d3a654c8d1675224fda
config/supply-chain-license-archive-cas-pass4825/d884c7a2d8adb5568c1272d92b4f9c62707f4226cf9e7b22e7b957c7361e3c53.tgz	6542	d884c7a2d8adb5568c1272d92b4f9c62707f4226cf9e7b22e7b957c7361e3c53
config/supply-chain-license-archive-cas-pass4825/da85f7e762877cd22d3c7da2c86371c9826cfcec2af57435b0924a36442fb080.tgz	5343	da85f7e762877cd22d3c7da2c86371c9826cfcec2af57435b0924a36442fb080
config/supply-chain-license-archive-cas-pass4825/dc4176fb3eff19068d78c3c405adc38726ea4165d5dca3ea4d64c7fef620c84a.metadata.json	1937	dc4176fb3eff19068d78c3c405adc38726ea4165d5dca3ea4d64c7fef620c84a
config/supply-chain-license-archive-cas-pass4825/dd4047ca0bff110e2c381ba1b7c651c444c9cb52761dda4c39c30bef5734b7b3.tgz	27190	dd4047ca0bff110e2c381ba1b7c651c444c9cb52761dda4c39c30bef5734b7b3
config/supply-chain-license-archive-cas-pass4825/df673f2312811a98d6f6d737635a9409bf558abb6ac099ef0f582f00a3380e40.tgz	788369	df673f2312811a98d6f6d737635a9409bf558abb6ac099ef0f582f00a3380e40
config/supply-chain-license-archive-cas-pass4825/df78b7fdc1c5e798a3ba814cf62d91326d31169ae6b4b926ec7f43402ea332f8.tgz	769866	df78b7fdc1c5e798a3ba814cf62d91326d31169ae6b4b926ec7f43402ea332f8
config/supply-chain-license-archive-cas-pass4825/e04574b405c225bd2cbca4e336079125aa710dca05a397ab9b6cc08aee2d22ab.tgz	191706	e04574b405c225bd2cbca4e336079125aa710dca05a397ab9b6cc08aee2d22ab
config/supply-chain-license-archive-cas-pass4825/e09c6a350514a89beeae38dea2e7a1f439ea10a694669453d84c41805c8b7225.metadata.json	3000	e09c6a350514a89beeae38dea2e7a1f439ea10a694669453d84c41805c8b7225
config/supply-chain-license-archive-cas-pass4825/e1da712dbedb7d5d92874816b3e54a5f275bbc6599c6bb32e9fbd9f0955aa955.metadata.json	2850	e1da712dbedb7d5d92874816b3e54a5f275bbc6599c6bb32e9fbd9f0955aa955
config/supply-chain-license-archive-cas-pass4825/e71eeab4b3fce3fef1fe7cd883af53760605b82598543d6873053f403a0f1cf1.tgz	513880	e71eeab4b3fce3fef1fe7cd883af53760605b82598543d6873053f403a0f1cf1
config/supply-chain-license-archive-cas-pass4825/e7f6959360e57df988f30f0e2578ef51eeb6c4ecaf93ab475976cd300318575b.metadata.json	2800	e7f6959360e57df988f30f0e2578ef51eeb6c4ecaf93ab475976cd300318575b
config/supply-chain-license-archive-cas-pass4825/ea4feaa367de3b96f96ffcf0fd7b45258c314953bae6f273cf846e9ea247d2a0.metadata.json	3629	ea4feaa367de3b96f96ffcf0fd7b45258c314953bae6f273cf846e9ea247d2a0
config/supply-chain-license-archive-cas-pass4825/eb26f1c561e57af4a4365e6b54f5f3e745e3963747a93845af1f000a747b6098.tgz	8620	eb26f1c561e57af4a4365e6b54f5f3e745e3963747a93845af1f000a747b6098
config/supply-chain-license-archive-cas-pass4825/eb2cc52afb1f1fd82c5fc2a58c2380f0f16fdcdb5631538f3c66887435d70681.tgz	4474	eb2cc52afb1f1fd82c5fc2a58c2380f0f16fdcdb5631538f3c66887435d70681
config/supply-chain-license-archive-cas-pass4825/eb8ef756f8299d16d5c8b35678606d715ba29923f500db7b37c181310eed40a5.tgz	34131	eb8ef756f8299d16d5c8b35678606d715ba29923f500db7b37c181310eed40a5
config/supply-chain-license-archive-cas-pass4825/eccb40f9397738297c0d0af831f668f860f91ec2ac7107783382fde91ac5e745.tgz	7471	eccb40f9397738297c0d0af831f668f860f91ec2ac7107783382fde91ac5e745
config/supply-chain-license-archive-cas-pass4825/f18a4e9f7f9f15c07aae52b9d0e98ed3c0f0d937a970ae29417ee313eb55a997.tgz	7794	f18a4e9f7f9f15c07aae52b9d0e98ed3c0f0d937a970ae29417ee313eb55a997
config/supply-chain-license-archive-cas-pass4825/f3d05e25fac80f9379452bc376299cb255a16cec9e91043feb3df067fc61ec9f.tgz	9370	f3d05e25fac80f9379452bc376299cb255a16cec9e91043feb3df067fc61ec9f
config/supply-chain-license-archive-cas-pass4825/f4daa3f36ec5b9e5d354fccbc9eeb876228c8bee3da6e279bf1fe98783fc8025.tgz	11507	f4daa3f36ec5b9e5d354fccbc9eeb876228c8bee3da6e279bf1fe98783fc8025
config/supply-chain-license-archive-cas-pass4825/f52192ad895dee468f1d1d5bf8972f7114e2459ff126632a1963e7bd2a38ed0a.tgz	202724	f52192ad895dee468f1d1d5bf8972f7114e2459ff126632a1963e7bd2a38ed0a
config/supply-chain-license-archive-cas-pass4825/f5d5b1e9df84e5bcfea5383a178c9ae11873eb7810e591aeda19353d3678fab8.tgz	811358	f5d5b1e9df84e5bcfea5383a178c9ae11873eb7810e591aeda19353d3678fab8
config/supply-chain-license-archive-cas-pass4825/f894dd6ddf893496b551b22112b8e6be8ee91a87a1fd89d3fbc566fc65f22e85.tgz	7121	f894dd6ddf893496b551b22112b8e6be8ee91a87a1fd89d3fbc566fc65f22e85
config/supply-chain-license-archive-cas-pass4825/f9d424a84182460185f4e4a8ca11630148ed48e47e4c539e40686311625c1a3a.tgz	9383	f9d424a84182460185f4e4a8ca11630148ed48e47e4c539e40686311625c1a3a
config/supply-chain-license-archive-cas-pass4825/fbc1ab6db81f65f42ab4a995130b812057da5cb39da63bba2c867cd636c3a548.metadata.json	3173	fbc1ab6db81f65f42ab4a995130b812057da5cb39da63bba2c867cd636c3a548
config/supply-chain-license-archive-cas-pass4825/fcda3fe35e66ec6035bb7c1b1e2a2a3940a351699502af862d65f186d5b952b6.tgz	17399	fcda3fe35e66ec6035bb7c1b1e2a2a3940a351699502af862d65f186d5b952b6
config/supply-chain-license-archive-cas-pass4825/fe13679b222907d9584214bf837d5d92c9456ba0880fc24625dd118ab7918ef9.tgz	182787	fe13679b222907d9584214bf837d5d92c9456ba0880fc24625dd118ab7918ef9
config/supply-chain-license-archive-cas-pass4825/fe3b15f166168e0259c4524367838ec1e5e9a256fe96bcf296e7353e68e802bf.metadata.json	1498	fe3b15f166168e0259c4524367838ec1e5e9a256fe96bcf296e7353e68e802bf
config/supply-chain-license-evidence-pass4825.json	238332	ca1ef13be21936ec0f5a96ac78a6f5a0d8778391e7cd6fe56f2260abed613469
config/supply-chain-license-policy-pass4825.json	15375	3f80cb4d732a62f65a75944d96534127c6c1c402e305539c4eeace608245ce1c
config/supply-chain-license-policy.json	53391	55771191418e4589a8fc6c08da6a7ecae4d88b69b0bd4f7b934bff0b7e4b3835
config/supply-chain-quarantine-policy.json	2714	8b382007f7dd93e91f3197937c4a93b629a23aa9a614b356efaaa23025228497
config/velmere-live-data-freshness.policy.json	1401	c0ae0525edfcb06c25d2ff37efb4f9f7b0d52e1814c5b4406c8ce945fcd2ef55
config/velmere-pass2166-2170-final-five.policy.json	1770	9876f61ab439e75a4822065ddeb0de87429be5b2792343892e6c92343a951d65
config/velmere-topka-gap-closer.policy.json	1846	6d2ef66e2a771b254e1d651e45a061a2fd0c1a8eade9871b001b7ad39f24bbcf
config/worldclass-gates.json	3964	2bfce7112ee2812da9643e13cd653b62d0eed0bfa263c641ede85e66ff5af36f
data/real-markets-customer-catalog.json	572022	7c88b1a0dfebb750cc2088f5798bf2224f97239f6144769117c480e092704380
db/market_integrity_browser_route_smoke_readiness_pass2891.sql	1040	c7a6066e6f71484928dbec9d4b2b2e7f1ea9a21642db6329470ae742dfbe1b35
db/market_integrity_claim_expiry_renewal_pass2904.sql	1873	8568c599c144f71f78018272e85459dd7931cc566e6222310174ecbacd23bdda
db/market_integrity_customer_export_ack_signed_receipts_pass2841.sql	3642	5a0e7c273f0813e45bf0048d7db9efef2f4071f9450b7097f0c55a00543096cc
db/market_integrity_customer_export_archive_retention_legal_hold_pass2851.sql	2054	957738c75a75f1ede798682371e91311e80e95371a3da6d3743f3257ef98ed8e
db/market_integrity_customer_export_delivery_ledger_pass2840.sql	2826	4a9565d4aa699a8ec3a8fc2448f88758d34609838d0f478a2a9b2b0792da1ff3
db/market_integrity_customer_export_dispute_chargeback_holds_pass2842.sql	2447	44d8337e4bca987603cebaa48c85beaaffd4c1aefbab9d90adb4a15fe50e139d
db/market_integrity_customer_export_dsr_appeal_resolution_closure_pass2856.sql	2925	b2faa61084f50ad52611cf16561267a39f47fbf0903148dd47742692879519f6
db/market_integrity_customer_export_dsr_delivery_appeal_reopen_pass2855.sql	2036	83496308b6746b22818e9977c4a3fd80aae8d033d0a7d2c82bcc318247afe39d
db/market_integrity_customer_export_final_archive_bundle_pass2850.sql	2886	2812b3e1021c10729d8631d9ea83e624e601776defb5c4ed00d38b4632aaeb8b
db/market_integrity_customer_export_operator_release_reinstatements_pass2843.sql	2228	725b0d6d456ebcbcc4570c12f00b03844968c7e025b5d1feac290351b15df594
db/market_integrity_customer_export_post_purge_privacy_attestation_pass2853.sql	2798	c9fa7938ecd23427cf896fd845482561a45b2ee2bdf0e78837b7143f2224e878
db/market_integrity_customer_export_post_reinstatement_audit_notifications_pass2844.sql	2200	6db34990b118f0098e013a9e30ad5153b8ee637ad889b1332724f61e49e4efe7
db/market_integrity_customer_export_privacy_case_supervisor_sla_pass2857.sql	2134	bf9ac7b89d3bdeee1c6c0e6c0dd1e625a1b4cf32b859a610587f7f40d12704a9
db/market_integrity_customer_export_privacy_incident_dsr_escalation_pass2854.sql	3229	12dd55464e41574b08321bcb3b136d7df1e7f0b6683aebe1a2283de5513f8227
db/market_integrity_customer_export_reconciliation_drift_monitor_pass2848.sql	2468	ac8c127789688ca85e03ca9fd4adc58707439a4bb06cc7550796410e1115f5c0
db/market_integrity_customer_export_remediation_ticket_close_pass2849.sql	3248	23ecb3552749c9e8715f6330bcc46cc1a3841a8e8a450c30e3f50d679607779d
db/market_integrity_customer_export_retention_purge_execution_tombstone_pass2852.sql	2315	ac99313bcc10c167b717732786721766b220e77e09baf08dc0c09c8a609f2646
db/market_integrity_customer_export_runtime_adapter_events_pass2845.sql	1930	d981502d69a7bdc7aad653c0455c81a26bd663428f4d616c0e3b44e3b83570e8
db/market_integrity_customer_export_supervisory_disclosure_final_close_pass2860.sql	2470	94831ca0e9c04aa0786275c5c1bc04e9be429ad8a846badbe545289e2da27c36
db/market_integrity_customer_export_supervisory_disclosure_response_correction_pass2859.sql	2709	8b21620cc25c0e0d9bc07aab3dbac36c5a23e5d12dcf738ee6283d0415307674
db/market_integrity_customer_export_supervisory_emergency_refreeze_resolution_reseal_pass2880.sql	2910	589d3043545fa5642eb61553f36f4a4043bccc20d35195114293e329f7bf5768
db/market_integrity_customer_export_supervisory_evidence_index_pass2858.sql	3110	eb171c3bb74e71ca3b5222bbd7585c67fdc35f3122315cd90c9fa95807034352
db/market_integrity_customer_export_supervisory_evidence_index_tamper_incident_pass2868.sql	2076	fb32c2cdf8a548e709b72b65a24be75bd600bf34a6f44309f990eaacbe5c77e3
db/market_integrity_customer_export_supervisory_final_evidence_index_freeze_pass2867.sql	2571	664c36d14499d4d21d043aa4b3b1cbc3693904e3309d149acf7c76ac08f15167
db/market_integrity_customer_export_supervisory_final_trust_restore_long_term_surveillance_handover_pass2882.sql	3307	bb7cd616c746638ade001cc9fc488e8850911f3b4e22c322e7ddcc4e2e9fd15a
db/market_integrity_customer_export_supervisory_post_closure_mutation_incident_resolution_reclose_pass2872.sql	2317	e443788a288e97e5565b582615289eaff32b4ce71fa03395e38b1a9b949e4fc4
db/market_integrity_customer_export_supervisory_post_closure_mutation_watch_auto_freeze_pass2871.sql	1865	4f8d22a016e55c679ab7ac968710397dafdca7d0d965a0d4bc8d9850d661eab2
db/market_integrity_customer_export_supervisory_post_purge_residual_evidence_scan_pass2863.sql	2540	03f2f416b6845078af0e1709faf6caa8418879c912ad3f5dd1450c7b2e169ed2
db/market_integrity_customer_export_supervisory_post_rebaseline_stability_enforcement_pass2875.sql	2809	f76c02808977534dded479a78d2fa12a1a4fa06e72c49dd934f22e041bc6e501
db/market_integrity_customer_export_supervisory_post_reclose_regression_slo_pass2873.sql	2183	a18930453888d5a5f991d87eee17af8e392fc9efb0333b1d20cdf753ff7fdd70
db/market_integrity_customer_export_supervisory_post_release_channel_monitor_rollback_pass2877.sql	2957	9f81c73138007ad8e86887bb1c9af8a48ddb134856043eb209dca3493c7cd7b7
db/market_integrity_customer_export_supervisory_post_release_observation_close_final_channel_seal_pass2878.sql	2658	7bd813bbfa37d1c14bce891301cde76a6dacc53fca1c0f162267a87708eb5406
db/market_integrity_customer_export_supervisory_post_reseal_probation_relapse_sentinel_pass2881.sql	3013	9c9289dbfe78b1a59d21ed1d5e37410051a636aa2b06bc902df7c35bb1c1f4e0
db/market_integrity_customer_export_supervisory_post_seal_drift_sentinel_emergency_refreeze_pass2879.sql	2327	f42751118eddab5bc3ea83eb0319e12c6276fcc8e8bcd37b75619268f46d6f37
db/market_integrity_customer_export_supervisory_recurrence_escalation_resolution_rebaseline_pass2874.sql	3077	e5325e05deadf4d5c1e9bb447731300631764ef141bb7e22c35ed3acfce22209
db/market_integrity_customer_export_supervisory_residual_escalation_resolution_freeze_lift_pass2866.sql	2515	5d0b439a85375844f1a88e1554a036e2ba681ca7f3b8cec2e87587c1d064f3be
db/market_integrity_customer_export_supervisory_residual_finding_remediation_rescan_close_pass2864.sql	3486	24e425b3147d404334b07989798f4f4513013508b84a0b6971991c72f83153fd
db/market_integrity_customer_export_supervisory_residual_remediation_escalation_missed_sla_pass2865.sql	2572	4e7b37d0c1a3e24990053fb586f5e1bd8fe937ef3ac7ebafae64a0c9df376dc4
db/market_integrity_customer_export_supervisory_retention_job_expiry_monitor_pass2861.sql	2082	fc8cdfce2522610fd173990f80858504cf3c17f8f5ff39e04544a1350e8b0252
db/market_integrity_customer_export_supervisory_retention_purge_tombstone_pass2862.sql	2791	b70f84492ff0d84799a4fd695e74351a6574071f33dc95ae4f913bd44391548a
db/market_integrity_customer_export_supervisory_stability_evidence_rollup_release_eligibility_pass2876.sql	3370	ef5e51828bef430815c3d88753535a3b95537876bd629f332acb0e358f9b79ba
db/market_integrity_customer_export_supervisory_tamper_incident_resolution_archive_resume_pass2869.sql	2239	71eb0c57588de8fbac105d181a90f512085eb030be4e0ca8aaf98d5e5ac63e37
db/market_integrity_customer_export_supervisory_tamper_resolution_reconciliation_closure_audit_pass2870.sql	1903	179caef8bb08e571a8926c8b431db357a0d191f1be7d1108d8261898006fe9c8
db/market_integrity_customer_export_transactional_outbox_pass2846.sql	2320	4531a55d34a3d69bee735c171c4250bd12d3fc883851b986d3c82f3582a8d962
db/market_integrity_customer_export_worker_replay_recovery_pass2847.sql	2046	d6b8c2f2e46f13eaaa5467a7290b10faca0bc46c4d33e76a355b40eaa735f22d
db/market_integrity_dependency_reality_build_input_pass2884.sql	1391	38a4df21ee00945bbccacdd7ba1812676b4bf23f44ef1e75916250a297628637
db/market_integrity_downgrade_recovery_escrow_pass2918.sql	3249	9f325928337ffeb3e30fbc7ba3628daa08fa85f6227be2280daaa41a5d2792da
db/market_integrity_kline_snapshots_pass4600.sql	1739	80f50bb2858a58d4a427af15a2a043cce66cde1cefa8e37b6af79469c3d3b67c
db/market_integrity_kline_snapshots_pass6_hardening.sql	5823	28274ddc9e426d55ed77362e3e5775afe1569c94e970f732b74f58d69aa11a0e
db/market_integrity_local_runtime_proof_harness_pass2890.sql	1444	5f94e353311d9dbceb97e6c55e473c22f521c6999b8c43a3059b0c5f893f3ada
db/market_integrity_operator_go_no_go_pass2894.sql	2688	2bf03c0d88a71ac8cc711e6409a4051fdcf8c0d0c589d7c20efe70ed5c53fdc4
db/market_integrity_playwright_receipt_pack_pass2892.sql	1674	6af03c9871670177e137db28d1fc9365d69ae8d902044855f302c32ce0b67add
db/market_integrity_post_arbitration_public_resolution_seal_pass2909.sql	2472	24ff1658493a004e1d816c2bbe160e0da2b5c0200e5b3dc52f0c8414b16a3b69
db/market_integrity_post_claim_surveillance_probation_pass2903.sql	1696	542c2a65d6f199c24fa75a0fd06b4a63037cb0062de4c3ef58acc93ca3ea00f6
db/market_integrity_post_graduation_public_restore_seal_pass2922.sql	2358	04b91e785e187e1cbc7fecdb8898130ac5ed21c431b70f3ade19eafde205945c
db/market_integrity_post_remediation_stability_watch_pass2911.sql	2125	43002677371f387688a5aeea96159c66ec59afc60bf7ae440825ba615b3fed61
db/market_integrity_post_remediation_trust_restore_handover_pass2912.sql	2654	a09d7a224da97198f0cc12864a26fa507caf34869322c236689973bee2998e46
db/market_integrity_post_restore_continuity_monitor_pass2913.sql	2120	ace1ff15db8efe4663443ac17236a52a662ef7324cb179be7d7c1429e2970000
db/market_integrity_post_rollback_recovery_reapproval_pass2899.sql	1836	763bcdaacaa89d9348ad17e22a5dda0d6fc0cce393730eb07ce991354748f9ec
db/market_integrity_probation_exit_seal_pass2921.sql	2867	0bde113e743fddf9b524f3ecaaf83126d02bcf502eef018a1b0b5875298743a0
db/market_integrity_production_claim_notarization_pass2902.sql	3050	498f9c034ae5a6183c665ce2783beb97ae11a45f75125db34e8fa07aedcf08a5
db/market_integrity_production_reality_sweep_pass2883.sql	1745	e4fa892d660a534557a5e39bb39eafb496b50b3b8aa4509a18c458a549ab406a
db/market_integrity_provider_evidence_packet_ledger_pass4799.sql	3629	46426a2cd6c59c343bd47bb2cf89736e24ff5728b9f38414ffcdeccdcc4d1358
db/market_integrity_public_claim_transparency_pass2905.sql	2209	4ed8cb14320fac20e8661e9e4bd9d5a6170cffc2e59ab69d0e2cd89a36afe3e4
db/market_integrity_public_status_appeal_independent_review_pass2907.sql	2906	ba6412db82b573558367aa7696e54fa969ce67994cef85bf675ac34597e9e558
db/market_integrity_public_status_dispute_correction_pass2906.sql	2464	a33ad9bbc85b4c8c9e450b5887a6906e546abdbafd39833fb7a1e72576e4c22b
db/market_integrity_public_status_final_arbitration_pass2908.sql	3164	7ba39f8eaaa7fac07d477bb8e5a5a45ad85f2b36030aa3dfc6090b86e4fb503a
db/market_integrity_public_trust_evidence_decay_renewal_escrow_pass2914.sql	2489	dc00dd17bf77ebf507169768d9782c2b9ec377f657a493086d1d64bbf03b7aaf
db/market_integrity_receipt_freshness_quarantine_pass2895.sql	1437	595b6ff4ece61602a3ecb7145081710dabb3279dc5a00969d72e679c8df954a5
db/market_integrity_recovery_replay_adjudication_pass2919.sql	2749	9464a0512e05c4e66cce00b0bf19cf83bc38ed98685b13c67a99728ae201880f
db/market_integrity_recovery_restore_candidate_probation_pass2920.sql	2870	f0bae49b95eab316b390a0a25847a684176a40c65c66c8a5695bfb0340e248dd
db/market_integrity_release_attestation_verifier_pass2897.sql	1136	e0449d43dcf967a8bbe60de8fae6393435a3e0e34fc9a2b9d11269ba1166066b
db/market_integrity_release_continuity_lock_pass2900.sql	1375	7e79a84c7e2597a5e02267c8c4adf53d65276e4cbcb86ac128e98bd4c309fdc9
db/market_integrity_release_evidence_bundle_pass2893.sql	2151	5dc8b86f5180b956e1e631f18a25cece03a7e46824c9fec89477e9414af8ef9e
db/market_integrity_release_promotion_escrow_pass2901.sql	2684	1b842f425e74fa7ad3cc2b134ae94f2db95e4af54fe4fd23a66c1a2949388805
db/market_integrity_release_revocation_rollback_sentinel_pass2898.sql	1302	45cbcccca743f98f742830999860f142e11be2dad0ce5da898c732fc1f93ea73
db/market_integrity_remediation_execution_closure_pass2910.sql	1911	443777bdd97f3cfb7c3fe494cdd82c4e62553467a95eb4493ec388911a3b28ea
db/market_integrity_renewal_escrow_promotion_quarantine_pass2915.sql	2309	f5cd2390a90a2ffa7b281e71e8d0f0964fe3819de34d2e661d89535790a12087
db/market_integrity_renewal_promotion_final_seal_pass2916.sql	2657	beb780d88073e0dc1e9b871fd7ea2f20db1c314ec42c70956726a6f818abec52
db/market_integrity_scheduled_revalidation_execution_breach_pass2917.sql	2853	43c7dc2bc9fa0a75bca3aaa2eab3b3a5303c3face90a61c79fd0a2190f6a57ce
db/market_integrity_tamper_proof_release_ledger_pass2896.sql	2219	df1b58bd5b3102ab4f860f0642745ff682fb834c1de264da62ce2934b387e557
db/market_integrity_typescript_compile_surface_sweep_pass2885.sql	1633	9b66fec91faa5cb36fbe52a880bdcc7f685fd0b2d0b7c1389b57a3e7abe01fcb
db/market_integrity_visible_runtime_release_blocker_sweep_pass2888.sql	1245	bf731c4e80a5ca9682fd89d18bb8b75c5a94f68a5b472655014569ad2d3f439a
db/market_integrity_visible_runtime_typecheck_repair_pass2886.sql	1403	720a4e2c8234d1ec9ade816fe85af089e40129901801faacf3deed9ded8377a5
db/market_integrity_visible_runtime_ux_proof_pass2887.sql	1221	128a024780eeb08a08a17e7d26fe218cc943062b4a676706ada189c650790642
db/market_integrity_worldclass_receipt_closure_pass2889.sql	1731	fa29a91a8b67de3c3e16b92ebd3886c564cd0f7311ac0d820cef77109186befd
db/sql/pass2558_rls_support_dashboard_erasure_reconciliation.sql	2426	430f4df2fe656906e3215e052635fc0898704301ba0cfac5e3d311bd2c3bac35
db/sql/pass2559_support_dashboard_action_rls_policy_test.sql	1611	3855f4c144d921f879d709c23f0db565e9eb909deaddf9082461e8d2e485a866
docs/P47_EXACT_WINDOWS_BUILD_RELEVANT_PROJECTION_RUNBOOK.md	2137	66bfa0a4390f2825429e5328527b6542382404c333c4184fb7025b87b149487d
docs/PASS4812_EXTERNAL_KEY_CUSTODY_DEPLOYMENT_RUNBOOK.md	5805	65e82365b75c62ac9b9856ef6b5f140e5a90ae678659bda9b36c5cb2d506d38a
docs/PASS4813_REPRODUCIBLE_SUPPLY_CHAIN_RUNBOOK.md	6334	da6bc6d4b4168da1428df83aecc18524f6d8f4a105c78cf97e81bf1abb268de2
docs/PASS4814_STAGING_PAID_E2E_RUNBOOK.md	3702	a43eb159ea498fef570e0438d4e9b8765579114744f50afa23d4127bb0aaf9d5
docs/PASS4815_CHAOS_RECOVERY_IDEMPOTENCY_RUNBOOK.md	11442	bc1943c7bcaf5a2c2f7bc47cdca876f777b57476abb34bdcc736eca8b5d301cc
docs/PASS4816_OBSERVABILITY_INCIDENT_DEGRADATION_RUNBOOK.md	6938	9501c2f02b103b7d5d7c90eb49700c5d8602faa782e46a6b201e87afd736525d
docs/PASS4817_PRIVACY_ABUSE_TENANT_AUDIT_RUNBOOK.md	5685	13ff9308babdc0190326877a23916e9f6ba447cb56fcc5cdd6fb4afe70405924
docs/PASS4818_CODE_ONLY_PRODUCT_COMPLETION_RUNBOOK.md	6367	760d0493ac6eca829a3d3ba96a325631ef81cdbc6caee08995d94bdfc273bc09
docs/PASS4819_CODE_ONLY_TIER_VALUE_LAYOUT_AUDIT_RUNBOOK.md	1162	fdd166b9b09b4bcb0e2bc1b03a4899249dc854e4c4eb8f9f152b5845c0d39a0d
docs/PASS4820_CODE_ONLY_AUDIT_CANONICAL_PIPELINE_RUNBOOK.md	3588	9883fefdc9330c3ca35915c8518cc1e849f8c9d6ff841a9a415f95796bbfdd1c
docs/PASS4821_CODE_ONLY_IMMUTABLE_ACCOUNT_SNAPSHOT_RUNBOOK.md	1951	1e58ca27045a5428b0a775d43fb3d7369e46040dfd1e779015ecb90c8eb8029b
docs/PASS4821_IMMUTABLE_ACCOUNT_SNAPSHOT_RUNBOOK.md	2504	874edb06974e467d22286b2a2a08c2f248de290bb42dff21b6732e3990e3f45d
docs/PASS4822_SIGNED_LENS_DURABLE_ACCOUNT_ARTIFACT_RUNBOOK.md	2586	59a6411e903b71e69a1a3071f67b7d3136a3ad78e50e168606a6b0988f34fa41
docs/VELMERE_PASS2721_2730_ENTERPRISE_TRUST_HARDENING_RUNBOOK.md	2004	daf7e765a293613cc4a3892cc4777a30b9e782e53887ac7d36db8c505b2181ad
docs/VELMERE_PASS2731_2740_REAL_LAUNCH_EXECUTION_POLISH_RUNBOOK.md	2177	6e179f04f67d15042e0ff28be7e999f205c42a0fd9f314ed77f145746068c962
docs/VELMERE_PASS2750_BETA_LAUNCH_OPERATING_SYSTEM.md	4505	2f77dfd11046bdab44d6d232ab50356d0263b83d8d1f20e3fbdb464fa24a770a
docs/VELMERE_PASS2750_FIRST_100_USERS_FEEDBACK_RISK_CALIBRATION.md	1239	6b75b4f0e84daf807b7a69078873f00cb03f950339c7df21aec4f92e09a2ab21
docs/VELMERE_PASS2750_LIVE_ARTIFACTS_IMPORT_CONTRACT.md	975	1af3467f2966c2caaccac05f87e8fd45aa0c891a57fce620f15306e990ecdb1d
docs/VELMERE_PASS2938_FINAL_TESTING_STRATEGY.md	643	7fd3c59e6de38a1c37176902709656c2f7e1ce061b449da0627f40717351c20f
docs/VELMERE_PASS2939_FINAL_EXECUTION_HANDOFF.md	872	4b7a50b81200ac38301522bc1e2511f9e468e10a4b58bad058fec512cb67167f
docs/VELMERE_PASS2940_2944_NO_SKIP_HANDOFF.md	160	047945d890dc267ff367213dab89442dd5ff91f713aa5421ef65ead50f177632
docs/VELMERE_PASS2945_2960_ONE_MESSAGE_FULL_CLOSURE_HANDOFF.md	567	8f082cffc5d8aa95941d47b7c1515006deea7a6f41946a9184a66595c40c107b
docs/VELMERE_PASS2961_2975_ZERO_SKIP_PRODUCT_LAUNCH_HANDOFF.md	2011	f5338b648e49c50ac17ddddd6215577956a2c306d217cae7e652f2d10ded3225
docs/VELMERE_PASS2976_3000_ULTIMATE_ZERO_SKIP_PRE_FINAL_HANDOFF.md	2627	c9a281b9fa4cd2470a61f0635a6991b105f0c8b0766c11fd6d41f220085fd490
docs/VELMERE_PASS3001_3050_FINAL_RECEIPT_CLOSURE_HANDOFF.md	1366	d12b6f5063c5af1889006aba73a78b376425234a28f84a0cf4d988afdd7eae0c
docs/VELMERE_PASS3051_3100_EXECUTION_READINESS_HARDENING_HANDOFF.md	1000	7c37c72265ebd996dc0e9e5319620c405f47f7dadbea403b4b1ed813e70a4a90
docs/VELMERE_PASS3101_3150_FINAL_EXECUTION_CONTROL_PLANE_HANDOFF.md	849	5343c1e343173267110a192657ea788b362b525c7fd16d6283992e29c9f72363
docs/VELMERE_PASS3151_3200_PREFLIGHT_REMEDIATION_HANDOFF.md	921	b510e3b4c81a7000a9ebd09a4779fda1e6013db1ed81c92422c98daa69301c64
docs/VELMERE_PASS3201_3300_100K_ZERO_SKIP_HANDOFF.md	1277	6261934045f8b020a25652d0aadfcc6001bb98adcfe71d690c9dbdd4861ab13c
docs/VELMERE_PASS3301_3400_150K_RUNTIME_REMEDIATION_HANDOFF.md	2737	f130a4d2a543c8cb43da53788e62ef7f933cbd025541f3f054cef6b80fca24cb
docs/VELMERE_PASS3401_3500_REAL_CODE_REPAIR_HANDOFF.md	1123	d27f0750f805bbda04163dceb7ef9023135832cd78a7a885c5358318f86b2308
docs/VELMERE_PASS3501_3600_REAL_RUNTIME_REPAIR_HANDOFF.md	913	3e368056169f007fc7d698dc558d1f5b909aa776c58bfe4497effb5994b2573c
docs/VELMERE_PASS3801_3900_REAL_RUNTIME_PROOF_CLOSURE_HANDOFF.md	646	69b4f24fc8d469cc00e14cf1286916ae2c29e10f26ec511ee0ec02fad71de80b
docs/VELMERE_WINDOWS_A42_RUNTIME_RECOVERY.md	2530	8eebd7558b6273df22c29f695266779c3e775b4676179c35705e679b7f218de8
docs/audit-readiness/PASS2702_CUSTOMER_REPORT_COMPRESSION.md	584	a4905ae029827e69100242b328cf6fcfa9983e0814c95aee39ff339a34f979ae
docs/audit-readiness/PASS2703_PDF_EVIDENCE_LINEAGE.md	412	078c20685a08f2ed56255d0250fc700aea6132b58b55fd27152cfd6025d9513b
docs/audit-readiness/PASS2704_ADVANCED_OPERATOR_REVIEW.md	308	f4b848d29bf5a1b6429f38e3503dd48d4827e0303eb1d6d48559abbc92f1cda6
docs/audit-readiness/PASS2705_RISK_EVIDENCE_EXPLAINABILITY.md	344	8dbaafc6ed438e1864deabe8c13114963284d8a075fa05c6380b75c99ffe1cce
docs/audit-readiness/PASS2706_ACCOUNT_PAYMENT_SUPPORT_STATES.md	244	e5f782ae5ca2c30e866546dd0b63be23766cc57ed0b8cd291c8a95d3b3264f44
docs/audit-readiness/PASS2707_ANGEL_FINAL_GUARD.md	278	7592d090e9cb301fc2c7ec48d8233f824af962a60111fa8635d02fe98ed84a83
docs/audit-readiness/PASS2708_CROSS_SURFACE_PARITY_FREEZE.md	340	85acd276057d11b1e4a7e96ab0a59a773dc229ebe7567c6b59fdbe70961c182f
docs/authority/CURRENT_AUTHORITY_P32.json	876	4d5835c211f514d21c4a7ce2a9f62e5c5bdf78b1be8256db2f60746a160b13ef
docs/authority/CURRENT_AUTHORITY_P33.json	1320	9feb7a0651b20a6d18e7ece76c801428da6d8fda5a5c91e7c008a1b67ca238fc
docs/authority/CURRENT_AUTHORITY_P34.json	1575	c14175ae0677322a58322ddb5f772bc23ea0564eac55e4a9304fe4e2b71833c5
docs/authority/VELMERE_CANONICAL_OWNER_DIRECTIVE_V15_FREE_LEGAL_TOP_WORLD_2026-08-13.txt	19804	5cfbbfcbcef7242e30466f18bab3ad29cad859e485a909a4ee8658fb65e2f2c0
docs/authority/VELMERE_CANONICAL_OWNER_DIRECTIVE_V16_FULL_TOPOLOGY_FREE_LEGAL_CURRENT_WORLD_CLASS_2026-08-14.txt	62609	67816a5a9238668c8080a3a8cc623f078d268c1b78fddf534cb4893bb45490e9
docs/authority/VELMERE_GROWTH_INTEL_TOP_WORLD_R10_INTERNAL_AI_DUAL_LEDGER_2026-08-13.txt	36768	1385433144934d33d188c62b3ab8934644a3fde7522d879d783c23114ab1e58f
docs/authority/VELMERE_GROWTH_INTEL_TOP_WORLD_R11_EVIDENCE_AVAILABILITY_VAULT_2026-08-13.txt	45320	4d38b4793c476f77198a6f969344ac572ba105a0b8167117d934f68c28b35a9b
docs/authority/VELMERE_GROWTH_INTEL_TOP_WORLD_R12_CURRENT_SOURCE_CLOSURE_2026-08-13.txt	13052	8d76ebb2efb976560b97fad49ba1a6328e2326f9dfd56645ad4b96948a81645b
docs/authority/VELMERE_GROWTH_INTEL_TOP_WORLD_R7_2026-08-13.txt	28957	9c353ed392f6f55b779e07076909198597b7609cc727c49ef908f5c47349260b
docs/authority/VELMERE_GROWTH_INTEL_TOP_WORLD_R8_2026-08-13.txt	30703	ac8f79f6b73edaf620242759dfcb2c1bdede4292f86281262ab61b99291498b2
docs/authority/VELMERE_GROWTH_INTEL_TOP_WORLD_R9_2026-08-13.txt	33124	c4c198830cb4e123b3d48da86046b9e23b02aa6c7901fae1c9e0255cc85ba201
docs/authority/VELMERE_METODOLOGIA_FINISHOWANIA_CANONICAL_V10_CURRENT_BYTE_EXECUTION_2026-08-13.txt	46007	5a08f7dda838bfc9afafa9c906360bb838ca2b781e4d43ee34f3c69faeabff6a
docs/authority/VELMERE_METODOLOGIA_FINISHOWANIA_CANONICAL_V11_PAID_READINESS_2026-08-13.txt	49512	0ad7a3f86f7b17be222ef0c84fddafdfcc94c2b1166533aeaf636d87443af9da
docs/authority/VELMERE_METODOLOGIA_FINISHOWANIA_CANONICAL_V12_INTERNAL_AI_DUAL_LEDGER_2026-08-13.txt	57506	6354e3fe5d61e61cc78c08c2065dab454e0b13a52ef8633abc36d670e58bc1f9
docs/authority/VELMERE_METODOLOGIA_FINISHOWANIA_CANONICAL_V13_EVIDENCE_AVAILABILITY_ARTIFACT_PARITY_2026-08-13.txt	71581	cc46741c561396ec686550790307040b7e90aaa472bd1ee3f5e643c1a4109b0a
docs/authority/VELMERE_METODOLOGIA_FINISHOWANIA_CANONICAL_V14_CURRENT_SOURCE_EVIDENCE_BINDING_2026-08-13.txt	17631	e91adf39a1981a5d5917279ee51a502569193cb11ae12f117423204832a171e3
docs/authority/VELMERE_METODOLOGIA_FINISHOWANIA_CANONICAL_V9_DIAGNOSTIC_EQUIVALENCE_2026-08-13.txt	43058	43d20ee809db7bf2c058c5a8dd3a6f68e3bf52dd2b9bc38d9d4c049a9066c646
docs/codex-handoff/CODEX_AI_RISK_BRAIN_ONLY_ONE_FILE_PASS3_PROMPT.md	6832	fbb233b6ee88b89c41167bdb92b092b08970ac4c0a1c214756b440ffd530414f
docs/compliance/P33_AI_ACT_ARTICLE50_INTERNAL_SCOPE_MEMO.md	3165	ce466ede55d087dba3193c5e7a3790121488506dc197dc0714a744c7fb992b60
docs/compliance/P33_MICA_PRODUCT_ROLE_INTERNAL_SCOPE_MEMO.md	3284	a529b548db15b60e2dd6049b2d46949a85db8d0b1e8f2d70bca572f769c52540
docs/compliance/P33_PAID_SCOPE_EXTERNAL_BLOCKERS.md	2554	04f8768166bb47ef72ee41b5fa5d7a148a47f08c15e4241fe6fa64ee6c8fbb35
docs/live-proof/README.md	1830	108eb3ea50ab80ad329a4a6edb6691d227458106d90eb3f51abd39175d8cbee8
docs/live-proof/VELMERE_LIVE_RECEIPT_BUNDLE_MANIFEST.example.json	1027	94eefe438a46fd0b3f4e2fa49e2fd4dd1ea6d23f21579a7d3b220d89fd9d1308
docs/operations/DURABLE_COMPUTATION_PROMOTION_LEDGER_ROLLBACK.md	2928	68214bfca4adfb6ed65dc00eba2ae62ab86367b79271e16a66b1f18518088463
docs/operations/DURABLE_COMPUTATION_STAGING_PROMOTION_ROLLBACK.md	1735	e59e949b6ce52c48da8adfbe7296b95ae6ebbf529766b1ff3c023193e7f3072d
docs/operations/DURABLE_COMPUTATION_STAGING_RUNBOOK.md	4506	0436bc3a146426f3ca73bcb322004fa9937d80bc0d8819b8f7cd3db9e7576dfe
docs/operator/PASS4400_WINDOWS_FULL_CHECK_REPAIR.md	592	8ccdceed74a5b0e08d67a3b82b6a16d0e343b71f6642e92e04105bfd3b6047b8
docs/operator/PASS4403_TOKEN_RISK_MODAL_BUILD_PRESSURE_REDUCTION.md	998	c3b023cb3b3d16f514f017da5c8185e4d264cc3c8d7d26fe86a8cca0637af9c5
docs/operator/PASS4404_DEAD_PANEL_BUILD_PRESSURE_EXCISION.md	1146	687bfeb1ce0ee120be5d799c958f4a8d5052cf830118e1fb9e3b2124c8cf5c74
docs/operator/PASS4405_CROSS_ASSET_BUILD_PRESSURE_HELPER_EXTRACTION.md	1457	8204402e7e6a67a726d37d154a7e500915dbdae9633851352092999c839d6193
docs/operator/PASS4406_IMPORT_PRESSURE_MAP_REAL_MARKETS_REFERENCE_ORDER.md	1297	d0b2667f8c471eb2dcac177258f94c3bb4d166eb37fbcb989a89717c9179a32a
docs/pass22/MERCHANT_LEGAL_INTAKE_README.md	496	2f2acaeb6ba50c879d7d6b43f7e819cb9c9ffc4241a8cbeeb5bbe8defb5b6c3d
docs/pass22/PROVIDER_RIGHTS_EVIDENCE_README.md	658	c028cf173f9770751a5275ac7bd102384d16a46625bd89759fc6fe96b1bfacfa
docs/productization/PASS16_WORLDCLASS_2700_EXECUTION_PLAN.md	3532	01b8d95709e8cb4da8b45f696d093c4e97ab4ced16921730a25842558d178a92
docs/productization/PASS17_SHIELD_REAL_MARKETS_ADAPTER_PLAN.md	1189	05f4e998678b86c08e6bfa538fd11dc12d8b3c6b81e547c01d52430542755bd9
docs/productization/PASS2711_TIER_PROMISE_MATRIX.md	763	f74cd981837e945bc9286377227fbd4f3c1e6ed8936db9ddb875bca7169db0ef
docs/productization/PASS2712_ONBOARDING_WIZARD.md	762	fa3fb10cab3d447f24cd8647a771699a302803665eeed6dfd771cc5dd04e4633
docs/productization/PASS2713_PRIVACY_RETENTION_DELETION.md	761	db42fa47305a71eaa94d02019c565be19a7511176f75bd4c88ece26e51e9b9f1
docs/productization/PASS2714_ABUSE_COST_GUARD.md	695	42ef482ddfd96980210b73ecca68f1e3b44db459ea15a36f43ddb95f4a59e608
docs/productization/PASS2715_PAYMENT_ENTITLEMENT_STATE_MACHINE.md	798	281e09897338a0bf4c722911b3cda2214b4e049d93cc0dfb79d6fbf1d53db30b
docs/productization/PASS2716_OPERATOR_QA_ESCALATION.md	728	fe337039b61bc58ed93f6ddb7c43ba1d8aef4ea427f1b0df8e0499dfd48063c7
docs/productization/PASS2717_EVIDENCE_REQUEST_LANE.md	721	fef844eb9d569e1d681eb92f26095542a113079cdb07db367dfe247ec328c045
docs/productization/PASS2718_POST_LAUNCH_POLISH_LOOP.md	732	d06c0ec6bd1b9f7d992b73f5939cc6c5c0239d7bfb1b8a05a23324a5f24727e6
docs/productization/PASS2719_MARKETING_LEGAL_CLAIM_FIREWALL.md	737	cdb7dccd95d3844ef063bcb22e2c6516f5a36470a22c36f783d3d426b66820b4
docs/productization/PASS2720_LAUNCH_CONTROL_ROOM.md	729	8b340c07c84cad9c36ddc875b1214d7ac48764688c876aea09eaf627a118652c
docs/progress/PASS199_PROGRESS_DELTA_LEDGER.md	2801	136dcce50782ef51902256d9c20537a913d5b982d8c3c39f55e197c7546c610d
docs/progress/PASS200_AI_BRAIN_MASTER_MATRIX.md	3072	6ed3f9b412b55cab04ded23d83d909673d816df5918cae4a24f94701959db765
docs/progress/PASS201_AI_BRAIN_INTERACTION_PORTAL.md	1837	e2e0f4c8e86d21ad9505e76885eacf11cfbae3d4f7e9184702937ea2570c7b7d
docs/progress/PASS202_AI_BRAIN_LOCALIZATION_SOURCE_TRUST.md	2319	9d81d28f873ee5de510adf85f3f7a198be3cc657ddbf1b96fbf11ba41919a64d
docs/progress/PASS203_AI_BRAIN_EVIDENCE_CHAIN.md	1549	2b7ffaef677a587189d81392d36d4ff93555ecdba9fe18e053e90d29a33d2633
docs/progress/PASS204_AI_BRAIN_FPS_WEBGL_GATE.md	1642	36b7e113670ce7dc55a18e28a04c7a986e81a7dc2e7295601c507cba7b40418d
docs/progress/PASS205_AI_BRAIN_WEBGL_PROTOTYPE_ISOLATION.md	1927	f85fb365e08f79852a43f4382234672339244344da4f7bbba21bdfbba591c849
docs/progress/PASS206_AI_BRAIN_QA_HUD_WEBGL_TRACE.md	1154	009ad1f645d09648025e8826e7ab04941ae7f6d5d7413516ca8452bed0add21c
docs/progress/PASS207_AI_BRAIN_DECISION_DOCK.md	1362	2f49fe4eeab2d45e88d7bed0e21f6b8601931933ad50931d65f2f2da31d9b940
docs/progress/PASS208_AI_BRAIN_REPORT_CAPSULE.md	2035	348d22f185cfa06228e3e1a166ccf36d7656abf1f0f87bcf82a013b08fab3898
docs/progress/PASS209_AI_BRAIN_CAPSULE_ENVELOPE.md	1338	d595d460d1d9b87498f7725da857716a04d473578204259a9c179ce729d4e0b8
docs/progress/PASS210_AI_BRAIN_CAPSULE_HANDOFF.md	1207	b730012fd089557082d2e7b307627ff4f3c177a0785ba92569f212bdb2492f44
docs/progress/PASS211_AI_BRAIN_OPERATOR_ACTION_QUEUE.md	757	6965ffe6f63575f86d7c25643db2299915de138afab32627b599e1ef8ea02f1c
docs/progress/PASS212_AI_BRAIN_CASE_REVIEW_TIMELINE.md	1128	c94b2d19fd1b0d85b61e1ac73fae4402a0434544d5ba936015567f9b40df894b
docs/progress/PASS213_AI_BRAIN_CUSTOMER_EXPORT_FIREWALL.md	1270	271a94839cd9076b2a9b148eb4ce9878e5708cef812fb8a7ce47bd28bbeb779b
docs/progress/PASS214_AI_BRAIN_SOURCE_COVERAGE_MATRIX.md	1701	303bb2674303111555c3441803a637200f7ae705156738a9452e1e1ac65b12e4
docs/progress/PASS215_AI_BRAIN_RELEASE_REVIEW_PACKET.md	1518	56f0c3629257b0d409cd3495d9cd715747960460d55b277eed2e4d555f78f76a
docs/progress/PASS216_AI_BRAIN_SOURCE_TRUTH_SPINE.md	1395	994fe0354a2d7cd78dc74fda373ecb63f8b9785d58d98dd46c1caf8380572792
docs/progress/PASS217_AI_BRAIN_LIVE_ADAPTER_FRESHNESS.md	1727	ecfdd778d8d7d57bcf3b7f29816f51148d3e501c22462caf7c6f94a5802dda32
docs/progress/PASS218_AI_BRAIN_SOURCE_POLICY_GATE.md	478	57f879267507d0513d5c8a667bd86357388aaf64610423133d2209dc491f87f5
docs/progress/PASS219_AI_BRAIN_DURABLE_SNAPSHOT_PLAN.md	491	9f2290aadc5ae3ad7250900d0441e399f36347e2150a47d46a994d666c622632
docs/progress/PASS220_AI_BRAIN_RELEASE_CHAIN_AUDITOR.md	1575	e5307d0c33b25b0776125868608a04756fd18f769ffff6dd04db4ff139571c74
docs/progress/PASS221_AI_BRAIN_SOURCE_LEDGER_UI_PREVIEW.md	355	b8357a1bdf0bb529d187c3518f329d924c322c9076bbcca9458267f64cf417b4
docs/progress/PASS222_AI_BRAIN_PDF_PREVIEW_MANIFEST.md	340	0fb0164571f695673f3aa367340c16466eb863747796833ef4022c3fdf0b2b30
docs/progress/PASS223_AI_BRAIN_LENS_SHIELD_HANDOFF.md	348	deab3ddf2abe14cfa6669aa1e1b212878e06c29d85e3738b0d082e172a20c8f4
docs/progress/PASS224_AI_BRAIN_RELEASE_QA_SCORECARD.md	271	0fcd831fe20583df4d66c7a11bfecc14569b8ca3de5277417427d5503a30f7ae
docs/progress/PASS268_CHART_GESTURE_MODE_DOCK.md	269	8e96691b6f6470347172fb5b6eee396d000320234fa9f6ebef362c0e690e06cd
docs/progress/PROJECT_PROGRESS_LEDGER.md	8002	ec7651793f6e1a4a4bd4f7ce860a7d2e7d2f90ef7aef056d8ba0ccb1b6f907b8
docs/progress/VELMERE_MASTER_BUILD_MAP.md	8314	6db1b5965bfd02e7282ceada3a79b0635f9dcacdef9dd731aa1155be7b252368
docs/progress/VELMERE_PASS2280_AUDIT_OUTPUT_PERFECTION.md	997	12a1a07bba25d237387711f20a23cc606221a2a46f4e8dd79c10ea58cde050f7
docs/progress/VELMERE_PASS2291_PRODUCTION_REPLAY_GATE.md	692	d00f9741e13aefee0cf2a1bdc4b16fadcbdc231d1efffab51f5efa95a53eeaf7
docs/progress/archive-root-pass4402-local-diagnostics/PASS4402_CHECK_RESULTS.json	4884	4fe5e8f30104a4febb0d0a2d6e04655889f3d5f8fcc95d30e93403cb30ce415a
docs/research/VELMERE_EVIDENCE_AVAILABILITY_DYNAMIC_TIERS_HISTORICAL_INTELLIGENCE_PDF_ACCOUNT_ARTIFACTS_R2_2026-08-13.txt	86113	6aa4c4458673d4aff72fd5dfe7ea9a1df208fa2ffcd44404d10a72c25cddd77b
docs/research/VELMERE_EVIDENCE_AVAILABILITY_DYNAMIC_TIERS_HISTORICAL_INTELLIGENCE_PDF_ACCOUNT_ARTIFACTS_R3_CURRENT_SOURCE_MAPPING_2026-08-13.txt	10840	2afea3f277d72087aaf29255c1a5ba4fe08b23ccb392f8c7e12130db9613fd58
docs/security/PAYMENT_RUNTIME_EVIDENCE_CAPTURE.md	1223	931be5ecab9081d606262ade3231016842293061d9cfefae2cb910870ec0f67f
docs/security/PAYMENT_WEBHOOK_SECURITY_REVIEW.md	1412	2244752b18bea11377dd9011f120297ffa2e87f3537f001b0c140763d55a8a21
docs/security/SECURITY_RELEASE_GATE_DASHBOARD.md	861	8bfa5a9d3e043ed04e73b233a86ebf4c03f6e4748287d64bb529b5e97f4f42b8
docs/security/SECURITY_RUNTIME_QA_CHECKLIST.md	852	9325555576343e62e2ef070f06790c17c15acf0def74b46fbbfacdeaa73e6b30
docs/security/SECURITY_RUNTIME_QA_RESULT_CAPTURE.md	1163	5f69e8fcdf2b2b385deb9944c61101fc4f4e197e5fe80bf635ad1dc1013fe7da
docs/security/STRIPE_WEBHOOK_REPLAY_QA_LEDGER.md	942	9686afb6c397ff0917c1ecbd54fbeb1b96b99aa26cf94daf3b7215cc75c1e666
docs/security/VELMERE_CROSS_AUDIT_PUBLIC_TRUST_PROGRAM.md	2936	f47f83eb1a294ccac3551d624351d0f441a9aa18abaab53b73421c89b6625183
docs/security/VERCEL_ENV_SECURITY_CHECKLIST.md	969	48e9501d9fc2afb37cf19b87dba688cf9ee4f1d52f36aaa82eea708cf7f46212
docs/security/VERCEL_WAF_RULES_DRAFT.md	884	7b109fb02b2d4772ba10e4f322c05fe7ac8b5e13756e195aefd1df7ec18f9913
eslint.config.mjs	2140	5ecebc9833f3c310da91bd2f20ab13834ad4c8e67e2dbf88104790eb19ce9977
evaluation/PASS4640_NPM_AUDIT.json	7018	1c47f84ad0efcb460a734bf3af2eaa2e1930467224ab93d9ce7475c4867b3738
evaluation/VELMERE_PASS4640_120_CASE_REPORT.md	4312	1a1cb395737a6dac7309c634de6a9b80aed6ad67b574b50b48b4761e5f55464e
evaluation/VELMERE_PASS4640_120_CASE_REPORT.txt	4298	d82610cfa26a2981796e8f562000a3bdfc611250266f94948eb743650e4ea64a
evaluation/VELMERE_PASS4640_120_CASE_SUMMARY.json	1990	64765b14a0a55e680095b5881f867c52acba5715245c059be1b32eaa99920efa
evaluation/VELMERE_PASS4640_ALL_120.csv	46471	06001d9f2882320f12a9239ef78e61bed3e1f1b521a417aeaf1b5ea1c8b93473
evaluation/VELMERE_PASS4640_AUDIT_30.csv	12217	ce48c74d1b998bef9b06ceda2a52bae2b55fccb3ed9a0aa7814321121c43d0b9
evaluation/VELMERE_PASS4640_PDF_30.csv	8221	64ed26150fcee900df2e80ef6e27c58f2b95688cb3f03ed610ca2555c21436f7
evaluation/VELMERE_PASS4640_REAL_MARKETS_30.csv	11288	dbdd88ae65fd413d49ee8a272e439fd2478cfc1f56c9dea466e941f31009af54
evaluation/VELMERE_PASS4640_SHIELD_30.csv	9735	1410df6a463be24f4d154cb41e6cb21880e078ef9182273f0f15098e0b29b4fe
evaluation/audit-pending.tsv	2179	9d56ddc52635b316774b1e57d5db64603b7fa9a4b4155ff11c1fd807c4335731
evaluation/build_report.py	11928	7a66c94d2013860cc8aebda2a0494548403cfcbee9e64b6ae5ad69ff3a02a900
evaluation/eval-utils.ts	1555	7d42544669d211321b0f8959b6c196e1f5158734d4dd576d4d58fc8a488c9a4c
evaluation/pass16/README.md	1378	ef1350ee490a38fb2aff7854d21d3fcfc5e5ab2cd693b742f0ea3fae17290fdc
evaluation/pass16/smart-contract-fixture-manifest.json	19931	3db2c119a1dbc626ae3c8d7c5faf9d08c2a087fba90ed3fafff7b80c825d54e4
evaluation/pass16/worldclass-2700-matrix.csv	624343	35964df3ef26390fdee59bbdaf8ac3785e037c3d96a413bff4391e74a5cb4c45
evaluation/pass16/worldclass-2700-matrix.jsonl	1772586	5507b5bfcee1debf5c80f777a11707a147355de8a944e8a44f8551beafccc6eb
evaluation/pass16/worldclass-2700-summary.json	801	4faafb84f0c27f2d33e8f54c99f4f162e1b6c6eee0b66e864ba1070a85cda4b3
evaluation/pass16/worldclass-base-corpus.json	753193	00acdd2019c03abba0a5ea596de242915d16deb5108b41aeac436f34a21e7d3b
evaluation/pass17/market-adapter-output-index.jsonl	448548	28cdbae7e1e869b7410b332f5f607bf9833eb929159f30726b2a49ccedd87d25
evaluation/pass17/market-adapter-simulation-summary.json	1290	4e0eadba4c614f548d974f8321b6e49e5e8ec6c7babe64e4bf9b7efdd245ed27
evaluation/pass17/market-evidence-fixtures.json	330702	f2d4458e4541f629901de919e68d692e583203e8a2c5ecccf9e9ab5616e815be
evaluation/pass18/audit-lens-adapter-output-index.jsonl	438789	2979011a6020367ff75865e58b2726bf2d9144c5d5b03e7175017645e5a787de
evaluation/pass18/audit-lens-adapter-simulation-summary.json	1507	175f17309493be03cdecb96b11b8b83968accc3622571239139949e89721cd26
evaluation/pass18/audit-lens-evidence-fixtures.json	1073770	6ab60f7ed9af42a5627e92ed4a53ade0a243c21a50cbe6c316690f3ccdd27f02
evaluation/pass19/brain-angel-adapter-output-index.jsonl	431556	d027dc2c065862ce162ea85ff19c0df7403df488c18d54339741d7750e36b5b8
evaluation/pass19/brain-angel-adapter-simulation-summary.json	1464	188f8aa21a30c52c3e1d984b53a7e0147ffba03df31dc7c7aeafe77641a57582
evaluation/pass19/brain-angel-evidence-fixtures.json	718563	5fbe2f98021644c96a084290563cf9cc8e0b6a00f830fc866a2e84f3a2afa7cc
evaluation/pass20/data-field-provider-license-matrix.jsonl	7427721	f601a391b6e0d9e614707a072a047ff99d9c38cbb5b7475072cae7cc12534c92
evaluation/pass20/data-field-provider-license-summary.json	1492	fee35007de5925ef534597efe59cb2b087d909ddee1a2f9436403843fc6653dc
evaluation/pass36/a102r44p4-official-tool-corpus-index.json	26813	df8e85f3725ca42e13a0c7d5e6251a9fd7305e51a54b8a69c147776a5c52db54
evaluation/pass36/a102r44p4-official-tool-execution-index.json	231446	408ab8ee0ffd2e99f19c8c3ad55beb77e013874cf542e5f579959dad4d24b6f2
evaluation/pass36/a102r44p6-product-value-analysis.json	15976	607f937cdab30954234e91d4400739cb709e55ec9a71685843810d1ca7f0ff39
evaluation/pass36/a82-real-contract-intake-index.json	33468	c961e8d2a5c4d45e2c384b2dfb448a1620bc1a8bea8f45e9672bab8237616791
evaluation/pass36/a83-fixture-packet-catalog.json	21961	214f9c4ba034db2bba5fc8fe30a65044bc823657c4601a08955d2d49a8d3d446
evaluation/pass36/a83-real-packet-intake-index.json	26831	b591478c60789e226b1494b0c67dbbd40079bc4dc3730ab4c90d954014b3fd3c
evaluation/pass36/a85-real-shield-pro-map-intake.json	726	8c7f485c56e5669e2800ab5dfd97afa7560e4e325facc9096c4bdb79efefef65
evaluation/pass36/a86-real-markets-intake.json	947	0937abb7e98e0b261f7201058e16f74f645a66141ed0361f97310ef233f8332d
evaluation/pass36/a95-real-staging-intake-index.json	652	32c58cbbd8d72b1b49c48268e593293039e9d291d73441692ecea619097f6166
evaluation/pdf-pending.tsv	550	7a1d788f7a7296ac70ed495f1e874820ac5dc824a6d0e230eaa4fa8931af9d70
evaluation/render_all_pdfs.py	689	4f1c4b69815027f2795c2acb575e4582d59aff251af8399f2a24bff05d804186
evaluation/rerun-audit-compact.ts	4956	8a855a995b37da154c3dac8632a384fb1a25115922fda9d6a7d734a4e0f51ecd
evaluation/run-one-audit.ts	6024	adccd3f931320c35b5aa5c0bdd36ba515aab8095ea3fcbfffb967a1ae5a5cb4c
evaluation/run-one-pdf.ts	4025	77a689cbce562bf1154ff26975779891172c88a54480e2b239f78ef11eb3bfab
evaluation/run-one-vlm.ts	3719	de8eda96866e6f2bee7a2106989724a8873a10f68aee78431d0a00302427dc5d
evaluation/run-pass4640-regression.ts	12360	b571055f75fdc3accd9d63f592fcf53e5868c011a18b2bb0e37e550396315cf7
evaluation/run_matrix.py	3073	985244c8ec70e0dec1515139a98e21fa87746a93a6d9ade25aa48d6009427919
evaluation/summaries/audit-aave-advanced.json	965	5c8eda95ce1bfccc340ec3e6938b3188b5acc1f8f0143d8d9bd40c75fe49a869
evaluation/summaries/audit-aave-basic.json	983	cbda379db227e548b74f8e3d75cd9d8cfe04f97948a04958550d8477f1b0762d
evaluation/summaries/audit-aave-pro.json	950	6ee52638d682ee2231f930d6086ab50ea636af0dad7a4deef073066513ded323
evaluation/summaries/audit-dai-advanced.json	973	5f8c34a23acbda0b38c4852c5801cd32e4fe76af5e2b79b1e480165352509664
evaluation/summaries/audit-dai-basic.json	991	d55fa668814980037bb66a6675843fcc44990413deda7e1ccb369b10774a7477
evaluation/summaries/audit-dai-pro.json	958	ce88c41ee6be616f2706b90452bb6942813f1d397544c33f14bcc09efa51da7f
evaluation/summaries/audit-ldo-advanced.json	967	205cda099f8ff0cbc172f18d9f1389fa7714408d8bbae1457ef14503655364af
evaluation/summaries/audit-ldo-basic.json	985	5ff51e750e591a373c8120a5e0e4e86f5be655cba8accd65d4130320437b60fc
evaluation/summaries/audit-ldo-pro.json	952	0f9a9a36433d092d64318d51e3a64f5a77238e1c72213c6c4310703db13cfd8a
evaluation/summaries/audit-link-advanced.json	970	13bc9dc121125f1942782bf42055183794f39134101eebecd49edf3dc9a00bf5
evaluation/summaries/audit-link-basic.json	988	75c057587232862933cc46e8673a1601401ab4e25437cd2f691b3eacfb3349a9
evaluation/summaries/audit-link-pro.json	955	3bf8ca3938f5528b39354614c83784f635f8fcbc43f80670681624e2a1128f0e
evaluation/summaries/audit-mkr-advanced.json	964	1f23716b9f07993c09ae53be5107bb395dfdc9ed31d2127c4380339595a9250c
evaluation/summaries/audit-mkr-basic.json	982	35cc981080f0d900d93439fbefa8138d92492d641d7418e845f1b00a3a8fd2f5
evaluation/summaries/audit-mkr-pro.json	949	08def071ce37f19a2fa52dc245355307c3b55895306a14a0787aabb179f9965e
evaluation/summaries/audit-shib-advanced.json	970	0c1165f5c5ba8f1e0afd85e0a1751c2ee7bc42b6d259b404d46df9b2297bbffd
evaluation/summaries/audit-shib-basic.json	988	b456ad3153beb8f3d3fc13665c4a698b6f65e9bc0e39d49e145205f0933a2611
evaluation/summaries/audit-shib-pro.json	955	7a1b2c70343fd6f8fa25a086400f9908dcb4ed401d79b608ffb902d1893c509b
evaluation/summaries/audit-uni-advanced.json	966	b82844a095c8e21faa95f5698da9e67d4401b028fdbd2b7a2ce10c8cbe2e1523
evaluation/summaries/audit-uni-basic.json	984	e9caf2926e4b05748cc63f035217c95a8c7afc9e49c5ca9f75eb10c4c2e831b6
evaluation/summaries/audit-uni-pro.json	951	ef0a68c21ff82999d0c96e873f58d17374f7acf26000a1858ab6bd185c7692fe
evaluation/summaries/audit-usdc-advanced.json	969	b7db4f4203d64b509f7770b414d7d947f88c5dd928752280ab1d9a0f47c7def3
evaluation/summaries/audit-usdc-basic.json	987	ba847988df81949607b6f6245d0324f999f726099d8b3652df9b2d079a20b2ed
evaluation/summaries/audit-usdc-pro.json	954	e98b75dbdbb664064aa10aa100e72774ade5d7aa5e23c3d099907cf4019ccdc3
evaluation/summaries/audit-usdt-advanced.json	971	7edcb0fb84d6ed750341185461c9d5d0d626c37398418919e5603e0c5d165c1f
evaluation/summaries/audit-usdt-basic.json	989	95b7add01400e2455fc242c9b072c87e776b10288c8aadc24f675ead31ec031b
evaluation/summaries/audit-usdt-pro.json	956	46454a0bf068d3b945111ef9bb61875d3ab61b370e96a2c638a3730cb2524831
evaluation/summaries/audit-weth-advanced.json	974	c3eef1e53e6a7a84912daf53ba5c6652b3f0cc2cdc85df086d433a5237f592d2
evaluation/summaries/audit-weth-basic.json	992	5b48effc553d3a0ab93c40d13ce0174e98f759fc7b90c9091ed87d74a9117f5c
evaluation/summaries/audit-weth-pro.json	959	d7ea96f5fe701f445eefe915723af8256e123da087d33a182d528d46a5154b2c
evaluation/summaries/pdf-ada-advanced.json	956	90581ca79dee47dc02939e5d05cd4bbe9c320313f2f5ff239e818a393764341d
evaluation/summaries/pdf-ada-basic.json	1036	bc7eec085cff011dfc4116e9e13fc6db05b2d57a1e7d035c022ba4caa65a09d0
evaluation/summaries/pdf-ada-pro.json	948	3847d9a3faba69238e4b1a2f49f1e342a44d3671b89a87149ef0a41a822066fd
evaluation/summaries/pdf-avax-advanced.json	964	e7fa85416d85ed16658cb9d1077a320529291a787746064df66d0efa0707537b
evaluation/summaries/pdf-avax-basic.json	1045	e372d66ae413a06cb571024c0d81bf0d071b2907bfea0635c5bc23e28afba356
evaluation/summaries/pdf-avax-pro.json	952	bf777c7adbcedf5181a2bacd079435fa972c82ef7dca0c4381dafd48a16ebf2d
evaluation/summaries/pdf-bnb-advanced.json	953	5c79a93cf46ce40aa3986d8a8881d2a05aca1dee03d2ff8f6fd7fef4b41e87ee
evaluation/summaries/pdf-bnb-basic.json	1031	8a9a7aad1d35282c8536e4126e16ca6f319bb4b0dffe53033d2e2e9fb79c8a36
evaluation/summaries/pdf-bnb-pro.json	941	82e4d112d3cbc41210216c24a45e51763001722a9e754a4f7f28c7e28d45788f
evaluation/summaries/pdf-btc-advanced.json	953	727b12fb689052fb3667d280e8f29190a109ba3d5c9f3f981d2fb494be6a51dc
evaluation/summaries/pdf-btc-basic.json	1034	6ade92b81fd2fd762c1e26411d71e0eaa9528613613096d3ae1c39ffa667e20a
evaluation/summaries/pdf-btc-pro.json	941	74a71873e475f547cda55506266fd7b3dc0f8ab52571259d6900519dbfa31c85
evaluation/summaries/pdf-doge-advanced.json	961	04a468a68d227e1141c479613872ed6f6ac760d80cfb4a94b713ccebe15768a2
evaluation/summaries/pdf-doge-basic.json	1044	55936eed6f6d0829aef97c8274d44154d60167d29abf8996cfab8abc8811e3a9
evaluation/summaries/pdf-doge-pro.json	953	8c731fe8cc96a2005d6db60ed57d830c05386156562860bfa2531fbba67de2dd
evaluation/summaries/pdf-eth-advanced.json	953	f242e95a697c2106bf69edd3fba6698e057f9ff8a9f82549942d7ccc01c8b878
evaluation/summaries/pdf-eth-basic.json	1038	a41874b0d157eeda9ecb29e16a48e5d74bdc388ca8616a6026ac76833b3bfe65
evaluation/summaries/pdf-eth-pro.json	945	cf76ef235f9100f91ab5309840d7969e94cf8569643a106ea3775829dd04dc84
evaluation/summaries/pdf-link-advanced.json	959	682d2ad2da8333e306e8ae5d667f3df3fb19808537bf217a52b6934475c3717e
evaluation/summaries/pdf-link-basic.json	1039	21660b04810544d75a659d01b63fa307a99427e1b0d6b213e6e57b5440958ad7
evaluation/summaries/pdf-link-pro.json	951	e358936b02dfa45f3965184c64ad789148ed9cf0587d1dc2a62ff5278a92966e
evaluation/summaries/pdf-sol-advanced.json	951	7fdf5c6eb4a8f02e55da3866775216fdec0ad65eadd4ac02cdd1367dd9405ae2
evaluation/summaries/pdf-sol-basic.json	1032	5b1fb09c7b13234378bd33086eefa61442c35ea2aa8941d129c489649aa1c8ed
evaluation/summaries/pdf-sol-pro.json	939	4ae501be44016f568533914f259ce22a4addf1e2236e754c7adbf11d33c8126c
evaluation/summaries/pdf-uni-advanced.json	960	c286664b76f2601366262fc84833c546efcf25a61a9895726a06438a18ed4e1c
evaluation/summaries/pdf-uni-basic.json	1051	3906dd39cc49be5705654530e6067a86946ae9db6e48cbb443bd24365fb9aca1
evaluation/summaries/pdf-uni-pro.json	949	86dd855897efff9a15429b0f49a62ae04611815ff5c0e110b9f66f2f0633109e
evaluation/summaries/pdf-xrp-advanced.json	953	2d19b696916999140bfbb45f0825565d7a0d40821c82ad13ee377046991e878d
evaluation/summaries/pdf-xrp-basic.json	1032	8292ba4591c10cd5f94a3e160c839052b12981d7d8e702a5bf319f8f8670ec23
evaluation/summaries/pdf-xrp-pro.json	944	112507b6b1e91b386d5b9f5cc176fe5126b08c85e906c095ce1d18807bf47386
evaluation/summaries/real-markets-aapl-advanced.json	1494	4c32a5da7fa34cc1606d6c0177a7d2d98dfe7fdbe5f23029be1eccbcde3e7ac5
evaluation/summaries/real-markets-aapl-basic.json	1543	d678e576fab05816e8f5b173df7b344a3b1768b36be736ea8c451b01a653cdbd
evaluation/summaries/real-markets-aapl-pro.json	1479	50bbdec638ece914ff56c0cae39b7afc8616d3e019cd517b2b1f4f09befb0a31
evaluation/summaries/real-markets-ads.de-advanced.json	1500	f9f7fad7dabb0876f61a05e79b7083ef13dc32ca1ea1394e40148a23def67b28
evaluation/summaries/real-markets-ads.de-basic.json	1549	b9acd39d97e5b53e246ec91f7a3ba045d47c7365f08e8d26f8b70f62ba03c524
evaluation/summaries/real-markets-ads.de-pro.json	1485	b030e6908b96acdd7e6d36bac109201549dac6753250549c911e692bd20a29a6
evaluation/summaries/real-markets-amzn-advanced.json	1489	450218f6187e0c6e242aa3524cc922f47b499577d6b7909a0f39d9d25eb84a00
evaluation/summaries/real-markets-amzn-basic.json	1538	2333f2bafda87ed31248a711aa450a29ec87d80d5618452ab76c28369e85f16f
evaluation/summaries/real-markets-amzn-pro.json	1474	31899bfa770858ded2d9ac73143a3dc4bf29ac32e3ce2be84976040b3000e063
evaluation/summaries/real-markets-googl-advanced.json	1503	48f5103978bafa2a554316c39c09701dd2b1f88c8979f5bdbe8f2bc8fd90b3fb
evaluation/summaries/real-markets-googl-basic.json	1552	aaae621f9d5e85566cb8bf9bb1b804018e41a4e3b8673e3f952970adedf6709c
evaluation/summaries/real-markets-googl-pro.json	1488	118054a17b08b4eab4624243366387746627b99c7f7a0c189e10eecb3e85540e
evaluation/summaries/real-markets-mc.pa-advanced.json	1522	da5ab09240f5c91de07cecedac43ffb91db9ad66e51d547dd7be32c2327fa961
evaluation/summaries/real-markets-mc.pa-basic.json	1571	e37f7c4ca7843734a261df4ae0f0cf74e2a39511eaa7c6bf5342c6a4c3c5c10f
evaluation/summaries/real-markets-mc.pa-pro.json	1507	51f6f32bce02ccad39f4190349e8c6ecb0a3dc33ee573dae7732a9bf999b2e9b
evaluation/summaries/real-markets-meta-advanced.json	1487	1898ac58b04bc961e986eb2799c34a48672083859e4193a1c2346506d001880e
evaluation/summaries/real-markets-meta-basic.json	1536	17b2bcb2e899aa13db8a9c59b867bcfcc1bbd084c8c2bd84705652ce0a2d3003
evaluation/summaries/real-markets-meta-pro.json	1472	8c4527c5009cd943a7e71cb9baae39a905b5eea72d124f07b362e67a8da0ba1d
evaluation/summaries/real-markets-msft-advanced.json	1509	4f16fcdfc69a7955ef0b578fb49432b3b977446720d28fb09c6e9ba33017462a
evaluation/summaries/real-markets-msft-basic.json	1558	8fe485428039b5fd16c0097567f43a63a0bea62539932b91dfd940d3d0810e2d
evaluation/summaries/real-markets-msft-pro.json	1494	b66c2d4513506a32f627480a2d959a15f534a53e6d7a93cf23bd9075ce29a374
evaluation/summaries/real-markets-nvda-advanced.json	1503	12359dfd7745bf3ffd10375abb0e45b93f55c6cfbffa14be58c885c260e741f1
evaluation/summaries/real-markets-nvda-basic.json	1552	8f24170e0208b9b8bbae9d914bb8965b62fbed05ae2845e3af342a8995583752
evaluation/summaries/real-markets-nvda-pro.json	1488	33ef0dcc6d48fb5ef005eaad2ac0298db519f2a992c2bdf51f39c4a2cdeaead6
evaluation/summaries/real-markets-spy-advanced.json	1512	c0347c0f288748b163b9aafaa39be73e11ed111ccac9670caf562eee211aaa71
evaluation/summaries/real-markets-spy-basic.json	1561	3a78239d2deaa1abf5c6935fc8fa4d6522efa9dfe8d32bd0c8ff9a61125b13cc
evaluation/summaries/real-markets-spy-pro.json	1497	5e9efb405253495def6b68d357e6de3e4f9ee9808a580b6bd7ca861c81fd746a
evaluation/summaries/real-markets-tsla-advanced.json	1495	b03cecf08c9bf738767fbef31c0ba46687036f50c9e8ea48e13231e14484707d
evaluation/summaries/real-markets-tsla-basic.json	1544	0e5e14fed7f7fe038075051ba4bf0d5de1f83e733ca96acfd9c37c8226dda15f
evaluation/summaries/real-markets-tsla-pro.json	1480	c754823550afc20057758cc65187b206fa23bd536085cefa4ee1826e292feb47
evaluation/summaries/shield-ada-advanced.json	1471	0c557f1efc115e71ad3573b258f66af66b4dfaada5c0e61deeca40965cde6589
evaluation/summaries/shield-ada-basic.json	1519	82be2bb2498ea33b26caa25d7bea0b397d65be1c28b14840bcd9d0e49ebc35f6
evaluation/summaries/shield-ada-pro.json	1456	847d4d1441ecc6bfab3549b39ee78a315a44da8a3f7540121a069a4d1a7e3b81
evaluation/summaries/shield-avax-advanced.json	1477	46a88d495e7812a12ef41fc821ac42ecf6609a3424892bfc75d74743300c3ab3
evaluation/summaries/shield-avax-basic.json	1525	c9fc937d4927ca6a9bf057747a18b9797a625d6ac1b5211d8ac829d7ef3b3e6b
evaluation/summaries/shield-avax-pro.json	1462	ab6a3cfe367ccb03fb6dd2fa6042cc0cf3aedf4a261ea6e2319ad28d3aa33ab6
evaluation/summaries/shield-bnb-advanced.json	1467	92525092b46ee8b78a6dd1cd373a34d9dadeecfc553e56bc2cb8f8d0fa25bf51
evaluation/summaries/shield-bnb-basic.json	1516	1457bfd2855e34a633be3a5547cdb2677e8661e3e1bd8d3a2fafc9fa1db31a2a
evaluation/summaries/shield-bnb-pro.json	1452	05aca1b175cb21c55ff39f002683d8ef37c83c889763520576db33d106da81fc
evaluation/summaries/shield-btc-advanced.json	735	8f81098a92046df766f2a1e05761a12f9a153af8a40dc8a715e6fe1fcca1ca42
evaluation/summaries/shield-btc-basic.json	731	c6d78ed37270c10180ac34d7e08b45fa919748711d38950393ea6ada6b8bd18b
evaluation/summaries/shield-btc-pro.json	725	8caf8fa9f35b4704b0193db748a5078eca988eb50a726ec7868affd147e9024c
evaluation/summaries/shield-doge-advanced.json	1476	8ba40850d51e6780cc70b362cfab332c46d4f885cb60711aec2ed9e4a28e6d1f
evaluation/summaries/shield-doge-basic.json	1524	506e27b1a7000ca005d00a79ea6489a43a2734cbdb6862feeb6ec503e2d92159
evaluation/summaries/shield-doge-pro.json	1461	547a43b48338f7cef55cfe91e640cdaba2bb1aaa5a0d6b6ddf0796d3000c50df
evaluation/summaries/shield-eth-advanced.json	1472	d5d468d72dcb51c8d94a5e9a49cc9893aa52e40b523238530b347c88a84e6983
evaluation/summaries/shield-eth-basic.json	733	84d4ca364af99950aee96dc7e2523c0ebd50fcf0e043bd0e925afc449893ab7e
evaluation/summaries/shield-eth-pro.json	726	07687dc0e2caef95c0ac01584ff8009e74dc5044c9c4f13fc11c3ceff11c247e
evaluation/summaries/shield-link-advanced.json	1477	4e902dafcc368c143715c3d1cebc26264ec5597cbd955616d800790953e88171
evaluation/summaries/shield-link-basic.json	1525	a45d4726b6e21ce59a0fc0f489cf07fd10ec213f88033183fa8bf494205cf8eb
evaluation/summaries/shield-link-pro.json	1462	086feef2e18f64bcccd09d19a0c783794bea3862c0cd8f1cd0a1c884e5f12d5c
evaluation/summaries/shield-sol-advanced.json	1470	19759aca5ffdcb6baffab0f1c04f3b60fa753767f3a6ca6cc8b2ad6e5a0710ce
evaluation/summaries/shield-sol-basic.json	1519	f953d3c3ef1efe7c4904e6a31d3dd394be49638a8caa6f7eb582b0833fc22094
evaluation/summaries/shield-sol-pro.json	1455	4833accb5d39f27dee64e513fe2ef80df73c76ed0f5063d9a84b7ba7b3b4f0db
evaluation/summaries/shield-uni-advanced.json	1471	c7281f32af854a8db2462e7af0febb597bed998f16ea6e2d09330dbd913e7fce
evaluation/summaries/shield-uni-basic.json	1519	4c5d05e03c95508d86b894dc34faa934e3d78f2f5f7dd5bef740380a150999bc
evaluation/summaries/shield-uni-pro.json	1456	cfdeaa8139bb740f78931e9b1ebf71d40783075f4e8ae9753136a10fa17e898f
evaluation/summaries/shield-xrp-advanced.json	1467	d7ce7ff81fa9f91e75cad791b66bb9298d750e38971b9370e6e603d8eb6f5ee2
evaluation/summaries/shield-xrp-basic.json	1515	2025a0c90e0070df8ef325afd814f1128ec6b3eebcd15e7134757595817609e8
evaluation/summaries/shield-xrp-pro.json	1452	68d4763bfcdbdb3d3b34f9bb17dfa53751b2d8d979734eb908ca4208f9dc9b5f
evaluation/vlm-cases.tsv	1736	41a5394f8467d47e7c85c2baf21ff123afea82c2931cb08e284c911d61dca144
fixtures/pass16/contracts/01_reentrant-vault.sol	377	0484ef368326f3c25e9adbe0443f9075dd2119af709d9f0fcfc357c884ba7591
fixtures/pass16/contracts/02_guarded-vault.sol	430	7980768749e85779a2ce49b0f7c337e2075f4046b1f0b57e2334d3a4f0ed7217
fixtures/pass16/contracts/03_tx-origin-admin.sol	277	1ab04ec09e5cab1059c014880391553ff49c472983cc88acea90cf3e9d99e734
fixtures/pass16/contracts/04_sender-admin.sol	286	c065adc7a22906eb4dfd5d9695537a07da3e3ca52f937dd2508efaa85b805afa
fixtures/pass16/contracts/05_uninitialized-owner.sol	223	2141dfd5751fd3f4f7ea7e16c977dba0df54387f33075923713f46519fc6e820
fixtures/pass16/contracts/06_one-time-initializer.sol	226	d80e3f2939f12a52c2ebb28894b06532b364b9935121e292a25b67fb7b9aca4f
fixtures/pass16/contracts/07_unchecked-call.sol	168	7f69b3cc05fc6621b99ab6fae9e79a4ebc096a82eea4df3478c51a19c0303b90
fixtures/pass16/contracts/08_checked-call.sol	221	3a779635a0ba7c641aad48acaf102ef0757c71bffbf48eee7910117eaeabd770
fixtures/pass16/contracts/09_delegate-user-target.sol	202	7a11f748ed367260f44106680f7a9a32e966504d0f55b358b4889a5af2976445
fixtures/pass16/contracts/10_delegate-allowlist.sol	400	db74bad95f719b39092d2d0b48cd07e90465f9c43c23484ed95609f6ef3b9951
fixtures/pass16/contracts/11_spot-oracle.sol	289	a8127ff7d0ab85e2611a50dddb7132320b52213d40c2256f07d983da8a9acf75
fixtures/pass16/contracts/12_twap-oracle.sol	312	7d046886634052a04069e72b871c57dd46032e14547050db7dbf6e4c60f7e73d
fixtures/pass16/contracts/13_donation-share-price.sol	315	74824ac7ea97d75e2dfdf240d0d176515bc0a4ab8753662b8cfe6fa136667eaf
fixtures/pass16/contracts/14_prebalance-shares.sol	368	9f5835a40841425456f6c441d78dda4f1728191c968d29e1d1d05a6fd5df0c10
fixtures/pass16/contracts/15_rounding-loss.sol	223	2d38b994722dea3d850e62cc0814a5f4dd1d542b6ab69bf60f625c890821fbaa
fixtures/pass16/contracts/16_rounding-guard.sol	244	8f21b9540eed4c4f7a4a211f38515563ae7dc181a2c838e165b34b70cadd3b40
fixtures/pass16/contracts/17_open-mint.sol	187	30e065541eb4daa8e67fc2c01f5e7a56682984f0ea57ee87910ec55a3216f8e3
fixtures/pass16/contracts/18_role-mint.sol	392	4068672d779dbbddd3fda08b834b54a9f47f37841fa2d1b09f3a8f81b02ed37d
fixtures/pass16/contracts/19_unbounded-loop.sol	255	404cd93ec6c7f0c1bc769253f9208890c7f5f3d0ffced3304fc05b220acb9859
fixtures/pass16/contracts/20_paged-loop.sol	372	1b9debc77b8a57623a7bfc8d52636891a3d16c170c0ed77b161c12058e7a20eb
fixtures/pass16/contracts/21_timestamp-lottery.sol	161	e08425f1925df22b2e30545679fb346beacdaae5a0c951c38e9870a064c32070
fixtures/pass16/contracts/22_deadline-window.sol	168	04f69afc096e8c909a2ade42c2ce19d4a2d1f5c2cf5a1d46efec0663c8b49446
fixtures/pass16/contracts/23_signature-replay.sol	246	ea298c57ecddc5bca42405bc6ac53a27acd0062d6cac112d8282d1ff8a9ba26b
fixtures/pass16/contracts/24_signature-domain.sol	397	c430f9990dc254b8dc1e3534c85a3a7fc82a51ee00827511923949b5bced1415
fixtures/pass16/contracts/25_permit-no-deadline.sol	328	1c60e5eacc156d5dd257b85336660144815ce19b8cd0a11b9f27c6a7bcb4e896
fixtures/pass16/contracts/26_permit-deadline.sol	412	d27a6920be87bae61692d34454ee4b55ef89f716a541383ded4e16d78ae65694
fixtures/pass16/contracts/27_storage-collision.sol	174	29684968c336af7b38910f1325251a0258a50c6e43ae7e3f986e37a35d208639
fixtures/pass16/contracts/28_namespaced-storage.sol	350	456cbbb68d21a8e419f30d0c0857dae1cedf3eb7629797aa8c3766c4caee2bdf
fixtures/pass16/contracts/29_selfdestruct-admin.sol	229	312097e23d5dd84934adb360416e264086585a683def7f1f383974b998ef2f08
fixtures/pass16/contracts/30_immutable-vault.sol	177	bb5eadf733e82a960d2cdba05dcb97f4a809903195d578c94b4e69f043ddd38e
fixtures/pass16/contracts/31_hook-reentrancy.sol	296	83397fe68eb16d28eab7574fbcf988623521e21210aa8ea791509627fc4853c3
fixtures/pass16/contracts/32_cei-token.sol	297	bc8fa1a01415e4b1d03ea658f965a3a9ef152075ca8163b31a4e70e7c758ed74
fixtures/pass16/contracts/33_fee-token-mismatch.sol	357	ef785ef4984d0aa15b0a3f545c8bd6a9b50f04cceb36aed9edaf58afefcbbfe8
fixtures/pass16/contracts/34_balance-delta.sol	491	8c135ab09e03b799958aacec5beb2a5a129ad6378d6e4e9558e7566c57420c4c
fixtures/pass16/contracts/35_blacklist-bypass.sol	373	f53c766fba1c99d579f7b18cb0a741325668860ab002fee0ffb2a21ea7503c68
fixtures/pass16/contracts/36_policy-consistent.sol	387	304fae63d9bbd2192fba24ae634d4df82e7c208a729d399277c25c6c956024bf
fixtures/pass16/contracts/37_no-pause.sol	169	17146a218e7ce58f328fc9240a9bb666db77b325020d6590f74e4ec6ab2f6f96
fixtures/pass16/contracts/38_pausable.sol	339	605e2171a4a277bcc8f952c12550ac9acdaeda450eaf59fca79e070629a5c050
fixtures/pass16/contracts/39_insolvent-withdraw.sol	288	a7f930f6d95aefdc663798019ed81b5ddb63da0cd63dab2b46374e08b33836fe
fixtures/pass16/contracts/40_solvency-guard.sol	338	26242ccc339431f9e468ba3fd949544cb832c7925d2815cc01a9a66f0f0a5993
fixtures/pass16/contracts/41_low-quorum.sol	183	b29de810fd4d367e4df0d4f8e64c0d64b028fefecb94e7f33fe3d75165f2ebfa
fixtures/pass16/contracts/42_snapshot-quorum.sol	216	8c7eae2dd3ddf5281d22ca4fbd269fa80693f60d439efa05f35eafadbf238752
fixtures/pass16/contracts/43_front-run-reveal.sol	187	43fcb7e65cbe89c32ffb58dfc0895332f1242b73ced1dec3c7bbfb6f8a58c0ae
fixtures/pass16/contracts/44_commit-reveal.sol	321	c608be5818d9101ce33311e91744dab6c1f9201efedfa8d804ecedead4b4e5d5
fixtures/pass16/contracts/45_blockhash-random.sol	175	c2a8d66a76da24d8e08b770ae095da0da41d9f90bbd5546d3ba21b1da961c025
fixtures/pass16/contracts/46_vrf-consumer.sol	245	398b4a73c5fd5a18b30da42b99a04983667883e72287ddc0b6e288a914dda415
fixtures/pass16/contracts/47_cross-chain-replay.sol	273	70a7e9f1a2d91b6b18daab2b6f642ddbdade9e1d43d75fe8caf5b2a7202f6509
fixtures/pass16/contracts/48_cross-chain-domain.sol	411	758f42cd079b1cdff656940a6661d475f81de76c3502a37ab880db566d89ad62
fixtures/pass16/contracts/49_minimal-vault-clean.sol	335	e0b5ed640b8e1841b8bec53c0ff5e2ed36f8245d619715c1adfc08f60987f1a6
fixtures/pass16/contracts/50_external-dependency-ambiguous.sol	319	2d20cb7e2b0e15c4e4aae8732cb3e51a80e4ecaab2ca2066bee1083da9bbd87b
fixtures/pass35/a42/windows-global-json-crash.log	424	d4856d5c4cd40717902c03af818f377b726a3a2b59f9f324f7007e8b714b4d12
fixtures/pass35/audit-a01-a05/PASS35_A3_A01_A05_SYNTHETIC_RECEIPT.json	21913	bfd7eed4fef6beec6828dff0740ed3196eb56c7f3840c0bf7efba4022ee9663f
fixtures/pass35/audit-a01-a05/synthetic-risky-upgradeable.json	3790	3a0492be4842aa14b87c7fd94ff1de45a01b204b28da5bc6242b825369497dc9
fixtures/pass35/audit-a4/PASS35_A4_CHAIN_SYNTHETIC_RECEIPT.json	2240	5598055765d3493b9406c3e8b433f0ce6eb1a23279ec6b3bc23a9f9520cefa3f
fixtures/pass35/audit-a4/PASS35_A4_SLITHER_SYNTHETIC_RECEIPT.json	1977	27fe4507d8ebc05add119b5536e1dd8c4af0c200f5d01b284773c5e74f1aedc6
fixtures/pass35/audit-a4/PASS35_A4_SOLC_SYNTHETIC_RECEIPT.json	2980	11cfe1bf1186a42fad70ae9a432e2e3af38c8e50ef509f83d85eb75bb52cd08c
fixtures/pass35/audit-a4/contracts/RiskyUpgradeableVault.sol	1409	58fb2549a465da77e1af8125b33c099a89c24627d8fc3fb0513a9dca9be6bb1d
fixtures/pass35/audit-a4/fake-slither-tool.json	483	998c180d61815a5a4c80594765521994d8a1a27894eec80cee558e2ee9243237
fixtures/pass35/audit-a4/fake-slither.mjs	907	c3e687fb94b4510371eafd7f4143af0e18c59e89fb7bfd1702c434da9aec87e6
fixtures/pass35/audit-a4/fake-solc-tool.json	515	77bf06ff816890e077a15b0b57e212723f26a794c8e3eb62911a9e4db296200c
fixtures/pass35/audit-a4/fake-solc.mjs	2205	bb82ca245ec114ae0d738260b8dc4d133af1fbe76f40ef09b4e178c296dde2dc
fixtures/pass35/audit-a4/synthetic-chain-case.json	695	140d2111928d23450148c3c0d07ef51aea4fa261bd39592c355358dd153c93e9
fixtures/pass35/audit-a4/synthetic-slither-case.json	423	78d93cf48f6cdb2a57d41d47827181c808b7ddde3d2ef383d6113fef0fcc4260
fixtures/pass35/audit-a4/synthetic-solc-case.json	1135	139225c2bf374988302d22250ec6644d704e6f08c2840df21fe9cc08696e0cc3
fixtures/pass35/audit-a5/PASS35_A5_A06_SYNTHETIC_RECEIPT.json	3435	673eafa06d8599d9e2c3e7484602b527b28eb6b7d3007fb6f160cdd38eb3f60b
fixtures/pass35/audit-a5/PASS35_A5_SEMGREP_SYNTHETIC_RECEIPT.json	2540	bd918de5f90d7b35522674ffb05f69991adc906056505d9622fef1434cbde089
fixtures/pass35/audit-a5/SyntheticA5.sol	499	56905014ef9ae419a94e4940644cdfb51a525fb1ab9fb33954bdb92cba65aa8c
fixtures/pass35/audit-a5/fake-semgrep-tool.json	484	e24da179ee08388aa81d40207b28ad84928c164e65a476d9525760894d4af4ac
fixtures/pass35/audit-a5/fake-semgrep.mjs	1019	5676d9714bf4d6a3f2c7c2d934306ba140037132303402c1507a493fa09b5f9c
fixtures/pass35/audit-a5/semgrep-solidity-rules.yml	508	fd7cee1026f5c8d1eac71362974fcdd2692f15f016ca7697abdc0fc0c4c32945
fixtures/pass35/audit-a5/synthetic-a06-case.json	517	81274e651b61acaa0b2837be7316a5e222b600d7b47e0420e08c9d57426607cd
fixtures/pass35/audit-a5/synthetic-semgrep-case.json	572	d715b37cd0906c595afaa64f0a4182c86bc88c695f8a2d9eadf198a670c48031
fixtures/pass35/audit-a6/PASS35_A6_A08_MODEL_FUZZ_SYNTHETIC_RECEIPT.json	2016	e5a73b466ebf21c40a7f29ef17c99ee045f93ab531c757220c4cbd769dd476b6
fixtures/pass35/audit-a6/PASS35_A6_FORGE_SYNTHETIC_RECEIPT.json	2632	32ea26079296aa152b71e1dc4f865acb5745752f41f9e00a47e149ac20f304bc
fixtures/pass35/audit-a6/fake-forge-fail.mjs	378	caba544e0ce68467dd26b1c3115b9c816fa10eba8cb83d2ad5249e5c4dd83a32
fixtures/pass35/audit-a6/fake-forge-tool.json	442	139f607f2c2b37a8c83044c90037d32134accbf82c02001435a4d329f1a4e9c2
fixtures/pass35/audit-a6/fake-forge.mjs	975	c675e2c9c4c8315cc579bf001e79524387799bcefa69459f283ae6e0e0b6bc2b
fixtures/pass35/audit-a6/forge-project/foundry.toml	106	38e3846bcdde4f8a67718ad8d4696d8c3811c56ae2161e234ccd5e220a9ca26a
fixtures/pass35/audit-a6/forge-project/src/SyntheticToken.sol	962	f953138950db592af4d22ea0ba4f4addf37bce8f9440b4fb8b6a6c0bd4ee5021
fixtures/pass35/audit-a6/forge-project/test/SyntheticToken.t.sol	525	db1d2b7b1cb2bc33dda2e44ab77e1de296e3e054faaf597db69f25d09003d8d9
fixtures/pass35/audit-a6/synthetic-a08-model-fuzz-case.json	869	833d60c0f0c638a95630a80cea9a6d446dc4758baa6adc59f0b0101445931c7a
fixtures/pass35/audit-a6/synthetic-forge-case.json	717	eb7f52ca4884ba15c0234b5a8aa211b22178018103c155cd9b6e15e8d5ad2107
fixtures/pass35/audit-a7/PASS35_A7_FORK_REPLAY_SYNTHETIC_RECEIPT.json	4975	1b2568d0a2bb01a6f621ec50a7245f9da1962eefb97b987c42e5d1e862e3746b
fixtures/pass35/audit-a7/fake-fork-replay.mjs	2243	1594e3f1f05406ba6534f9ecbad31f09558f2c91559d34070c5e073b03e077a0
fixtures/pass35/audit-a7/forge-invariant-project/foundry.toml	189	3e436372ff56f6127ef497a7cfbafa139b6f4fd4fe5de836b82c420ad62b1eaa
fixtures/pass35/audit-a7/forge-invariant-project/src/A7InvariantToken.sol	818	eec7555b9e0c8cc47e1ef702151bd6563c1278ced8ace2a52e80d492f7734740
fixtures/pass35/audit-a7/forge-invariant-project/test/A7InvariantToken.invariant.t.sol	1088	9828c4151f7185cf9a8ddf05d5a827dbf1e362b49444a5ddd9c5d14038da89e6
fixtures/pass35/audit-a7/fork-replay/fake-fork-tool.json	494	fabab154a000ffc219fb9ec586f83d5158d07dc7cf10b2379b53ce05a54097f0
fixtures/pass35/audit-a7/fork-replay/synthetic-fork-replay-case.json	3002	fa55de05a068e8d43022ec8cd06710468d0291400ca21bb77bf8d286da240316
fixtures/pass35/audit-a8/PASS35_A8_A10_ECONOMIC_SYNTHETIC_RECEIPT.json	4040	d190a0627be4e226d3009dbf14ff49285aaaf6510a5b822e6503c6b660be0944
fixtures/pass35/audit-a8/PASS35_A8_A15_REMEDIATION_RETEST_SYNTHETIC_RECEIPT.json	4410	7db573de37e94b378afa3709d2b27a1c24570c4c517b044d0379249f9fd5f7e2
fixtures/pass35/audit-a8/PASS35_A8_A17_MONITORING_HANDOFF_SYNTHETIC_RECEIPT.json	4791	9e224604245d2cc2d651a45ec55a38fb94af049e8ce6623e61b5a6d9aec50443
fixtures/pass35/audit-a8/economic/synthetic-economic-case.json	3132	b6ff31ce533dc61c4c959322ecf7fa8eb7037b9d5adfd927156f3a03a88a8cfa
fixtures/pass35/audit-a8/monitoring/synthetic-monitoring-handoff-case.json	3357	b3994f9c462eb6920adb8ff1f4dfd7a8c94a26094881e46c8b4f9d805fdbba95
fixtures/pass35/audit-a8/remediation/synthetic-remediation-retest-case.json	2845	15953e1b393677f6587dd285bde67e33e82cf528b087d82b3268f1d92e6ceadc
fixtures/pass36/r44p11-compiler-ast/foundry.toml	287	74bd305c432eea017f425a3a752252d53d3d8a87cbefceb878eb1147d795aa17
fixtures/pass36/r44p11-compiler-ast/src/bridge/BridgeProtocol.sol	955	c202f2db5f47708c3c6845714380e79a0f380162f11f2aaa55f69b91b8d3ff26
fixtures/pass36/r44p11-compiler-ast/src/governance/GovernanceProtocol.sol	422	9508f4c8f1f097415b0d6918ea3ec5b465ccf120959f1bcc64eefcdd364ea88d
fixtures/pass36/r44p11-compiler-ast/src/lending/SolvencyProtocol.sol	2192	ba3bf2e4347c2ecd448e32eb48c2ce4e90abfa593979c1092ba41e496e7c5434
fixtures/pass36/r44p11-compiler-ast/src/oracle/OracleProtocol.sol	1255	8fda9bc0a42e6f20b21ad8f9c54e6b70aeeb0683900e1aef875e911a3be770cd
fixtures/pass36/r44p11-compiler-ast/src/upgrade/NamespacedState.sol	377	427af130e96e985a97b171bc4ffcdd76ad71c7cc663e08d952349d125e386143
fixtures/pass36/r44p11-compiler-ast/src/upgrade/UpgradeableProtocol.sol	749	cecde12d8a8d6153593a405c989c9a7d1d03b4ab95c7497a386d714382e4d8a1
fixtures/pass36/r44p11-compiler-ast/src/vault/ShareVault.sol	1291	efc371a09c362b1f90cb544da13e3255ed592608dc0aee33f3b07e6a88524761
fixtures/pass36/r44p11-compiler-ast/test/R44P11Protocol.t.sol	7469	396792d2a34158887d2f8c167be0dc49c3e89503241a52857c5bc9a59319d61c
fixtures/pass36/r44p38-compiler-ast-generalization/access/Owned.sol	369	07fa1a5597da1892fc45fbfd2d9ddbec287477c2b88c2c00c1a9a2d5e06f0c0a
fixtures/pass36/r44p38-compiler-ast-generalization/calls/UncheckedCallControl.sol	274	a5f402dd638db98c7c21955e7d9c6aaa15e60be9b3489f5073e5a1465694f082
fixtures/pass36/r44p38-compiler-ast-generalization/calls/UncheckedCallRisk.sol	197	1acf339806e8f72247672aabc828deac9273f3532d4daadead654d9f0262a0c8
fixtures/pass36/r44p38-compiler-ast-generalization/delegate/DelegateControl.sol	466	dafa8fac8d4a0b493f62f5550f4605ab63efdec31cf4a38af337d9868f9a3c77
fixtures/pass36/r44p38-compiler-ast-generalization/delegate/DelegateRisk.sol	316	33b52e66672197cf383be5677a965bb6291317a7e194164732877e6eb605b17b
fixtures/pass36/r44p38-compiler-ast-generalization/initializer/Initializable.sol	244	a93a4af8d715b4c9124f7c53f7f41a0d6ae59aa131a6ec554373963ca3841d11
fixtures/pass36/r44p38-compiler-ast-generalization/initializer/InitializerControl.sol	262	f53fae8c4a7745b685d4ab11e278740a076e62239eb34e5f494b4fdfd8ae1320
fixtures/pass36/r44p38-compiler-ast-generalization/initializer/InitializerRisk.sol	200	c09ee921b9415c48cd2d9b07136ba493ec1ec503ae7d3648ff91d467dbf87a3c
fixtures/pass36/r44p38-compiler-ast-generalization/mint/OpenMintControl.sol	277	1182d25a58cfe5006bd05bc8507e9a088caaa563aea353b00bfd43e4bcdc967b
fixtures/pass36/r44p38-compiler-ast-generalization/mint/OpenMintRisk.sol	227	c29e8535c327a35f1ea6736f1f056be8dfe949e468ec3dff6627f86f495bfbb5
fixtures/pass36/r44p38-compiler-ast-generalization/mint/TokenCore.sol	314	93b37b6b2cc75c4782da1fc6fbd5c71f35f1bc63d90d9e0fd9735e505ca84c01
fixtures/pass36/r44p38-compiler-ast-generalization/permit/PermitControl.sol	661	0ed2cc3144c7d11640ea87f07a703db917bdf43bdd7e12c95cdfefdd6f0cb08b
fixtures/pass36/r44p38-compiler-ast-generalization/permit/PermitRisk.sol	573	539f273abdad19a1bbcdd6080d43ab8bd29276544e99a5b10bcf6995fce9bbaa
fixtures/pass36/r44p38-compiler-ast-generalization/roles/PrivilegeWriteControl.sol	215	cf95054a69121dc69c9779ece526aa4d0c974fe87097f486b7491c8ce1093b29
fixtures/pass36/r44p38-compiler-ast-generalization/roles/PrivilegeWriteRisk.sol	231	7fed2782697ae634d567615e43de028f66b993fdb0b491742afe5cc18d80b8fb
fixtures/pass36/r44p38-compiler-ast-generalization/signature/SignatureReplayControl.sol	582	9fb4ca55f7f6d117e36d6db20e332299d57ca9e31c42fb2ff2d3e2135aa7b647
fixtures/pass36/r44p38-compiler-ast-generalization/signature/SignatureReplayRisk.sol	449	0866e274940d5267e3e82a29c18b4c8380f37714276e257de60c12c35afefc40
fixtures/pass36/r44p38-compiler-ast-generalization/storage/StorageV1.sol	176	08cf5be08ba2f664d56ceedab0ee76619c440d0188029bac1172bd0d47203314
fixtures/pass36/r44p38-compiler-ast-generalization/storage/StorageV2Bad.sol	179	a6eee653a4991ded36351a5c72df969257ef6ff0d7ffba48bebff9076cd5d1e0
fixtures/pass36/r44p38-compiler-ast-generalization/storage/StorageV2Good.sol	203	5357dbb2d8977c3b9b609f406a7ca9eb643d79494c259a51ea6f7fbfa782e06f
fixtures/pass36/r44p38-compiler-ast-generalization/txorigin/TxOriginControl.sol	284	117dc62bfe509530908d3e5c2fd17531e0c0bbb2aed670e8409f10ae3d39549e
fixtures/pass36/r44p38-compiler-ast-generalization/txorigin/TxOriginRisk.sol	348	c66cdd60f4a5790508f41b371a46e6ea22edcfb1cd4b4f8e4e63c6b038e60820
fixtures/pass36/r44p38-compiler-ast-generalization/vault/ReentrancyControl.sol	644	b22445f3aeb49af8a3ffceed57d364108addd1e6181dd7a99d11c4ec24c685fc
fixtures/pass36/r44p38-compiler-ast-generalization/vault/ReentrancyRisk.sol	468	c153ba76bed8ae730273ea5f20ab3a01598b2ff9d804a116ebffa9a336a4d1a9
fixtures/pass36/r44p38-compiler-ast/benchmark-cases.mjs	24405	6fc39bd32979292cde1b0f00a7dc8fd3c4706d887d591b50a347026e15afec4f
fixtures/pass36/r44p39-multifile-protocol/benchmark-cases.mjs	2368	a4a14dbf5723abffb3cfca7ecec94a60321dedb46b49b232fe5ebbbc9e6e0631
fixtures/pass36/r44p39-protocol-holdout.mjs	1386	c05585001e33a0529a0c87aee3d0ac56c722ee344a79346dade0ef486965c052
fixtures/pass36/r44p41-foundry-invariants/foundry.toml	352	d84dbb5001534f2940a35787432528ce724858d6aff85fe5b51d15bf76cdc768
fixtures/pass36/r44p41-foundry-invariants/src/R44P41InvariantTargets.sol	6804	45164b8c0b5e6cd8402cde5757e4ae9ada4ccc066716d9c6451f72f82d7fb62d
fixtures/pass36/r44p41-foundry-invariants/test/R44P41Invariant.t.sol	20091	fd4da86653dd0c16f4a019c3422904a471e397c1feec5de25eb9a6d51816f340
fixtures/route-modules/market-integrity/account-vault-remedy-reopen.ts	8556	5968536564223c34816c39166b8e787b2e3944e1c18f17af34fcd731a6271ea1
fixtures/route-modules/market-integrity/action-report-customer-receipt.ts	5726	f4369ed19cfa39bbaf74c8e4f204d400c12c69a25eb0b073d593b4b6122370aa
fixtures/route-modules/market-integrity/action-report-download-access.ts	7507	31797a827ceee6c1bc0a998176b774b77c4473484e6676604a097c72b644ecca
fixtures/route-modules/market-integrity/action-report-download-closeout.ts	10117	c0b89dcbf26e6b89376651e13025a89688cd5cb381751ca358a8c43a7fe59484
fixtures/route-modules/market-integrity/action-report-download-consumption.ts	9310	7a364f718236b4bc2050abe26d40895ff494e7e3e4d7dd1456d8e8c814d0fcf8
fixtures/route-modules/market-integrity/action-report-download-manifest.ts	6566	4f172eb2ce13cc5c4cee15eefc14f7f291ba7451ceec1dff7c73057dad780df8
fixtures/route-modules/market-integrity/action-report-package-delivery.ts	4486	99bab819855f924eab05e433e6130348a0891f4eb36c7f9e4ad2636300a494f1
fixtures/route-modules/market-integrity/action-report-package.ts	5468	2fcd93658828b533a0517249314db8fefc16156bd88f29862799831fa9ae3ba9
fixtures/route-modules/market-integrity/action-report-post-closeout-attestation.ts	9867	5e729ffae1a02992e6de194c1ae5c2e8fad8e3b9aa04fb24b513dfa627f247bf
fixtures/route-modules/market-integrity/action-report-public-proof-index.ts	10551	0468d18b029961af4374936b6b5b540306040c2787cbf34fbd88cfb2a7512516
fixtures/route-modules/market-integrity/action-report-release.ts	4994	d21b13e84876c03b4f935b0614683479883ee06f6b19affeb01b8c61654c256d
fixtures/route-modules/market-integrity/action-report-review.ts	5067	db502c4a4488a7446f722caa1a9c380b8a44092db5f8f79bb51853a1afb4dff3
fixtures/route-modules/market-integrity/action-report-vault.ts	5886	7db52fb2c70724fd783c762b47635d93423b46ddf643a19bf81544efae03f2a5
fixtures/route-modules/market-integrity/customer-export-archive-retention-legal-hold.ts	6941	cfc3f9f8401411ef4a635a8573434bbec5f9933061c24a607dcd1ba94b39ff7c
fixtures/route-modules/market-integrity/customer-export-delivery-ledger-persistence.ts	11034	4d22115ef885725a08b610772fe145ab53925d8cef8c2218ac46a17ee77e00a5
fixtures/route-modules/market-integrity/customer-export-dispute-chargeback-hold.ts	17775	5cc4de7a189225ac5905149b966da098289df6a947055497f51ae96b39286397
fixtures/route-modules/market-integrity/customer-export-dsr-appeal-resolution-closure.ts	9104	8e3825758e9661faa8ad165a13c102d51bc1399d76c7f10ab531dd29b77510f3
fixtures/route-modules/market-integrity/customer-export-dsr-delivery-appeal-reopen.ts	7568	89dd593d69e70958ba257584d588aa86b5f3ea9a4bd59050df8842c83fb4bffa
fixtures/route-modules/market-integrity/customer-export-expiry-recall.ts	10201	4797841b866c04e47be2631abf9a59692e849ae8c5efe37a63c883f05c461a4c
fixtures/route-modules/market-integrity/customer-export-final-archive-bundle.ts	6248	81f4651d8bc1534497cc5672a73192f43fadd6042b447793e6fe1fd1d73d2020
fixtures/route-modules/market-integrity/customer-export-operator-release-reinstatement.ts	12878	0cc825e38734ed72b8b6ed76aa5a0d7503ba30b7fd2c473ab9a6653eb98c49de
fixtures/route-modules/market-integrity/customer-export-post-purge-privacy-attestation.ts	7010	9e3f0e601a15004aca01bb12bd1c65eff940ec5a104ae0bf94a1338c19c670ac
fixtures/route-modules/market-integrity/customer-export-privacy-case-supervisor-sla.ts	7841	0a33ff7dc40bca5104b07a71f547c28c998350a572866b831a6600b2c57b925c
fixtures/route-modules/market-integrity/customer-export-privacy-incident-dsr-escalation.ts	7028	128beb8923c73dbb7e7c224a43ad1967a959776ffc4c79e121e7d15cc22e2d6f
fixtures/route-modules/market-integrity/customer-export-redaction-packet.ts	8302	eb57ac128609bd0d75710a2742a57255904ff780b490a75ec13d3f3696a508ab
fixtures/route-modules/market-integrity/customer-export-remediation-ticket-close.ts	13479	9fb0dd0d8078338dd0d2cc848c54d09215293bed69c8de9169bf1056c3e32f59
fixtures/route-modules/market-integrity/customer-export-retention-purge-execution-tombstone.ts	6900	6e11645d713f4bc56051a7a3e1deab6001e2db4bf350ffe4a56d06063a9a94b8
fixtures/route-modules/market-integrity/customer-export-transactional-outbox-health.ts	11521	9871d02201807b479b18061fe3c41e835f8f1e448a6f36e7bd04fc4097926059
fixtures/route-modules/market-integrity/customer-remedy-refund-credit.ts	4774	133e2d317f3f735c3752239f909a11a8c6fc67341dc18ea5ecd3c2ef0297d9b6
fixtures/route-modules/market-integrity/evidence-artifact-state.ts	5366	a6d7b9df4b797dc5185ffd135a70694e91a857f462cc556e5619fba37f97af0f
fixtures/route-modules/market-integrity/incident-disclosure-response.ts	9023	f7568ac289daca88248f2343a5e2b9151640a3e098d9615ac8e18de182341a90
fixtures/route-modules/market-integrity/report-delivery-state.ts	15204	e980a7b2a026be10c2f43049326a123cdf0a7086892ddf1975c8e508a7d305a2
fixtures/route-modules/security/audit-rls-policy-regression-fixture-runner.ts	9645	61217989ea210d3e302ee7c4abe288237f9c757b074dfd6acae5fbba73befe2d
fixtures/stripe/pass4707-provider-shaped-corpus.json	2804	ebf67346d5010a2abac86a0dd00ca5bf7f634c60bc2a151a98223e8fdae059bc
fixtures/vlm-pass1/VLM_PASS1_OFFLINE_FIXTURES.json	37431	7e13b870b5b7c6eada0efb2f5a84e017ed3fc30bd426edd01b246368d195409a
fixtures/vlm-pass2/fixture-manifest.json	285	5f4cf0479eab4d29b50f0da6acae8b923e76da6122855d4ff05ea01772fb8b71
i18n.ts	1021	84e2cae43864cb9a0dcd6da6cd275b33ce82af72203361270a0d210e41ac5b1a
lib/account/audit-account-messages.ts	33629	77459328e4b149ff8d3eddc1bb3d4874c00bdda1c96a9b652b733fcfde1ffa31
lib/account/private-account-ephemeral-store.ts	2706	720d9e88346f2e2a3a437d08d1934fdf0c2a1bc86324fb74dd0868cda167636c
lib/account/server-artifact-response.ts	1596	3bdbe77754c92434fddd48fe5e176774147608ddfa4f1922c22e3ff010760eab
lib/account/supabase-subject-binding.ts	2754	98363e633d7611cf457f4ae7ab768eea54811101058f20ac23ce44ce731a5c16
lib/admin/ai-input-policy.ts	1721	5d33eb150b6c814f54263f3d5a87332e861effa7439b889321e210f94c770db0
lib/admin/audit-log.ts	3581	6db217ecc2bf5d981221e6b9e8395892850a5e15ff103238701432268da942ca
lib/admin/auth.ts	1983	c8e085e158b8dc6c341ec4baadf8cd811a2c746ad794ab3bc94e2a3cf7c301c9
lib/admin/session-roles.ts	5325	3d6d237ca7a9bf6dcbc2e158e864d67b3d6a0c509bf7ff916f2c89174832be2d
lib/ai/advanced-click-runtime-proof.ts	6067	6c00636932c703fc86f799b3ff43a618fc9057ec37dfdd788c49521ce80e04c6
lib/ai/angel-durable-memory.ts	7776	880e9f2a5d4492374738c2541a7b0f7748760735bc286ac97d57df7c12d21abb
lib/ai/angel-evidence-context.ts	25881	b993963e6e52fe1d8bb4c359c13daee439967d3c202f5b9f4f1f2edc587a4678
lib/ai/angel-route-policy.ts	25465	68c654fc357cc36dbcb0fd0ba62dc1d92f0ae498b2159cc8916e1aae8d81168b
lib/ai/angel-structured-response.ts	7089	f524a9288c15a715592dabc7c56f803cc6a2dc731bd5819bc6734a3bfa30ce11
lib/ai/audit-output-perfection.ts	7889	b3dea5c2c61855fe400509fe13c0f88ca13011121d86ad12d98b748778eadfc9
lib/ai/audit-output-quality.ts	8424	5ac3109a946ded55add893877eea5a0b631b528447789e6caf98bc292c4d605d
lib/ai/audit-output-regression.ts	15911	5277d398754810b10b816491563a2ab94edb4dcde7b2be2d8125a28b297bd533
lib/ai/claim-proof-firewall.ts	13575	c438e5acba39836b7fb30d10846fe501e72376aa6220b9525a07d2b1458af90c
lib/ai/customer-release-gate.ts	10668	f8292fe877134b61981d5a16f24d714202ae59d3949cd40cd3e15ab5fcdc3954
lib/ai/evidence-normalization.ts	9421	8ca71dee9d05ad795ec56c3155cd7b4cc2bfe7f42faaeb70d04fb7a348bf5665
lib/ai/gemini.ts	2503	a9a2d43ea1a902345d4c89838fc8142348fa8a7d0d8d56f2f07c125b486ab85f
lib/ai/live-output-audit-harness.ts	13836	6be354b2d5130711a763ad138509b7df1076e385e8755825c14d8054ef1f8028
lib/ai/live-output-quality-ledger.ts	15824	2d1ddf54f884c3364f8d88b843aaea83a3d95fc7dc3dbed9051731548a9297cb
lib/ai/paid-tier-policy.ts	1824	363e79b3351676b7e7de08a016bb55af9c1f8b1ccf9cb606872d0188b24e39e2
lib/ai/pass2279-audit-output-quality.ts	124	0edcea1e20d6bee9df7781cb2c44d4eb4ebfed2e9e452b735363d0a22b0af3e8
lib/ai/pass2280-audit-output-perfection.ts	127	486aaad351d46f00bd781b2e608656dde4f448e9ce0c291193ba8871fc4eecd6
lib/ai/pass2281-worldclass-output-contract.ts	130	d11fbbb6ee70fd79fa15bb624f83ceb027f09ddac619ce9755d45fbe82af4c23
lib/ai/pass2282-live-output-audit-harness.ts	129	e3b7ebf987d5f83af09fe0bc123fe81b3cc3fb6adeaed43fbdcebc3e4326c5d0
lib/ai/pass2283-worldclass-output-payment-qa.ts	132	9c83da8706515788377b089a4f7f680c753c7bb7549bc38d9f85dcaeb35693d1
lib/ai/pass2284-live-output-quality-ledger.ts	130	98430a1c0b344c6893d1908ae4dc5752c8966c840d99453b828df445cc725423
lib/ai/pass2285-premium-output-gate.ts	123	f9959ec91bd9322cb7cd88e037b5d11f94b120fdc87b2ce2da3b6e2f8b5ed7ca
lib/ai/pass2286-worldclass-live-output-payment-qa.ts	137	aecbc807af5a322434fdba9217faa585718d658d648b6f4590903ac85b87db21
lib/ai/pass2287-runtime-output-firewall.ts	127	b948a72175c37bc6782e2b713d9e1732335bb9fbd180904ee2994ae3fe6eaa64
lib/ai/pass2288-claim-proof-firewall.ts	124	0a7d546c794346081dedd87e68c77f317a0c14d24e7f1317c566d4da46f40823
lib/ai/pass2289-customer-release-gate.ts	125	45d7ffb6abe0ed76f6d410ada5f4cafca0e6fa8372a4cf66f74cce2c85adcc2a
lib/ai/pass2290-release-trace-ledger.ts	124	c159cc36ec739ddf24f6a3403ec2946abfed0f56dc68e6660d75f75307091d2d
lib/ai/pass2291-production-replay-gate.ts	126	2ec9d5be2eecf5ab32afe91800f36e9d42b0dee6f58aaabc4ee68d81cf061d54
lib/ai/premium-output-gate.ts	14192	a7afff122eea044d8b2e1e040b344f61a80ab1076ba9dead937f3347f9a406c0
lib/ai/production-replay-gate.ts	12869	dda2dfc815b5323b99ba87def91e50e223326d9cd71a518dbfcb0dbe8e7a74ea
lib/ai/release-trace-ledger.ts	15072	a349ec50772812c872f9575a3ee1053120d75ff08b1c5b0f2de0fbcbb1999910
lib/ai/runtime-output-firewall.ts	18933	1d8ce76d1bce31695355cd807bdc768a22ec43dbbbf34d9447f76220199c5a93
lib/ai/vlm-advice-boundary.ts	21293	8ec990c1e9ab847f08460089e41ddf461465ba7a6d50cf277deeaea2f56651c0
lib/ai/vlm-analysis-receipt.ts	11955	b1a7f6412b5e52f2e57c89b632b1e3ac560d8c5152e2bd2c891a56b8fbd26c1f
lib/ai/vlm-audit-finding-schema.ts	14086	2fb88ccb72de233197245114120785446cb01fdb8e0c9f2a4d088c2b4da41fac
lib/ai/vlm-behavioral-trace.ts	421	982c90edcf8b76de3e794bd5e7a7010e8bb0a0d5fae39502d89f1bfdc12325e0
lib/ai/vlm-brain-audit-adapter.ts	9040	17a55676df0ef0b0e34a5aabc841f385bdb59a12727ee2b1d1dd037d76dadd25
lib/ai/vlm-brain-calibration.ts	6277	4d2976c7891eff370cfb50bd905117414c1a014d2c2e2fc03441b57e1d21403b
lib/ai/vlm-brain-kernel.ts	47192	bb5cd761f088e1920a8525ad9501afd900f834fad889b49d453743a10c1c5073
lib/ai/vlm-brain-lens-adapter.ts	22071	d81e3e2bef73b3f0b487569e88b4580088126f1868f2243a171936e817df0e2b
lib/ai/vlm-brain-market-surface.ts	20842	d068e7c5b4e8fc1c4758e3ed1f0e8099ea546b108630ec5509249bef0f50c957
lib/ai/vlm-brain-product-adapter.ts	8965	52c31eb26dfc6d2305ed0bf12bbcc1d5aaf5569253ee97eec3ee308567e1b2de
lib/ai/vlm-brain-provider-telemetry.ts	9550	18de9ac7e221b8072ba143282b7526b20752daddc6ac277da83608c34d7d0dc8
lib/ai/vlm-brain-risk-adapter.ts	16194	be1a39ba6091c48cc9499efe55e460042b462588f5c623e4d0cdf8aaa20ec8f7
lib/ai/vlm-brain.ts	71390	88fbf5563132938dfcb74d76c1690fd19ee81928e77e46a4a159b1b0c13ae4e3
lib/ai/vlm-claim-firewall.ts	16478	c7676c74289fb3a2014f23104b6cd4cb4b4a0f25dbecb4c759e79ef52c3b17f7
lib/ai/vlm-contract.ts	13788	e6befd22b30d52b1d87bd558818ed765f087eb21beb640516825653bdd1461ac
lib/ai/vlm-cost-governor.ts	2547	6b0b910608ce8aed6ac6712085f412da6c1c6a232a9fed5f1c38c79a9e48d60c
lib/ai/vlm-entitlement-output-firewall.ts	13778	4ba3f0bbc3567a485b55e5ccfa674e95e3db590b78b0421fa3dbd5d8ec8145fb
lib/ai/vlm-epistemic-governor.ts	3039	2b0d1875e5ed7ed4e6ecd84910d17852f39825f2c1e2c114b05953614e41125e
lib/ai/vlm-evidence-capsule.ts	11864	fa088488908b1e9e136d52094f5b47ce9a6be3e8352314ee482c44a91f89207b
lib/ai/vlm-evidence-quorum.ts	7199	5d4b3afcb42a5bee6884f46130bc2726ad9f82c1ef1c9560f4e0db3c1883dbbe
lib/ai/vlm-fact-packet.ts	20658	05765b71871f89d24a2c3f7e64f67a345dde5da638714da4f718b40da957f276
lib/ai/vlm-memory.ts	4454	7dd3a29413195208cfda8e5c677f502387a90ca7bb22455f81946af4e3972ba5
lib/ai/vlm-narrative-drift.ts	15749	ca48847dbab35e2b13b116ebf8591f64a5f1650dc62b684d494194dd8a155570
lib/ai/vlm-provider-fallback-policy.ts	1855	ca535001abc24993adf761849e105f29085a80dbb8598747fc03ce8bf9d64960
lib/ai/vlm-provider-registry.ts	41936	2598c1259beb651d69060ae5b362474617fae8359cd74e2dea2c77192ef6ac6a
lib/ai/vlm-public-evidence-packet.ts	2712	0a5fd03ddf722018d6f17805ada01ac7681335b0fb3bf4541e4da8c79334f6a4
lib/ai/vlm-receipt-replay.ts	1072	1604831c8d07ea1d5e1fc18fc8280ea394a21544f4ffc40b8fb855491c763c62
lib/ai/vlm-route-preflight.ts	5445	cc1646d9eebaa39023f88d828aeabce95bcd4e92ac762c254a7203126668f2ab
lib/ai/vlm-route-request-boundary.ts	3121	9a06de3fe0f93aa1990545f73c87437ccdd422875efc360a5fa58f87bcefd2fd
lib/ai/vlm-security-events.ts	2542	f9ac4a81b8604302fb9561bb766cd4886421b1b57fb17edd9fa3c3c6db5c42fe
lib/ai/vlm-security.ts	20750	5c3507e4d36f21a3ec3ede1f1766e0b391407ad431d6866379eaaafaff0bb006
lib/ai/vlm-shadow-contract.ts	2553	3b2704161d1dd8832d22b3e796a1d2375157fc85e608feb032415ade7c5fccf9
lib/ai/vlm-shadow-governor.ts	6402	9bff9547eba6b04bb16df3f73f2efbe26907e75decc2271cd51ee0363362156c
lib/ai/vlm-source-arbitration.ts	5861	cf222ff7753f7920b74d05d25395ef414bccfb66728c94208d27da1da6873db3
lib/ai/vlm-source-integrity.ts	10384	780c6e6ec8f70a213515acf27103add928cd107e8d14b859e3fc9ad2f55d216f
lib/ai/vlm-source-verdict-governor.ts	13960	97332d79e265e853bc31e3da553ea24f511a4c247c8f3d9ea7f0381bbeef0d01
lib/ai/vlm-temporal-consistency.ts	8863	09814ec4bcc86e030bcb01674df479f17409df1bab70a833145adaaf4e5bf3e8
lib/ai/vlm-tier-differentiation.ts	14522	a181d54028038e115ede99ccec0792340e103638fd24ef0bd294ab16159d9a36
lib/ai/vlm-tools.ts	4077	d1228929d60d19c5eb45ad647b59f2d081af6b4f5dc5dbd32b4a16122cd8dde5
lib/ai/vlm-user-prompt-boundary.ts	2191	e8637df7deafa6adfe9ff01cb659a83163490944be080f42d5ede3e8bc222a43
lib/ai/worldclass-live-output-payment-qa.ts	14396	a0a93dcb62f84d4e1be8aa4434a5235a5079c844390fd30bb813d0bbd2389ce3
lib/ai/worldclass-output-contract.ts	11547	2c698d29fe4ec6b35e1528bf4d695afc3a0003e4b589bf271486b0f83ac58ceb
lib/ai/worldclass-output-payment-qa.ts	14344	d02eecc238fda9f99ca28e978003af2d83dceff58f8c7a91cc15aefce0bf5976
lib/analytics.ts	815	369f298383c4fd96e9752d0e52712fe97c9d7809624eb390adae6a22a600235f
lib/api/request-guards.ts	2159	d5ac7373ae18391d11a5bebd301cb5b37c42fa32ff9d3fde44257f1028e2bc07
lib/audio/useUiSounds.ts	2646	b8fec4496cc4ade048b24efefc3e02905c6e1a5033b0b34dbed0fc00b2556baa
lib/auth/account-session.ts	15126	d868eb37ed14c0bddb14e5f72c3247b5da7cfe5be4e2b520ad1d91f5566acc09
lib/auth/auth-security-alert-worker.ts	2648	e742da4cf5a007073ce9fbd1f21658f934b084b42acec57e1ef57c98e01d904c
lib/auth/auth-security-observability.ts	3564	ec870f373561ed006060ba241c110ee0d5ecb90b8c86ef61f00d899f2841d8cb
lib/auth/auth-session-family.ts	14197	2a49489e6192108227795e14be033dadbc10066bd0f721ca753f0b20783e3280
lib/auth/client-auth-state.ts	2250	d41f9c5de18363980c858180e1dbc75a6f2331a3af2a6ca9dff224b43f2e0714
lib/auth/customer-auth-fetch.ts	2498	2e21158a19089ae1060231ed0c94de270d9d01e0ebd94e14ca9f1a68c4cc7ca9
lib/auth/pass2363-account-session.ts	113	5192db1e5973b305649961f78893b862ed9f0cecfe3af815595974b25e4bde12
lib/auth/password-recovery-grant.ts	8332	76b33c6dc7f24d30960ce72d1f4478b4192c2dca315c7e876ddfa68af5051cf2
lib/auth/supabase-auth-cookies.ts	1637	d46616c3b16d11ccbcde10d6dc998e3f70890477fc50fc06eb28f6d8b1041b12
lib/auth/supabase-auth-flow-state.ts	5388	b1b77fedfd4c3fcef9eecd44d62171e9c45744c58844e8afb03c71b1fc251b41
lib/auth/supabase-auth-flow.ts	12985	da996536dc87fad692895ee0ba0c02bab4c0e92a46cecdd8c41ff7884fde55fc
lib/auth/supabase-auth-session.ts	13742	6a2c1a7dfc40db5bf8ccf4f0a06414abd39f26815906440d851a5e517b4ffb0a
lib/browser/webgl-capability.ts	709	4f7decb7b8a439f4317c6f86bbe050dd8ee140df95ec11d7ceed0b35bb1f6c6c
lib/build/build-profile.mjs	6788	c35d32eee66b7a4b3b52ee50261b524b4a43eaec4d421133a2e71fb13a3055ed
lib/build/build-watchdog-policy.mjs	3452	35adee47a98f91649f8cb3d9823a4ba31126bb8c5391c30a939458fe27b70f94
lib/build/complete-json-stdout.mjs	318	6e2a0fcbaf05c18e2cca43e53f65a02783fe47bcd907123bd7ce520498cee35f
lib/build/dev-runtime-cache-recovery.mjs	9238	4a0f009b3f17c564ec46449da89a28666d8b15e7cbc9c073a16a918ad8aa6c2c
lib/build/linux-process-tree.mjs	2709	8a04d5c8197b29fd121b7e76bc24788658ac4b284420b58bc32b52a7b160a6c2
lib/build/next-env-build-contract.mjs	2003	7db01409039dd12c063b9c56803e795bb9f88e10d4d230797e1622735c9c8a71
lib/build/production-smoke-output-preflight.mjs	3084	d69243e34cdb5b2f3176c8b5a42e462874012a1151b429a28ed7d40b3cdb433c
lib/build/release-transaction-lock.mjs	4968	58fd2811fb51c2e706de4efc92250d5829878ec517a40fc6a69f06758c1f8e9b
lib/build/sanitized-build-environment.mjs	2238	2d53f969074968a1664adf34225545d26e186749481869be21d3a8f2fa09da4d
lib/build/segmented-build-compat.mjs	1762	1293321d68203cf298577d620a114b764aa51ba7f3abb183ae4499bbf406d89c
lib/build/segmented-build-integrity.mjs	37082	27fc4bb9b5c2bf9ccee9e9900cbe91310b6d7f033702033d5a2ccd9466782734
lib/build/standalone-runtime-closure.mjs	7485	5e45f7c17731db330872fe722fe9c603d51935c82c6aed4ac0df7c8eb8afb213
lib/checkout/config.ts	1866	a490bd6f0b087f595b2db20ceec409f13e01f23b9513bbd6b96846346b003aec
lib/checkout/live-checkout-safety.ts	1638	fa28b3c9a053bffc1d96ba0a78ee3ad9bb0a0aafbdc1f0c0f19f7c7f6f0d30c9
lib/checkout/readiness.ts	4321	23e1d434ecccb05b998372500c42844a1e067fa9e036ccd5b59acc70774771d6
lib/checkout/runtime-payment-authority.ts	3586	a13059c6be5ebeca0b773379eee56cf9f8bfd9a46a97d5293990611f4f1970f5
lib/checkout/stripe-blik-readiness.ts	8016	ba7dd798f1c530a3d401c6544764a89acd458ad4450adadee5dc1116c76d3bea
lib/commerce/advanced-paid-smoke.ts	3649	09b742c25189e45714d546a1abecaa6d969881bbcfd069c5ba03dc9f52aa15bb
lib/commerce/checkout-browser-privacy.ts	802	2a1d8614fa6ceae4104c281785236c737049140189910e3717655b4c2b4dd928
lib/commerce/current-release-sale-truth.ts	951	9f9ffb6337f74b285035b7d7b34ba4c4641da5135033c2635a88bcef542c618e
lib/commerce/paid-access-boundary.ts	1912	d14519f66e3d63d7f800b1fb6074ff6e41435c461d534e920a14b59158055345
lib/commerce/pass2024-vlm-paid-access-client.ts	126	748ea09d844c73f4fccc5a64e2b7ec81c6aadd2420e825f8fdea8e55b1783fca
lib/commerce/pass2024-vlm-paid-access-server.ts	126	37f360d2411f91bb7a1a3ee309bc7d5ae42e834aa6b240e1b7c4ebc9e5dccd83
lib/commerce/pass2024-vlm-paid-access.ts	119	ff787d06986d6cb19515cc15574da28a48fb5fd9f3548a44cc9ae659f02268df
lib/commerce/pass2025-vlm-entitlement-ledger.ts	126	51b653ec1b04afc31fa6c7b62cd946db2a2e70bdc1107d2a9b2a35270adcab07
lib/commerce/pass35-paid-ui-stop-sell.ts	7835	2b2e6d811e2bf7acab6ac99e85aae63c42dc47578b889393c6ca689a5beb097a
lib/commerce/pass35-product-cell-readiness.ts	16600	8f0bd277d3b5c71a59ba7fb29b191756d4a0ff8b2a662b13e9a66f44cd1baae9
lib/commerce/stripe-advanced-entitlement-proof.ts	5070	2d965952ec6708cc04eded82c36765bc1ebc5b4f33082ca774f548141881a506
lib/commerce/vlm-advanced-only-access-policy.ts	8949	4d924d1b77760cc8395199ac9a1473deeb5fd4c242b3290c318046ce5da1565b
lib/commerce/vlm-checkout-verification-binding.ts	9173	494b35d3bf3ba269e6d44ebde4a21daf3b02872c8c4e7fcec07ae949aa3b499c
lib/commerce/vlm-commercial-readiness.ts	17036	5958a8167b6faa86a653dec04a30d6f010f2a34dff098f9c44407289d45f59aa
lib/commerce/vlm-current-commercial-evidence.ts	6640	3518ac361555597a4bd6781e22e20a22d697ff98fbf0d0a9dd9e34db3321a027
lib/commerce/vlm-current-evidence-availability-matrix.ts	11037	a001775a610b0ea70b258c0e4e47178cf70fe3d335b3d490af3d7fc750f9d115
lib/commerce/vlm-current-sku-truth.ts	11197	ef9fe483f2b68bfc5e0b23a2a0e3d13be2f2100e4dc2c5fe14fcafbdc285159a
lib/commerce/vlm-entitlement-ledger.ts	36892	0ec9315d19cb0106a929a8a9e491364444577b43dc751600d9c61e885fb344ed
lib/commerce/vlm-entitlement-lifecycle.ts	7152	aa8951394fc1e7a66998ec3cbf07ff40452a8b7701f6ad99cd65346f880bd37a
lib/commerce/vlm-evidence-availability.ts	27399	91d4ff2713ee9eaf2de66d4ba262b47bc666e2b786d5f02ab922819a1b4dbf91
lib/commerce/vlm-field-level-readiness.ts	30445	3e10fadcc8edbf783c19f7628f0882c3fa040ce8de23fcbc0d73739a37882d16
lib/commerce/vlm-paid-access-client.ts	13866	6b2c7a69ca2f35cb1414a1b3ff1b04698317fc2d87a5d4cecb7a85b1d605fa3c
lib/commerce/vlm-paid-access-server.ts	5733	d308177d10c303c2cca377046134be0db67a069f92c4f8fe5c791932e30d90c6
lib/commerce/vlm-paid-access.ts	8395	b3be09f83680c66dafc5c165a449760c117643a38523e7528d1238a95d5c74b2
lib/commerce/vlm-paid-checkout-containment.ts	287	e68a93be4625a9d790993a61beb6aefc661e2dcb6df2ca0139aaaa6074cad10a
lib/commerce/vlm-paid-surface-guard.ts	5783	9b638fec638709664e4f02f7ea1c4b775e1eb74da7e8e8154b1eb30694ae9ca2
lib/commerce/vlm-r44p22-commercial-evidence.ts	3695	14fffc2d468276c6a6f0a85acb0447a5d8e9ae36a3b7d4680b8c20ba48117956
lib/commerce/vlm-tier-presentation-policy.ts	4663	7d15c03ca6b993104ebb630255cede4d8b6c98c79d54f7189dc9d716546d2254
lib/compliance/provider-delivery-rights-gate.d.ts	561	c068f74efb46f02fbe8d77c146824a9523bd0f90a6f4ffc64b4097c8a7f9dc5f
lib/compliance/provider-delivery-rights-gate.mjs	5319	6b25979b58886cc27ad2a8614e363deeb2a7fb2b04e7cbbf5f92372ba7f3f67a
lib/compliance/provider-rights-evidence-validator.mjs	5370	6837e23b9da88b42ef293a3f21646a6c0996c2eeae2d23cb46d82272d04943f5
lib/compliance/provider-rights-resolver.d.ts	626	6dd1a11226b7c58d9cdbbc5ed1654ef7420aa3c19abfd1103aaef95cbdbb9928
lib/compliance/provider-rights-resolver.mjs	3432	72a5aa87b263c024f28ebb7bad565db62301c62936ec9061fb52e3d66f2a4a01
lib/db/bounded-supabase-rpc.ts	7570	9f74b7b646e49d53c73b6da402d5a0466a6029ed2aa0999b36511dd14bb2df27
lib/db/customer-owned-write-boundary.ts	5891	d2f12a82ff7bcd37c5c5fc57a8ee7f2b2ba9c3263d42c127e53823c6cea5950e
lib/db/demo-square.ts	1556	abf0a21411b597b6371d3657cfa4398195b13ff16c560822c38b1e75106ad882
lib/db/order-service.ts	13052	b222ab44d24bdc17f6d4103c916c00ae7f1faa5880b5dc64a666723a8ebdfe1e
lib/db/profile-service.ts	3396	267b31fa3d72b743d23c3b126a6d3851b962d50cd18cf1c741109032b3a5f976
lib/db/schema.sql	170126	366a8b8f900e3896214048cf4b3ab960c4a3a97f16dd36f780b93f41db977b91
lib/db/square-service.ts	7075	117857edb4a68d6bd95edf22aec4b2cc070b885697fa3f8eeaf36fd7d8a05244
lib/db/supabase-config.ts	1195	ff1912de934e7135cf7c3b72a67c1b88bd41e291d14051b29bb73c3e833c8a17
lib/db/supabase-query-capability-registry.ts	8604	f108c76642288983c51478cff6649224280895386a45697fae13d482635f6948
lib/db/supabase-rpc-operation-registry.ts	19319	64e0af00cca05960041d81e2c6a3b8948472ef7e725bce4557d9a957551704aa
lib/db/supabase-rpc-runtime-governor.ts	7011	12f9442527fbec147d8c8b44310cbe8ea8b60179f8bdf70bb92c56761419c276
lib/db/supabase-service-rest.ts	3322	2adeab095c04d52a4e0253aaa600feeeeae441491ea768a8f386988d6aa86de1
lib/db/supabase.ts	4669	90d6e10f11b134b9a90dc40e8eeca69cc4e3e455246971ccd94a74c71185e1bd
lib/hooks/useMounted.ts	341	ac58a9baa2d8721d7604a91832824f91f95b42cc22fd4781c48bdb5d7648df51
lib/hooks/useProfile.ts	1699	7f12f0186e1f501ff0a257c0c54a0fff25c1d3268d92b8344b7f3f7add5563f9
lib/hooks/useSquarePosts.ts	1835	f0ed279d67587dce07a69db234f19555671d1a8b2e1d3f84bafe6a3d1b7da41d
lib/importers/common.ts	5141	afd7cf98c0b71a1abfd6626b4c50ed27f9be819df16c5edae9b487d374312789
lib/importers/csv-importer.ts	4315	ac1a55dfb49659a1ea45eaad48a9fe9ecfc55f2787f8eed72e66e9e202f6028b
lib/importers/printful-importer.ts	2735	ad60f594fa7b26b093cacd4101b2f6fa0f58bf13dea99f57845b24f48e524a71
lib/importers/url-importer.ts	5246	7adaf107614fd017d61504fa95e07c7a2c85126a6dd312f4a926c3b0cf82203e
lib/intelligence/angel-evidence-content.ts	18486	1fcce2067960b3c91e9487afab40a48d1878a16e04d966b7f5666330284b27d6
lib/intelligence/intelligence-content.ts	35278	78887d808993e7572edece8f3d7b122e24b482d09ccecb12df5e60451a259bbf
lib/intelligence/intelligence-depth-content.ts	18675	22f0c882b3e970bc8049ae642f175274891ad306042a1e18b1b140bf435b1594
lib/intelligence/intelligence-flagship-content.ts	33045	d3c4f77df4c5efa1e2593131dd1516a35a234989d95f8c0641145ec6edf4edfc
lib/intelligence/intelligence-tier-matrix.ts	6549	87616cd21733963fa0f08412b50385f9fffb1e774b240e4ed3a1d38d90d331ef
lib/intelligence/public-intelligence-metrics.ts	2266	3fbccbeb4e9509916aabed2a44fa5b76bf1f8bd9cb0e71bc7af205c7beb13787
lib/intelligence/vlm-standalone-decision-support.ts	16491	f7bae68dd3f253370d8ea1f4700be3f70259dd6618a02654a49ec4f41b2b778e
lib/jobs/durable-computation-alert-delivery.ts	10761	1b8c8c7fee6ecb2a95ddf7862df883d5156e7699486d446624ad7d5e70af96d5
lib/jobs/durable-computation-alert-reconciliation.ts	2617	09d34c0d63ee0e37f39e9d5341e3479b361df2f5139c0c4f5ef3234fcfc8fb20
lib/jobs/durable-computation-canonical.ts	1983	26a83be38b95016788287c44c2b8ea3c006daf381ee51577390a557f0942c412
lib/jobs/durable-computation-cycle.ts	6863	b028579b8e72c876f21b34333ae2c3115a8cb7b003029feb96559d34a5276625
lib/jobs/durable-computation-deployment.ts	7577	fb78243718c15e156f21790292c8b9ac0fe03b57d911eb0afcbd048eb8df82b3
lib/jobs/durable-computation-executor-registry.ts	3484	322a58bfe5da4d8400be665119aed390d79d19034ec180e49a660ad789d8a346
lib/jobs/durable-computation-operations.ts	18487	a8bf3798b6a8e022fdc2bb3d52c76917d30686af0444ecce343482d3174c73a3
lib/jobs/durable-computation-payload.ts	5863	d9a616f202cae658c647383edfd475811bf2fffc7cea0507d9d277fc094e72d3
lib/jobs/durable-computation-promotion.ts	44406	da6cf46385c086506bded2d287cde2a2611973e82164d9ae45bc2f13045f5d6a
lib/jobs/durable-computation-replay.ts	17266	7b4a96c90541ddf82bdaeec58bf2bdf25781fc70bf5fad297633db44f11427cc
lib/jobs/durable-computation-staging.ts	5925	ed765ea17315093425c6b57ea9e0f331be1e7913b951128badab74904221adcc
lib/jobs/durable-computation-worker.ts	18402	912ab13c94d523b9d249d7df7deacfc9f4aec2efbbcc8101a0ff513a6cfb27c1
lib/launch/admin-audit-persistence.ts	5121	2b35cf45602b615c35a4050a6a0d1ea95f9500448c5b8b1bac85cfc68724391f
lib/launch/admin-audit-write-contract.ts	12041	0b1e71e69460e20089eb723dcba0e68b362900751367e85a2b8b71796334d663
lib/launch/admin-auth-session-guard.ts	6186	8b542931028a8d993f09b16e8dfee7060b49efc1683034a264c94037dc82c6ed
lib/launch/admin-environment-gate.ts	2335	4ebe56c8e03007b70099d10c3cd36487ad5993b091702eed86ae1a7c775a8c36
lib/launch/admin-idempotency-store.ts	4620	25d7bba1e92eb65656ca9da9202263564e7de813f07b372b8de6283ee04b32a7
lib/launch/admin-mutation-audit.ts	5908	f72d970cadf9b524610cf5eaff259b17d288743e31a863c95ac2299cf86db931
lib/launch/admin-route-gate.ts	4927	ac9c394a68fc3130f509d58d21088e4e762ba207b562dfb5b8aac3693d1ec582
lib/launch/admin-server-auth-contract.ts	3624	acd9390b50fd96eb99ab1bbc8d716797ad6b2d0d9c50563c16d5c4ee6db12327
lib/launch/customer-safe-export-boundary.ts	4525	4e3afcfa0e4186405f4661b07fa988d1ebaf96126c7faa7c76875d8c37842f81
lib/launch/launch-readiness-summary.ts	1526	b94388565c5e8983ebe3a0719eb33a53917da4fe522d0b250fa3c8681578a6e0
lib/launch/ops-telemetry.ts	2643	8880d50deff0f1f11abbb07af7222f8c05bd3868262b2b2033a9b884024ba0b9
lib/launch/order-event-ledger.ts	4288	c7cce565baede322f58bae8d5c4971a90fbfafed3db0c232a0e27078c6a92591
lib/launch/payment-order-readiness.ts	4528	716559cb4232d5253f1badde1af1b8e1e5f1d00b154609daf274e36fe540e921
lib/launch/production-data-backbone.ts	6015	c3a73e054f218051eaeeae79dd42fb07c952a3961fb9b2821c0d07f808fd8882
lib/launch/provider-truth-ledger.ts	6803	9ff011487857e782a493446ca5e3c2ad5d0fdbe779a021c947392596931e03fc
lib/launch/publish-permission-gate.ts	3597	d624d6aa7e3da1c74b72f5d55bfb7f68da20ebd1e95445a4a8783a52c7b2c15a
lib/launch/publish-rollback-context.ts	4682	119dfb90547e303179d2947fdcc6c6118510021481798ac459bc5d338b082001
lib/launch/redacted-logger.ts	3067	f133f4018a4b7185297bc3ee07dc4d162234a1491be90f9a5abb92b9dbb455fc
lib/launch/secret-redaction-policy.ts	3086	42342dc891cbf4e6709ec186e7b72edde4a8618cedffaf94aa3a906e31a1ec7d
lib/launch/server-storage-adapter.ts	5700	5c0c3c1524adf43085a1fd039ea21e6ced9fc71dd85829cb960a519dbb83272c
lib/launch/square-vlm-launch-control.ts	3713	ccece6f1042b78d2cb7f64bde8a72de462361b199961f67d1cb2a0032522f028
lib/launch/support-safe-timeline.ts	4485	783c54c2ae6c514bfde49ce6af3570173a1f824387865b405f37c953d89e15b4
lib/legal/contact-legal-intake.ts	965	e92edfdd458260244c4ca89e7ed95772dc4953f8b2e4dcad3ee8d339cc0de0cf
lib/legal/merchant-legal-registry.ts	1840	c0fb63b7e7f9042feacf4445da7011fb71d15af8ba2756848ff25819d226da3e
lib/market-integrity/1413-mega-terminal-polish.ts	9321	3f91188af4a6c7420c28928ed87dff41c190d6b388756b589dfab87f397ff597
lib/market-integrity/a4-decision-cockpit.ts	4039	6b62650bbaec353ab27da9484e06325d71db30e5e553e277f2d1bbb4a129327b
lib/market-integrity/a4-reader-health.ts	1352	588b3bd44b022312814c65fa0111a2d84f093813d5ef44397e68b7d9a9d32c66
lib/market-integrity/a4-reader-navigation.ts	671	223874a3b3c0f3de50397c30d1db3ef3e36d3db06873d9e9481daa62370db345
lib/market-integrity/account-vault-timeline-export-capsule-rebalance.ts	20945	c956aff886593d71dc5d718a9c459b24c765c7f371685d97a69a218ec65b1816
lib/market-integrity/action-report-envelope-core.ts	874	299b5278ff27e3da7d38b932c4ceff3d3b7d7b3f931f2563ba5cdbef82572ead
lib/market-integrity/action-result-receipt-replay-rebalance.ts	16334	54d0472e577e52997d22ca91c842079613ce11f79a80dccea5e72bc1294dc27f
lib/market-integrity/adaptive-evidence-planner-runtime.ts	12732	27cf493ab1775fa7461992e7c4e2bfad6dbadee37cfa199669ce1ce0e5c45f06
lib/market-integrity/advanced-cta-entitlement-contract.ts	10784	a1ca2cff3eb94fda8f61b294666f516eae0aeed49c4d05a1ad327050d39f019d
lib/market-integrity/advanced-value-audit.ts	24563	2b24cb0efa18a6a08d6f932b4018300e53332fc38cf84f05b230c1e23ffde481
lib/market-integrity/ai-human-copy-engine.ts	6393	da3981404eda3f0c0c77aa954f43468295883c1ae211a7e063a543c4cd12f9bb
lib/market-integrity/ai-mobile-admin-receipt-rebalance.ts	22532	f8d197675ce08b1ebd6f914969afdfe5e183efb64404b9ec4117557291552947
lib/market-integrity/ai-orchestrator.ts	7708	9dfb87cbb022d6555eedffe91ce1d050be5ab1ffbc534e3ca40c6d8ed0a99f89
lib/market-integrity/ai-risk-bot.ts	40732	44748860af12e71d060523ba2bcb57d3876b203a79729a1442c8f22c50cd9ad8
lib/market-integrity/alert-ledger.ts	9285	847214351a21e60b549dd7a7761c019cd26da0d557b7f5f5443314888c9b31e7
lib/market-integrity/alpha-vantage-provider.ts	41876	1e83c5a185a677e3ca0d559039f3074c6b2c1366f711f2da5c2b824be6c0eebe
lib/market-integrity/analysis-depth-manifest.ts	4929	cbeae5c1ad204a730734d48642a338246ccae0e2c56462173121e6543899a314
lib/market-integrity/analysis-readiness.ts	27992	178d0e0def1b72d746c2fe97ced33c26d992332290bbe589288bd498de6a94af
lib/market-integrity/angel-provider-gateway.ts	17260	b78964f74f163a7a1f95943b779b508d004e326bd9d87bbccf6b3e659f9f9afe
lib/market-integrity/api-guardrails.ts	3024	21d0610002662c5e935d31f42f9eead8d772fa8f285df484f374401381e7c678
lib/market-integrity/architecture-dark-matter-guard.ts	7860	721932a501af684f5665156930c642cbddb05da8b28ac71d0c7038a5bebcade7
lib/market-integrity/asset-detail-analysis-copy.ts	9847	e2ce12d7c0e984aad721ac9f3fb98eb2716a1f8db8a50f30993586427fe5ad3d
lib/market-integrity/asset-detail-client-helpers.ts	7221	b785a1d56876f2939dd433dcb16d97dac047cfc63fa03500e6ae1c58bea6e91d
lib/market-integrity/asset-identity-registry.ts	10878	5b759ffbd23656d7873890fef941fcf00412ea0ac75077795b84580360e13f6f
lib/market-integrity/asset-logo-resolver.ts	23386	7fe7cdc2c5ebf9fafdb9bf0110ac14d703191a6b05cb66e233cdb1064e1c0133
lib/market-integrity/atomic-claim-decomposition.ts	4365	d699eeaf0c54289bdd553a8c3042a5d96a54ad4a1fdb0f96d60ac50b80f8683d
lib/market-integrity/attack-playbook.ts	8650	74123920370b3630d8f2154ec1780d1d014073af950463190b0460f6363d4469
lib/market-integrity/bidirectional-source-footnotes.ts	3259	268e2d4aa27b46027578a50c19fd5f887baf7a331534282c6b7ab03822bb0ab1
lib/market-integrity/binance-klines.ts	5332	bb3be5381ced80b1e02b4f26c4a8e5249fda9ae57cdf1e7c052f67e2a20568cb
lib/market-integrity/binance-market-fallback.ts	16436	a2b1079f3324676d6451707d3552893a508b33d83d8c341395c288b0f1d90e1c
lib/market-integrity/binance-orderbook.ts	5230	75ea29c87709cde80610a0c6a0809ec59f6e4e27eb6acbf27b0da6a5ef155083
lib/market-integrity/brain-answer-verifier-runtime.ts	15651	c545aa8a054aef71bf479821bcc46c6010e45c0a96a93d24315f86e139885899
lib/market-integrity/brain-bugfix-integrity-runtime.ts	11310	eaa48f73f2283813eab09178e9d109a6176d4023d2b115848b47e97290f807ea
lib/market-integrity/brain-correction-contract.ts	1799	2f4f133ea475b5bc133e84e5bc7a5fc2c1f498bce66cb788d2d32b51d50ff797
lib/market-integrity/brain-critic-loop-runtime.ts	17442	e2ee00c91ab4407d79bed5724846801f7f509cde447bfe99f8bc4377d295e673
lib/market-integrity/brain-error-correction-core.ts	5671	332190cce4fe856e8de3fb8fcf518545dc251f62f6a00e00183ca4e9317aeb53
lib/market-integrity/brain-eval-harness-runtime.ts	14105	b38acbf1577fd405aaf6de4997db550b32a9bd1a79609e52ef01cfd326ae9b4d
lib/market-integrity/brain-memory-anti-overfit-core.ts	20309	afe853c7318d97da7c8626a675fada8fd37d869f8ddbd6bd3d81479ceeebc67e
lib/market-integrity/brain-narrative-coherence-runtime.ts	10799	96bb1627705f61d470721c0e5c417b813faaa1d3e41ec6b0211a812de65ec6c8
lib/market-integrity/brain-self-audit-consensus-runtime.ts	14842	9c690dd3060622d51a77ad570ea69383859239e9e898c0d0d322e3df07a54cda
lib/market-integrity/browser-runtime-qa.ts	5872	d1c7c8d38512d2308e96282cf7a62988773ae29fb8e26bd5e6fc4a99c5662536
lib/market-integrity/browser-shield-orbit-handoff.ts	3657	0f504336fc008da066d1c201299897ed56a3912ee55e1b2bb37935313f7d93fc
lib/market-integrity/canonical-evidence-packet.ts	12476	e809ba1e046a4080ca4fe21ac2b67ddedd2b2fa55c1d9ad229ac1eb85280586e
lib/market-integrity/canonical-pair-coverage.ts	8876	a2641cea653f9a4c3cffa20589ac0e50485d35f752cf75f7e494eb7821de9667
lib/market-integrity/canonical-risk-adapters.ts	5550	5d75dd138c520a925da772d4beef377d4d2cbd13068dcef9cef9939d1e46becb
lib/market-integrity/chart-modal-mobile-rebalance.ts	13872	9ac2750220d83aceed15d343981fbdc20dbe0a37b8fc2b6a0db28916f19f4fb7
lib/market-integrity/chart-overlay-reconciler.ts	16241	c78f11e7aef956c4b1f1abfcfb2d82d350f684e9a15bc80b9f0d3d6c69d8e15e
lib/market-integrity/chart-quality.ts	3468	e526280d228f605756928389d3ac0a195b310d4c5df5b64525dfba698af6fd8f
lib/market-integrity/chart-regime.ts	4628	ae2c2d1817fb7821705b760b0109f814097ae9027e57ef9dd7e1f64ef6ca5060
lib/market-integrity/chromium-visual-fixture-runner.ts	3850	61edbafbe68a2e06c637033fe9ee67a669d5d032992a28da99eac85ecbbfc6c0
lib/market-integrity/claim-expiry-renewal.ts	10399	d52be1e639a0fa6fb5b622f462ecc66f8504ae6e9f2799650622b1d5ec1fb0e1
lib/market-integrity/claim-source-completeness-gate.ts	8497	2c496de7321576fb76409e8c0fddccdfdf1eb1f72d32d3953e47df61796a41c4
lib/market-integrity/coingecko.ts	16093	7d53f4f8d0b44c6cb2f207928b3a40a73eef232d383f41777e249556560aa8e8
lib/market-integrity/commercial-delivery-state.ts	5983	8585f4a03744727bde7f338837dea600e60cc92808166d3bf2da8550dfbb07fa
lib/market-integrity/commercial-staging-proof.ts	12490	75a49d71f98df39ded27774a24b178cbe125bba4529b3479ec3670e22d8a6606
lib/market-integrity/confidence-calibration.ts	1695	681c152cd644f08c411116bc041ce310c536b46877de67440f079bd1de233189
lib/market-integrity/confidence-waterfall.ts	11086	31c8ed591e4d062dd0bf7c3dc05636b4e77bb032035fb7e96e095796810c62ab
lib/market-integrity/consumed-ledger-download-history-rebalance.ts	26875	7878e99ba23881d76a94fc68d3bce80cfe89e1ade0633bf5494bd8559fd58347
lib/market-integrity/continuous-evidence-availability.ts	35341	005f18d093c0b15498a8c3dd05993e243428f9e752eeef4b52c07705f4b1131d
lib/market-integrity/contract-lens-contract.ts	6806	a00c6805008ca2b60823f40acf688ca7c71f03477d76aaf47e1ddf87a4d0ac92
lib/market-integrity/cross-asset-brief-detail-helpers.ts	12123	e8989ad118ee8a073725b666c1121cf197bd1a604000c8498c91af5340d143c0
lib/market-integrity/cross-asset-build-pressure-helpers.ts	5852	4153cd14f13e0cea527d3bffefc54e2290968e749b3482decbc000e30b1e7330
lib/market-integrity/cross-asset-chart-parity.ts	2808	9a54ad355529d443165e015831067576f0ef8c11719c2b04ca6013774adf4c0f
lib/market-integrity/cross-asset-collapse-radar.ts	17856	a1380d502952bf6a99597b4cc99b9b2666629564f43d263eab1fbae8398a5bbc
lib/market-integrity/cross-asset-quote-format-helpers.ts	14623	cd2d78d57308ae9b1e3faaa6a9029b1b92950123a6a4b82d9b9595b6cf7d7619
lib/market-integrity/cross-asset-runtime-normalizers.ts	15129	a73e6462d507470cd92b59f9a75905fe4ca4536dee669bb0c69c0208c134d977
lib/market-integrity/cross-provider-window-reconciliation.ts	16930	69995f9e502e7de2c3b783ad87aab92d16137f279c5e8ec977e56f820fb49419
lib/market-integrity/cross-venue-consensus.ts	8180	2ce0b7c738b6874f8848386fbcf1dec7a13c8c18fae3117dab0912b8974b9418
lib/market-integrity/customer-export-recall-attestation-rebalance.ts	18862	5d4989b947b5676b09811a5a0419ac1ece6542f197bf3ec65183d49218d16342
lib/market-integrity/customer-export-redaction-replay-gate-rebalance.ts	17624	2e5c0392f4d78ce1697cf3121425c529d2d5027350379bdd8a40358be9492ac8
lib/market-integrity/customer-export-route-literals.ts	6275	c8f64332e739c77d1c0e3f4dc738c0633220b40d7b31c96c86aaceb9bf8fa9a4
lib/market-integrity/customer-export-snapshot-parity-rebalance.ts	18729	3de2e8ed16fa9b8c68f3a29f0105154c46f16c5c25357bff05f515a21c1cc3e8
lib/market-integrity/customer-export-zero-leak-replay-rebalance.ts	19114	1e133ba4f9d666b845a0585d25c2583610614a306eba2f126dcad18ee80fe174
lib/market-integrity/customer-notice-delivery-appeal-window-rebalance.ts	22811	6fc91247c3d3f130ca4976f603a20d46957289f16c3472da403ad7292c41bbab
lib/market-integrity/customer-readiness.ts	1403	10b1cc757928231d26bc69a38a4fa6ceee01cb219d256adac649443d4dd24afc
lib/market-integrity/customer-report-decision-sections.ts	8994	44c2926612271fab53104b0c3e381c7047ed75e1b40da703545a156a07461658
lib/market-integrity/customer-report-delivery-policy.ts	5372	fa91cbc172dd2dbb767cff18aa576bd1f64e2a1959e0cf57db57220723b4771c
lib/market-integrity/customer-report-layout-model.ts	14799	a89c52b9a184b4dbce9b79e9cea3843964eb7cf4c3523eecda167ad54509faa3
lib/market-integrity/customer-report-payload.ts	21427	5fc8673e7fbba58507b0a5be03555b77a35fad65992ee2cda3ccabe5f19c68a9
lib/market-integrity/customer-report-render-token.ts	23596	8cdfa73bf4140f7b0509a7ee2da9bac624391fe2bc09365014dde1bb81fb0d64
lib/market-integrity/customer-report-source-binding.ts	25545	490ea8f700b993b92d966f6450587e12b76aae0e28b887c1366cee125eceb0bf
lib/market-integrity/customer-report-tier-value.ts	6509	33721c849374352f159881c34171de439a0a030a9b398260a0ea360a7a1ae91c
lib/market-integrity/customer-source-sync-runtime.ts	1782	9c8de0fed1ece8bb971f56f2360a5499dac695d03671ef63b4abc592ba33b58f
lib/market-integrity/customer-source-sync.ts	12162	f0ad2c7113409f8eaa9f5cfef173e5506f6c48db255d5ae34ce40b50abe6e2f1
lib/market-integrity/customer-tier-pdf-renderer.ts	4171	94b41bdafe524f23949421a4a8b9bc34a26c6185f182f6fe4d2c914a867f941f
lib/market-integrity/data-backbone.ts	8232	46f2055a3edbe5b3fd4c440a150115a52849572c3d07bbe871c57975aa2d04f4
lib/market-integrity/data-provenance-ledger.ts	20711	c09894205fd5fef927e478dae6563b3fe675b52bb69542a20a9bf186cae98cef
lib/market-integrity/defillama-adapter.ts	14135	a6e14785fcc81e1a74ea38847daf2caae66146e85322b2e22e6c1b4cf4a434e5
lib/market-integrity/defillama-expansion.ts	7824	af02c194a765e92c30bff354f8a90ca76c0bc0ecb94ac861bcdb2f70ecae9e39
lib/market-integrity/demo-tokens.ts	1372	57ef8cb67b71c48c74843a0876eb53b803ca5c1b98a8c8fd1d70c36eaa5c87a8
lib/market-integrity/dependency-reality-build-input-gate.ts	7156	9f5059a01ee3ae03b28015e233ccd0d85eb9d924c24b18de06c4227f0080fd68
lib/market-integrity/depth-report-polish-runtime.ts	10047	d68262e38596f0bcfd8d84697757aca1da0ef1fd45789b37ea245e7e1fb31f7b
lib/market-integrity/derivatives-paid-readiness-bridge.ts	18844	9770a904ca1c5abad4329263b4d4e735a5b4cf7f3f7c1184049a99e1ad9eb3cd
lib/market-integrity/derivatives-squeeze-proof.ts	21878	b68d9b115cbecb4e05f3586b73a6662bc7f0259dea3c16524e559d2ca189c1aa
lib/market-integrity/dexscreener.ts	6902	2824e6cc8a4ac68ac0ac6e4be905a10b60c83d47a0d6dc94191c45b1954450c8
lib/market-integrity/dock-action-execution-bridge-rebalance.ts	17484	21d552d7b225458afa7b45192f1f04ab46f097dcf3a7248b2f1f4f1fa45ec02e
lib/market-integrity/download-consumption-replay-abuse-rebalance.ts	26152	b8c966c4ebf3a48c52e36aa95ccd35d31904fc276a980f27c511021ae47a628a
lib/market-integrity/download-parity-gate.ts	2085	2b18bbbc70764bdc0f4bbdc173e52e6b6d3f87f3bbc9402bfebdd01faa91249a
lib/market-integrity/durable-receipt-store-rebalance.ts	18006	8d90839f3985ee1dc9ef33e3e331e61875b7898b65a301dcb259ce918964fd18
lib/market-integrity/dynamic-a4-density-balancing.ts	4247	905579e9b84d1b0e5d0fa867cfdb3edbe0c39d0166bcdcd658fdc5511b038ee4
lib/market-integrity/entitlement-account-vault-retrieval-contract.ts	13555	942ec4ba6dc8ddb78f7b52505db3310496c8d16aef5df94a1ba33a62fd75fd97
lib/market-integrity/entitlement-admin-override-dual-control-lock.ts	15729	476ee37db132fe3486bf053b0c2f56b78c3c5f76742d4b42629d3fea7706dc9f
lib/market-integrity/entitlement-artifact-delivery-ledger.ts	13826	e4e796fdb83dee333591ff681cdfa226c064bfd2e3208a10664cdc70707d1265
lib/market-integrity/entitlement-artifact-watermark-share-lock.ts	13759	839ed22145461a3fa4320bafc052ae22767ff1d5c3c81904a54000fa13652f4f
lib/market-integrity/entitlement-evidence-export-dispute-lock.ts	15099	ac7e94c40c8c1b0ada215707e076e84744c110546c1ac1bc43b863e4a265faa0
lib/market-integrity/entitlement-incident-response-disclosure-lock.ts	13750	307ed40cbeb4aa855f40d9d8deb13654947b1decc90868e3dcf78f657f1f56cf
lib/market-integrity/entitlement-receipt-replay-parity.ts	13036	c6e706e98666cfe56d89312be0a900e196a816087136e848de6ef070d6be651e
lib/market-integrity/entitlement-replay-bridge-rebalance.ts	15502	6e415d9f84a118a6fb4704e922b8cd28478c9ed66bdc92534e6d422e90c872f4
lib/market-integrity/entitlement-retention-erasure-lock.ts	16417	11aaa4986b1941cc8c1204413587cfe8ffaf4e0fa7fa1daf3987260c8864cbc9
lib/market-integrity/entitlement-revocation-chargeback-lock.ts	16097	71a6f9b3711daba7d7ea241714e505af76e3cd3fd1fc9c58ea782ae29e7ea1f2
lib/market-integrity/entitlement-session-device-anomaly-lock.ts	14141	3c37b7c98602d36800a9011a37d9b2a41e730903b498b4e0713c0343010adf4c
lib/market-integrity/entitlement-vault-runtime-rebalance.ts	16270	b8f2dcec7e188e99e9fb47cd720423b8271175eb3f026bbf5e8fa7aadd2b8f5e
lib/market-integrity/etf-vault-payment-square-rebalance.ts	19237	f0607e8eb5d5410393f2734254734de2a04d79d64538c80821ff598fba5653aa
lib/market-integrity/evidence-consensus-reconciler.ts	25924	73a6222d77918ce9eeabd746bbfa99196d6a1779974f9404d2e7a5dcacc32cfd
lib/market-integrity/evidence-dense-human-analysis-runtime.ts	22906	cf9438eb86ed4d16f487be571fdb9359983ebbdf452aec7ef03f81960342f66a
lib/market-integrity/evidence-report.ts	14522	47e5222b2e5a193d8d6776f79e81549c2bbd3502f2304e762d6ec246c2d56694
lib/market-integrity/evidence-retention-expiry-support-boundary-rebalance.ts	21846	d3f45627e9d84d9744dfa6abd9935bfac3bdd24b3e3c334a06f1d7d00b6cc7ef
lib/market-integrity/evidence-workflow.ts	9137	002f26b3567e00813dfc664fb77c4c551ce649618114c77938d58778663e1e42
lib/market-integrity/exchange-health-adapter.ts	14058	413959c27b9cfed6c429f3fad8a39d67f9ce85d6c8a6dcd736e3bd2f0105ecb6
lib/market-integrity/extreme-typography-hardening.ts	3200	46d830cad32b0658dc2ae1a6813a0b7538c85430292ec88fce8e4e3e8d7d1c40
lib/market-integrity/fixture-motion-angel-rebalance.ts	16082	cd5dc56bcfc5e51ae106840c4f1ec4fd27f565b68569bda5203f76dd5edb637d
lib/market-integrity/freshness-aware-synthesis.ts	10207	e7ef2769cab538b94672615ed0c5252cb548e548a9c511751e01c3d9ec5cf2de
lib/market-integrity/freshness-recovery-router-rebalance.ts	15381	35dc3793c25f0738d6ac440d148b898335b8605f4a0cf12ff8c15c3668e616d8
lib/market-integrity/fundamental-quality.ts	18251	c565674df053154d224073b3eb44ebe3e6a8fd0574ba8d05291d9127b338914c
lib/market-integrity/geckoterminal-adapter.ts	5630	71dd079451a6e208fbc00907791a4f1f5f717834506be88708c16801321c3908
lib/market-integrity/global-risk-map.ts	10635	396a398ea94d59a35b9b0a9cdd43dd9e99af52af7cef1cfa36199b83ffc69f53
lib/market-integrity/goplus.ts	3270	0712528183b737da374faa39a8b6d731abc6b54b0ebfcbefa5a756cf444bf897
lib/market-integrity/historical-backfill-orchestrator.ts	21995	67206b8161cc355ea458c721de6e1180ce58d064a2cd05f6472fa696cd595c78
lib/market-integrity/historical-range-window-ledger.ts	21949	94d38625961e36bb149f630672a4d77dba5827f80c7560bb3c53d8c54d07718b
lib/market-integrity/holder-intelligence.ts	13020	09b07f54e7c1efc9730a7ba90bbf5fb318900ffec993dbf3071509ac593ecc0b
lib/market-integrity/human-decision-pdf-forge-runtime.ts	18869	c4b76806f50fc7eef3cef82df44bcb5d9e16dcf594c497689070bd4203d533be
lib/market-integrity/human-evidence-brief.ts	9539	d139672df961e418f0c915cf05700e59e2d3fc75b5a2317b176a8215a35cc5ac
lib/market-integrity/human-next-check-planner.ts	8452	05d2d952005448e832db1365a6775750f256a4e1f2c59c18d2cf4f4cb1080b15
lib/market-integrity/human-readout-lane-runtime.ts	5045	4efe3436cb18151d64ff94fee6f33b70678ea0bf572bd973ee6bdaac00f61da1
lib/market-integrity/i18n-square-checkout-evidence-rebalance.ts	18340	7dd1d862351eaa8a705736df85ac460954ce051a783a1f921f4049084f1d30aa
lib/market-integrity/import-pressure-map.ts	44738	1687ab0efe44c18c703d59494d24e36589f09bd87076d6bd0fa569a48e9a797f
lib/market-integrity/institutional-source-router.ts	24453	49fe5fe1f50674c2176ddeab4228ad151d1fad837c373c589b8a96b7184c6ee1
lib/market-integrity/instrument-metadata-cache.ts	19048	1832a9bbae43239109df28e03eaabeeadeac74670d4662a18ed2a2e80d8a385f
lib/market-integrity/investigation-plan.ts	8147	8da8f0d914369335edd878e2b915d25574f66eaea1e8abcb91e5be25a1f8f5e6
lib/market-integrity/kline-asset-identity.ts	11442	7e40d016871d2c6d69c453993c66053148c77fc1b1e59ef0b5357fe7ae6eecdd
lib/market-integrity/kline-route-handler.ts	10792	33831e92f83586f24351f9f84b326e0cb0477138e23607abe3231b12b1535fb3
lib/market-integrity/kline-snapshot-cache.ts	26847	92194957c5f796e3a57e16cea02a913dad9451ea050252c1bc29a52379387bfd
lib/market-integrity/kline-types.ts	264	e78118a6d493ae65011cb288ff5905bd6e35d64d8de1a9d57b19f59b4e0dffa5
lib/market-integrity/large-actor-watch-engine.ts	14175	75a29603e5af2fd11f7f631b0d46572bb1c2b98cda0483254c863be8d7c79c86
lib/market-integrity/large-actor-watch-types.ts	3328	08e28b005a7578c4d0c5347ccffdd7966f2486c35cb1abbfe86cd11b0bdd142d
lib/market-integrity/legacy-route-publication-truth.ts	6212	da653d2bf24929e1fed3712a505480e4fd965cbe692f238c065bd7959c377bb4
lib/market-integrity/lens-shieldmap-evidence-parity.ts	11139	a1aa60235b4ddf502f277489cb9221d2270736ef9e9c65f014d68b8c49e81b71
lib/market-integrity/lens-tier-page-count.ts	502	6e81e6842c0900e70f906ea716121cf652a38391dadb375a82cee9d4d0862558
lib/market-integrity/line-audit-worldclass-rebalance.ts	19594	5bde0a9d39efd8e8c07a1daf9d00ec400266c06c64b312569262912613ef2e6d
lib/market-integrity/liquidation-long-short-proof.ts	23028	d90932e4cb971b8b83164ff70fc69d654dca255a807bf8551043916635be6bac
lib/market-integrity/liquidation-replay-paid-copy-lock.ts	15549	66f61b3f7ed1ca1cf8824f3d5161c33024631358711f0a232a32b60e6e8add30
lib/market-integrity/liquidation-replay-store.ts	21516	724cb3ae86248901690d568c4532af1c03702224c8ffff7543a1baed9348c45d
lib/market-integrity/liquidation-snapshot-ledger.ts	20017	4f2fdb53753f5cd1ae4f3fd943fb508520479644332596d291fcffbde812147a
lib/market-integrity/liquidity-intelligence.ts	10058	6e4af9125c27f60179e74582ba3e3cd5b66d40d4657c7b050f8d52f7a8e1d96a
lib/market-integrity/live-chip-state-replay-rebalance.ts	18697	4b5443c5d42fe167efbf0a68b3b4324c370515958a1e340c1e7784512973e00b
lib/market-integrity/live-data-probe-runtime.ts	12732	cdac880217e068ec686e70cdfa12aad33f993beeb99f834141d7f0ee9f1b4316
lib/market-integrity/live-evidence-tier-policy.ts	10361	576e3f37d0e18b78a546266d76182be0c7c2172b703e8d23a94295234cca54ad
lib/market-integrity/live-query-test-bench.ts	12944	3e0335098d0e675200d57a5ae375892f5cae50063acd6ba11f974145a92f75aa
lib/market-integrity/live-source-adapter-contract.ts	7601	82fb7081a108e46d4e0505f04e30df525d2eab5d80bb6388a681686e161030df
lib/market-integrity/local-development-market-reference.ts	9693	50a67ca22883db97e442f3ad232e7d12946236dfa3bf0e57803f2ab20a82046a
lib/market-integrity/locale-pdf-angel-cleanliness-rebalance.ts	13505	b1d5e66fded8d398641fd1363d9f80f5bd8eef4b4299ca2802da62b26e1fd8b6
lib/market-integrity/long-term-memory-spine.ts	8928	8bbbc98f6e34a1b35ffb74b3c3c0872ae3cc2b7806cfa0a60cd4d5fadd8def98
lib/market-integrity/loss-prevention-playbook.ts	5975	d1ddf0c28e6a2d10c160235ade0a42a132f41cf766afae267e2137c0568e816f
lib/market-integrity/macro-chart-integrity-gate.ts	16555	f03a9b6fe1502dff087712ef4046a84da71bb20de7cf8288c1676d9b0f478a85
lib/market-integrity/macro-gap-receipt.ts	16091	0f50d928964344995c3068ff08ac0203f68d135ead6995a5670cc2223e51a279
lib/market-integrity/market-asset-binding.ts	6329	f030a89318f0013404987e779ef846472ce51698cc423680fb34ac069afc5d04
lib/market-integrity/market-coverage-universe.ts	5966	6eb07f8d89ffe71abe40103b3af72890435fc47788e6d063b6e4a191997ce565
lib/market-integrity/market-data-contract.ts	573	64220857d72272b704a70505e2ba37758fc44dc12b0e96d8cf9fe07d7c864143
lib/market-integrity/market-data-sanity-presentation.ts	30895	2a890156579612113c6ddf95fc225b30a9def5be10f15c503751de10abf6ae96
lib/market-integrity/market-data-sanity-proof.ts	7646	6d6fe76f97b5ca0dbccb19bd6516c75782a52470166d1bf145daa93621accda7
lib/market-integrity/market-data-sanity-source.ts	34724	63bd8356c6160b746927dc1128ba3f3d1eeaf6f647d79566fd4fdb307bbb01b2
lib/market-integrity/market-data-sanity.ts	370	2eedd908d8aa4c1dc9b93473db4b82111ce10e6618b84a903a9f5d4b3fca6273
lib/market-integrity/market-impact-customer-truth.ts	13540	cbdcfaed14f617fa50fcc636e56f49decc132e3b6e189cb5cd113ac2a0e6082b
lib/market-integrity/market-impact-engine.ts	20998	d919eaaa3b5962d103ad68af47c77c989c1fe5e99ae99f1135be2f8b3d53ffd2
lib/market-integrity/market-impact-provider-adapters.ts	5859	5f8ebd6adbf9b636c94b133c98590364104ba317a2d52dc80f0a1562accaae8b
lib/market-integrity/market-impact-simulation.ts	6196	f057beabadf402b2b2edf4917fa4817cd2fbc88b1cd2642ed4497107831a7ee8
lib/market-integrity/market-impact-types.ts	3954	e927452035b94a7cbd78c0392d2151a46d917d0dd2aef1581eee7dddb4d6b512
lib/market-integrity/market-impact-whale-tier-runtime.ts	12738	88189eb06bd1e061635ac661969583e90e3791d0fe847209099b76af22d601cf
lib/market-integrity/market-instrument-search.ts	2979	2fe731ef1b23236249d5ef32b07cf9c6ae9030cc0c15a54da74ef23f083ca305
lib/market-integrity/market-memory.ts	8649	3a16e9cd52f7baedf8fd077db9800a2480721e40d2e11e7e10d24d632f6d5000
lib/market-integrity/market-row-delivery-gate.ts	34621	9d7fea4d1ae1d44e6203e70fd8f527b4623f42686e7df34f0fe1f36dd5c824ed
lib/market-integrity/market-row-evidence-payload.ts	1247	0fb34920a5d493a7c103376e1fc17091f5faf06f8047510a657b10709768234c
lib/market-integrity/market-row-types.ts	707	fae8eacbe7f2d73a85ad5980e1b9ed90c74ef8bb9aee832819ef7ed6509c3f75
lib/market-integrity/market-search-exactness.ts	3398	e7fe0c6efebd54609104aeb308f9007035c8b8e34590fddc3b0f731c798fe206
lib/market-integrity/market-snapshot-cache.ts	22417	5f68e8dc82a0d95f391473797760c041f64d3cd2e7637053ad15df376e71fec7
lib/market-integrity/market-source-cadence-matrix.ts	11220	f52026b62a53f4b49b47f7e0e7332b49f8406a53e38f763877d998f321eb6f71
lib/market-integrity/master-map-rebalance-audit.ts	9416	004a166d089ae86a2b3e589986a9d29bc6a0af022aa31ca57bd63b89b25c2cb8
lib/market-integrity/missing-source-appendix.ts	7485	b41fb8f09d53903db38e217d7c696081b6270f617789bf303b106f79a6f1f284
lib/market-integrity/mobile-account-vault-resend-review-panel-rebalance.ts	21464	c98d5a262369cfd6157050d34109697b5d84101d8dc5b23a0be704117b4f7200
lib/market-integrity/one-source-state-contract.ts	7173	bbab9b0049a100bdcdc984983b688e010a163806cae9414d87bd6a6234feb4de
lib/market-integrity/one-time-stream-token-inbox-delivery-rebalance.ts	25123	6a22739ddf7eadc3f032c46da16fcd9057b60a178d74e1516ab1ecbb55ef94e1
lib/market-integrity/operator-action-queue.ts	18123	e8f1f01c15bb3c0a097053e816b8e04e4c04042424e67633329d3b8f21202157
lib/market-integrity/operator-casefile.ts	12396	0798641114e808be7adcf0e549dacd1ee693e6a0d060d3bf753b8ceb70370e8d
lib/market-integrity/operator-dual-control-replacement-publish-rebalance.ts	24569	f4643a1997351622896285278f7fb2412fc4a8eb3d892dabb35c446524358861
lib/market-integrity/osint-queue-contract.ts	5336	553c456c28f54f3a36624efdc682773045c8e365552d7280c5fa9e060d45e120
lib/market-integrity/paid-advanced-readiness-fuse.ts	26192	1233703a388e7f66e5abdcdc1f13521315d38776f59fd580bebfd99eb5090c52
lib/market-integrity/pass1234-lens-shieldmap-evidence-parity.ts	134	cc43cb629d98d47faeeada4f24e71f73a1f5e9ff0abe13ce2389eb93b5b93ed4
lib/market-integrity/pass1254-pdf-typography-release-gate.ts	131	2d0053ac300824aa7a42fb18ec14e6f7c0278a342bf31bcd3ae038e4f2f357e4
lib/market-integrity/pass1274-runtime-visual-qa-release-gate.ts	134	89b3932c38cfb4adb25b3a5483abee28031f764a8eb2e6d46924ac09ca24b5d0
lib/market-integrity/pass1334-pdf-premium-final.ts	121	8ccd30aa02a53b9fa473d9d9e62c6fe7906bfc0e8d8950d9eb8a20076be403b7
lib/market-integrity/pass1354-shield-map-evidence-graph-2.ts	131	62cc8847b3d9fd2ee652b369c8e720012eb7654958271b4253b7fdc2c2c48b78
lib/market-integrity/pass1374-1413-mega-terminal-polish.ts	129	7ccbd780f77b02446c91616e3abe9b4e8365c444ad894f32acb1f51971e7aff9
lib/market-integrity/pass1374-vlm-brain-source-truth-final.ts	132	aa44b4118dd160b9dbcebed727cf33bd69591e8b6369d708f9f02fcab8d004eb
lib/market-integrity/pass35-a16-canonical-channel-parity.ts	6967	ecd2ef9eb5a2aaab86c9d10ecc859a85bcae0216a70550e1dc6c0ff8483ffdb9
lib/market-integrity/pass35-a16-cross-asset-portfolio-runtime.mjs	3243	d690bf4b41fecfea36ca8d87bb54d1522b391bb204735b7450b0cfebb762410b
lib/market-integrity/pass35-a16-regime-stress-runtime.mjs	2463	31f2ebfa457cc8a9ff68cb19b89a4f6b6d58675c3bc5631ab705146ed823230f
lib/market-integrity/pass35-a16-risk-prospective-runtime.mjs	2653	44f4c31361d3241a644c86367239bb47bd960af12c14f64978fd2a25a5e6a0d6
lib/market-integrity/pass35-a17-evidence-family-registry.mjs	2071	e02b37872a9f7cf9bbc40c98c8f629612a9b606f554f8c70aeba036a5cf44e76
lib/market-integrity/pass35-a17-evidence-quality-decision-runtime.mjs	12803	2518a21077df09524a031966a90d4f558c3b092e9f6dcf4008a9fa2c1632fb39
lib/market-integrity/pass35-a17-risk-calibration-evaluation-runtime.mjs	10202	b9ad3b91b469447cc298a4e543a985038c61ea6ac411e39612f4e0dd92f0186a
lib/market-integrity/pass35-a18-tier-value-benchmark-runtime.mjs	28018	457795ebb55868acf21a9d8c917d77160cb1c7179f81e0e48421f849091af125
lib/market-integrity/pass35-corporate-actions-calendar-runtime.mjs	6284	f7ca22f1816c87cd1baa4f419939f79f92389a58f3df42a124c1c3fe5e3b39d8
lib/market-integrity/pass35-cross-asset-normalization.mjs	2019	db0231d8e8acf49e2795e83db7a7457ed790398b05d835d039009b1f860052c0
lib/market-integrity/pass35-full-catalog-execution-ledger.mjs	8034	0d79d924ca570a5f77565bbe5c74c35e8843179e82d6dc2eaa7a1bfd30ccaa34
lib/market-integrity/pass35-ledger-denominator-bridge.mjs	3733	b42fd135dd90b7589f24b77b4955ec7aa5b596ad3c36d42df7aada2617debb3d
lib/market-integrity/pass35-market-impact-full-denominator.mjs	6514	3ad5a9bb495b40e62c1239ae0f15c3fb096054b971494a8b7c5d9718f22120be
lib/market-integrity/pass35-market-runtime-coverage.mjs	11914	317bf2b9679c5f29ae6915cd51b3f53844af2407de5c6cd01f788d51ee6821ae
lib/market-integrity/pass35-market-target-scheduler.mjs	7279	b607607912adaad74968c9cd777a9c617a99b821c650deae971778143fe155d6
lib/market-integrity/pass35-order-book-import-replay.mjs	5829	172a1c09f4c68faa5b6c6eefb5828a4d88e92ab6fed07df239e23b11d844b433
lib/market-integrity/pass35-public-fx-runtime.mjs	14132	58d4b02ecd3d0c58a06a4361e22fae194ddbe75dcc8b048c2d2f95da808395ee
lib/market-integrity/pass35-public-provider-catalog-runtime.mjs	16210	fd4a53dc5b795b1b422eed222d685e174cd64c6786cf736ce6e2175a545d1dd5
lib/market-integrity/pass35-public-securities-catalog-runtime.mjs	9766	4b60aa7992d487d5b1b55f239f2210ba25b26816db5deb9f8a8f116e99483d27
lib/market-integrity/pass35-public-securities-quote-history-runtime.mjs	5958	49bc58eb8dc99d839f6f5486db06ef17310a70c091b6547e5a559bcc53cd274a
lib/market-integrity/pass35-public-whale-runtime.ts	10850	dcc010529b66346f383a9d0ea02a7b391876f8490ef50ccab0aeff46e715ff47
lib/market-integrity/pass35-real-markets-tier-runtime.mjs	7031	d7885870aebf663e390a64b74b4a1a13c755921721d4e77d1b7faef121546f41
lib/market-integrity/pass35-snapshot-evidence-bundle.mjs	5051	05fe47e6bfa2bb7eb6b485b86374f25ff43a2fb6ec75163ebe2d5d84cf2b5516
lib/market-integrity/pass35-whale-binding-resolver.mjs	6714	99aefccfcd0bc32d4807ec241cd8459b9bd801423c9216012f455196d70016b0
lib/market-integrity/pass35-whale-evidence-bundle-runtime.mjs	5200	265b8b3239013727fb21cdde9c8162b5393682f960ff829db2f8f2a71d876e52
lib/market-integrity/pass35-whale-supported-token-denominator.mjs	6523	9d6a82a2b36cbe1239a5c8acbc465a428598df85c8119e79cf66c0567efd1118
lib/market-integrity/pass422-brain-memory-anti-overfit-core.ts	134	bfa148d49ca0c2a255549124b033d4ac217dfd7df2b0c1460a56e576b18ee9c1
lib/market-integrity/pass423-long-term-memory-spine.ts	126	ebc8c16a771d81b574999e7c2eeccab0c31569e9cda971d80236f5d95613bc4f
lib/market-integrity/pass424-brain-error-correction-core.ts	131	bbe1c1e75872819746b36212527c5f1be3661d8fa53147c8355ff2079e037504
lib/market-integrity/pass425-source-arbitration-hallucination-brake.ts	142	7332b0133a4e07c80ba01ea3c2876748cc24577d3c5c8e0830bd7c1cb60e4d09
lib/market-integrity/pass427-brain-bugfix-integrity-runtime.ts	134	0ff2f6effd5cbdb2c0f88506f9026cd3a0393e989fb205668b92b525aeee2376
lib/market-integrity/pass428-brain-narrative-coherence-runtime.ts	137	e240d37cd0090a909d6284d22dd83f604d8473af4dbeb2ef8c1c1e0d75031681
lib/market-integrity/pass429-brain-self-audit-consensus-runtime.ts	138	b7bb256aefed3c9018507b64faf3adbd4a1c435498cc533bfd4944aab7a70977
lib/market-integrity/pass430-brain-answer-verifier-runtime.ts	133	78d9be5ea37c2deb21b95c1ce289bb810223b00ed82d8f128476da24e79cb9f1
lib/market-integrity/pass431-brain-critic-loop-runtime.ts	129	5ddf6713beae97e791dc6a1b8e2eda8e62b2f41e79f9d70042a6005b46314249
lib/market-integrity/pass432-live-data-probe-runtime.ts	127	0ccfffe6d8c14b52c75f9292cd690333c4862911e86e7b26e948c164c4d070f8
lib/market-integrity/pass433-real-internet-data-arbitration.ts	134	71d4724538f2cc0caf2339a0db0266ab8a486c4a2618d556c430bd14bb9f95b2
lib/market-integrity/pass434-provider-crosscheck-missing-data-hunter.ts	143	58ee081239f327c33bd6e66b27fcfd11433e6b479825fb1a7e1a336e132fee39
lib/market-integrity/pass435-live-query-test-bench.ts	125	8277301800076af834b58ae53a9bd844da83fc2e07c61463fb9ff78fd27006c6
lib/market-integrity/pass436-world-brain-slo-graph-runtime.ts	133	498d5a890a1a7fa68721cfd9b05800510f0ad6d34988c2c69fdb60ab42097189
lib/market-integrity/pass437-adaptive-evidence-planner-runtime.ts	137	e926e4f1554a826fa1e1316c8c195025bb4838bc05936b4d7ee5447cdd5ab2b7
lib/market-integrity/pass438-provider-execution-loop-runtime.ts	135	26c767f28bfff56e5892bb211c0cc471f679bd611eacfb61657c6b6f5b1f0871
lib/market-integrity/pass439-truth-replay-harness-runtime.ts	132	4a77de4368ae99c97cf9fa0e2c3d68accfea3ff3a0c36afe2ab3ea17c766914d
lib/market-integrity/pass440-semantic-drift-source-lineage-runtime.ts	141	6b6f1f6e2a8107835770a9a666a6eea952d9e0effb88ecd6424041cbfde05c12
lib/market-integrity/pass4405-cross-asset-build-pressure-helpers.ts	7998	0e97626e0e207bab88f24be018ae4039525a843f06558f4c4d49193ffbd040ca
lib/market-integrity/pass4406-import-pressure-map.ts	123	f10fd5ed19e542395577b74977dadaac09b8e6a8171b1a3fd8fa8f707f5a08a7
lib/market-integrity/pass4408-asset-detail-client-helpers.ts	131	e97044162448ee50f8d31aba855a07ed09ba652aebac0a4660afa916711de191
lib/market-integrity/pass4409-asset-detail-analysis-copy.ts	130	74f90fec1a7b4d60a2530252f8eba243a8e1f160310cb49f429fcc09477971b4
lib/market-integrity/pass441-brain-eval-harness-runtime.ts	130	eb92f84e5212bf64b6c1601ced39bf5ae9e0a8ba0f2a180264931f1c4939e951
lib/market-integrity/pass4413-cross-asset-runtime-normalizers.ts	13579	57781c8a2c1266b987864cf36d33f5500cdcfc0be642874bb7a2b36d96341566
lib/market-integrity/pass4414-cross-asset-quote-format-helpers.ts	17080	5e0b74f3f81f48d6ada3e087d712b59cb608dad22ef44b0de749fe0be1ce1602
lib/market-integrity/pass4418-cross-asset-brief-detail-helpers.ts	13203	a7431814483ba355f59fe059a602ef61824ff87ece94a7c5018d7529428d23f3
lib/market-integrity/pass442-regression-judge-runtime.ts	128	0c129a63753b94ed66b834bd01e815b8358e517b0cb8814487e63f66a8bf362f
lib/market-integrity/pass446-human-readout-lane-runtime.ts	130	3d2a78469629700b35b38382097677631aafcef5ec1623fbdb55f7d2f7f613e9
lib/market-integrity/pass448-depth-report-polish-runtime.ts	131	8fe2eac32d069e97a6f9c313fbb8a25e18149934514cf22d0fe514e0ed9c1ca0
lib/market-integrity/pass450-tiered-human-analysis-runtime.ts	133	122286fad28d978045b4cc1630bb5d74cf449dc83345d820a40c3b015791179a
lib/market-integrity/pass451-pdf-exact-preview-runtime.ts	129	dd377b3d2231c22e8c47776f9a297602523fced33e8d6f8975bc5a9fecf40863
lib/market-integrity/pass452-source-bound-depth-lab-runtime.ts	134	930066fa100ca606e7901a7227edfd4be335dc6771be8e50e1966da4e391ffec
lib/market-integrity/pass453-unified-intelligence-handoff-runtime.ts	140	194ed6e97a3c1b03e116b45fc3cc377da589305db45239c779b741330bccb25c
lib/market-integrity/pass454-evidence-dense-human-analysis-runtime.ts	141	525396c8d13fcd8f90bbac468ecad496b6448bf966af77471f17a7de90301d6f
lib/market-integrity/pass455-human-decision-pdf-forge-runtime.ts	136	59943663f556afa3911182b2cb25a411d2e271f0d889c12317eaeabe7b46e610
lib/market-integrity/pass4570-market-data-sanity.ts	122	88ef1456b689b70bd980bb1086e4330fc2823ee090a20ef074d9163933cdb9dc
lib/market-integrity/pass459-alpha-vantage-provider.ts	126	6f91c9149adfef94f4ee1df61a8a462e06d5c49bf22e8922cea82ee65afb31e5
lib/market-integrity/pass459-provider-truth-pdf-runtime.ts	130	bb31f38ac3a189f7344bbfcc374a8e2733826e41d6d8c4618df1435544c541cc
lib/market-integrity/pass460-provider-consensus-pdf-runtime.ts	134	a57cb979a28b1238f4d17e78d0ae8ad04f38b11c7c373fbd789187836f62ea50
lib/market-integrity/pass464-fundamental-quality.ts	123	40325293054bf24ff82a20063a5c20a40f2458ff24fde7169dca22dbd8993208
lib/market-integrity/pass4644-provider-evidence-receipt.ts	129	bd66f598c545fd3918a8bd439291fff12461b804f26290ad5074803329c71cd5
lib/market-integrity/pass4645-provider-evidence-ledger.ts	128	9dabdb6748c02a1845ddd74847d7247658b96491fcd8a014e1b8207098c94a21
lib/market-integrity/pass465-sec-xbrl-quality.ts	120	2c162a3c1c88684c5b029abeec583a817c9266404705937a35694948fdfeffac
lib/market-integrity/pass4650-provider-quality-replay.ts	127	7a09d75844269b6555981202db4159b6758fa6501c68af17b7ad5a870444f916
lib/market-integrity/pass4653-continuous-evidence-availability.ts	136	58e35ba5ac15c77e9391da0d1aa24fde4f3ee7d861125136dc48f39df1a964bd
lib/market-integrity/pass4653-refresh-registry.ts	120	5f5b5b638059304f3d0c46824df7b5ae6a44d65b794897d659e4a2e01c65cfb1
lib/market-integrity/pass466-confidence-waterfall.ts	124	5c47e3f98ffae38eeb66e03697f13b102ea5a1ca2d660a3d1d4825b2383cb8cd
lib/market-integrity/pass468-browser-shield-orbit-handoff.ts	132	c3c4e67f4cbdd7cae9fe7b9d82ad62da50a0e7ca0f7935c0fcce4ee7a79302f5
lib/market-integrity/pass469-pdf-a4-download-receipt.ts	127	3bda23a2217126229f7428b4cec7456a326c4f77f5fa4bdf2eb01a5ed8cb7082
lib/market-integrity/pass470-browser-runtime-qa.ts	122	3b4f3def8638ff7e7aca6abff78ae8161f4c48b793f88d4ffeaebe9f5b1c0cf7
lib/market-integrity/pass471-surface-runtime-resilience.ts	130	abb787ca98062e47f0d2f7edbaca946e7fc57c835dd58dc007eade7861556ce3
lib/market-integrity/pass477-unified-depth-contract.ts	126	fa339b7854b33842b975ed220ee0816e269b45f6f700efbb6217ae4f36024e44
lib/market-integrity/pass478-human-evidence-brief.ts	124	8e28469a12a8c99d2cca7275021af178dc2427cc600a563f8b57c61b2eb53e19
lib/market-integrity/pass481-asset-identity-registry.ts	127	e7b3cd19f944195775358c67bbdf63582a0847b3bfe76b2f104497a11484564d
lib/market-integrity/pass482-real-markets-terminal.ts	125	e5583f54161dbcf4eaf67ecf9004c1cd969f3ec228b0d87647eb56379b897d28
lib/market-integrity/pass484-analysis-depth-manifest.ts	127	449d8dcd579d8b77b870c410ad328c5a07f1af521badf8162e7c4d0bdeef6fc8
lib/market-integrity/pass486-pdf-forge-intelligence.ts	126	43b77d42b733ba3057bfe081b3e73d3c4e546a38578e79e8625f80ddd9b1e2cb
lib/market-integrity/pass488-a4-decision-cockpit.ts	123	8c7d18afd6ea28f5296b912fdff31b94613e23efafaac0d3e91c01422f7c9c85
lib/market-integrity/pass492-shield-lane-focus.ts	121	c2e44efc640101e32d22c62246b9955cc1bf0b873722f6e0fd67b30b648df257
lib/market-integrity/pass494-a4-reader-navigation.ts	124	d97083a9052181d98b82f5f8616c0b33144f4391dd9e42ae22526982c4a9f947
lib/market-integrity/pass499-a4-reader-health.ts	120	0fb6356c17e34abc0f5aa2a4360826a8df19801124002c0d9f878ef5d64ef9e8
lib/market-integrity/pass500-shield-command-dock.ts	123	8e704c7ffc8e96ffa081d90c0ca0ce7115011ca42b69fea541608cdbdcd0ef84
lib/market-integrity/pass505-pdf-page-break-audit.ts	124	c596a898d7f9e500f2af22aeb0e4197eca9216f216b95e867aa3c786cb753821
lib/market-integrity/pass507-shield-scenario-comparator.ts	130	7e9985862bc4287be9c0effbbb18001597f6fc5a401edc18b4558a8377953a5d
lib/market-integrity/pass512-report-integrity-seal.ts	125	871bcdd624620f80cbbdb86792f40764be7c111722f2eb4b181c73509e123647
lib/market-integrity/pass513-shield-verification-queue.ts	129	31b6ceb08c89658c4de07ab00b27db36bbd6d2b12e703a00393c77d4bd30587f
lib/market-integrity/pass519-pdf-typography-qa.ts	121	218acb35762e93ef89768cfc2381d9035cb41ac04c93f3f2c1d25c0f7492080b
lib/market-integrity/pass521-shield-evidence-drilldown.ts	129	bd043fcd4943800972eb4a1116e3eb942e562b483a4173769115943e1b613399
lib/market-integrity/pass526-pdf-release-scorecard.ts	125	59aef865097f71840f1bfe34e6dd8f38ad4176517585ca4f6f12e0868bf76c92
lib/market-integrity/pass528-shield-evidence-packet.ts	126	94d938e3eed81137eba1f309cc1d930205a7fe79fa1dfe5f4e79564fd0aecc04
lib/market-integrity/pass533-pdf-multilingual-typesetting.ts	132	77de13997642f586aa04a2bb73595884d776c932d376c778dd1a367c5d0ec0cd
lib/market-integrity/pass535-shield-attachment-linking.ts	129	1b59d916720436fce6efc3e332b0feb1df1da130df48905191c7b5b15d16a0e7
lib/market-integrity/pass539-pdf-page-rhythm.ts	119	2e876b6e68106c7bb4be6f0793e88166a3710fd9fbef9599202f3d3ce66d5667
lib/market-integrity/pass541-shield-focus-lens.ts	121	336d3a362f6c46d409fc6a82cbf904449611cd2144669d5f120d18113e248b1c
lib/market-integrity/pass547-pdf-visual-release-audit.ts	128	02a1a6c659f6b016b222c5b38f32c088692a0c44516feae2df813ee193e9e214
lib/market-integrity/pass548-shield-temporal-replay.ts	126	695b9bbad8a538d51285bb9aeb6ad25a7c0859b280891cdd33dc3782b4d78aa9
lib/market-integrity/pass574-pdf-page-boundary-matrix.ts	128	b0015b3b7a58ae01b87cd6799f85898731dd981f543f61ad9fe520d4fd3dc751
lib/market-integrity/pass577-provider-slo-console.ts	124	0a9cb280e6834b848faff9557b024dad6a3001dbdfdbe1342abe491c7abe7657
lib/market-integrity/pass580-pdf-visual-fixtures.ts	123	e14957d994596ba46e47ec2f7f31d362fd7a1d20910113bccaa6366486152c17
lib/market-integrity/pass581-pdf-page-compositor.ts	123	12c1814927ddfcc7abf4171c56b7be19b35ad35955b3f9818f6ef8271089688d
lib/market-integrity/pass582-source-citation-rail.ts	124	db9bf134a8915fe4b093636a8c411ff7601e752828c578da5c05753ce49fa4b9
lib/market-integrity/pass583-download-parity-gate.ts	124	7e68830b42f048c1fc936a09e7a85f7c007d5edc80648cd81388888c34d42674
lib/market-integrity/pass584-pdf-accessibility.ts	121	5802c6eb4f031d14ee21f1bfac47908222c686e74d9706a366da44d27077006f
lib/market-integrity/pass592-chromium-visual-fixture-runner.ts	134	90a74d6a14a83a772cd81c57da428056396cc71f4cffcf0d649020b1544aab47
lib/market-integrity/pass593-tagged-pdf-feasibility-gate.ts	131	b44ea72d7d80224b7a8ad35d30840c10c4caf231a972e911db1c90e7098213b0
lib/market-integrity/pass594-bidirectional-source-footnotes.ts	134	1126221ed8d1aa7646bd4d4029757c2c01be1d3422a3f7381cf50d57a809937f
lib/market-integrity/pass595-extreme-typography-hardening.ts	132	b14f1a4fcb6d132c30dcfc8960a2f73a3a49929128d1a341f2cb6af28d054d26
lib/market-integrity/pass596-pdf-release-proof-capsule.ts	129	e25e61432d2b4828c2bc256812d65e45a20af5e0a68c19063142a72d172f460c
lib/market-integrity/pass607-claim-source-completeness-gate.ts	134	aa4ea4512216c35d30481e73b770afcf7e660313839f66817d1da43e6df46d28
lib/market-integrity/pass608-missing-source-appendix.ts	127	d93f299cc49ed9f434b55e4fd1e40b237b6df746b7a1cf1b70d4e337b0d52a1c
lib/market-integrity/pass609-dynamic-a4-density-balancing.ts	132	719621891cd11bc4e3222502f3562779b9915b0fbd239d5caa188f74380d0c9e
lib/market-integrity/pass610-reader-download-parity-manifest.ts	135	15db55e501fdd6084020ae0ac0ae36356ac4d9a36e17b392585ee79ed2ce61e9
lib/market-integrity/pass611-pdf-accessibility-phase-2.ts	129	bd32bf85d010475e913ca2b813c1f208c6ecd6940e585402ac88b1df37d83ae8
lib/market-integrity/pass612-one-source-state-contract.ts	129	e370db7ffc16b5ca19b5177f1caff4836492c111f8a6c1138bda4fa1c4c0685a
lib/market-integrity/pass617-real-markets-noncrypto-taxonomy.ts	135	22a65c483f56d7de0b00210713be5d0426c0d58238e05ab2abe1baca64642d27
lib/market-integrity/pass618-real-markets-adaptive-surface.ts	133	ce51717412466275c39a491772dc1c4fc15d3be3b5ecf137138739a49a45b738
lib/market-integrity/pass619-real-markets-provider-lineage.ts	133	996cffbc610ea460ea9d4f50aff55a1c497895581a675ce4c738709c82279681
lib/market-integrity/pass620-cross-asset-chart-parity.ts	128	ae05f277998146b59f12c932a07e45ac7a38bb015138c59dc6c6ccb243bede1b
lib/market-integrity/pass621-market-search-exactness.ts	127	11ff6f55e3527b4c15c37a896be6b14881578cf81a02a58bab8eb4c922581af9
lib/market-integrity/pass622-source-registry.ts	119	a3be471cee0a7deb22994e93b216adec9ec31b36f16438c88a5c6eba05b4504c
lib/market-integrity/pass623-atomic-claim-decomposition.ts	130	60e601367ddbebf25dc5a23ad92bb53b56954220e4077d1c4b85a89eae9e8116
lib/market-integrity/pass624-provider-contradiction-engine.ts	133	6e2dfe9898f80c70d84bbb4febee6e682e85592f85c950fba9f1932e45b29a3e
lib/market-integrity/pass625-freshness-aware-synthesis.ts	129	53f917cc5dcb385f0a9ca541e3f5258ef1b70c64a26a68fe96b7b1df14742a91
lib/market-integrity/pass626-human-next-check-planner.ts	128	3ad91effe2396f296f8081b20cbeebf40ec7159ccd0d1997c476f622b03949c4
lib/market-integrity/pass642-pdfua-external-validation-lane.ts	134	06a91d8e23410127c0010165d6dd089573d92494edcfb0e347ef2ac28a2d57c4
lib/market-integrity/pass643-reader-pdf-visual-parity-matrix.ts	135	500b5425dbb329677de79e1362d4fd8011f192b4c36a2ffbc522441ed240118a
lib/market-integrity/pass644-source-outage-replay-lab.ts	128	b5a9a7cbcdfd1dafd9aa8d629d8336dfd2d228166ee05c763b6e55e4961dc9d4
lib/market-integrity/pass645-premium-mobile-performance-budget.ts	137	81702c1e01ba7587f6bb2f9affca7958a2f16e6033a34959cdea83b913fe63c5
lib/market-integrity/pass646-unified-evidence-ledger.ts	127	b9ad8aa3750926c8b2bbf68f64fa66efc89a0948c7c697677f21ad757ead90da
lib/market-integrity/pdf-a4-download-receipt.ts	9681	19bf19596ceb082323e20e1ecc8a1b7e34870f3bffa8e3c8c73f3d2bb8fdbeee
lib/market-integrity/pdf-accessibility-phase-2.ts	3397	d9fffbb7fda57e7bf286a1732036e82a9ff14b6762003b712625c8a7f91d990d
lib/market-integrity/pdf-accessibility.ts	1656	f9e7b01a26db05decfd54381c247a85ae9897da279e7829653f3a9b990449ebc
lib/market-integrity/pdf-exact-preview-runtime.ts	5387	bbdd30321ba5b50bc72d6ac034ecaeacc0fc1f1c85d3a815a4971b11858d9d20
lib/market-integrity/pdf-forge-intelligence.ts	5688	bebf4558cc97b33dadfe77d2349287341bdfa192b05230dd230fec805958d2c5
lib/market-integrity/pdf-multilingual-typesetting.ts	2969	30e9c431de112948d8d77a51789d7660978fe3008e55cec3521171dda18e8474
lib/market-integrity/pdf-page-boundary-matrix.ts	1703	8c8178ff254403d4476cfcfbeaaa3fe3ccf4fc103638c8dbafba3f0792eaca5c
lib/market-integrity/pdf-page-break-audit.ts	1860	a225714cbb32000df665e021c6603a3945df72e682ef9ef67efa1cc4c2b82bdf
lib/market-integrity/pdf-page-compositor.ts	2907	477b8955a13f00e577eab1cbef2d9a341c28c650262dc2141ede4a4682e32ccb
lib/market-integrity/pdf-page-rhythm.ts	3999	a4156e2a65bbbf4964b1c59f3cf161f25ce77973d299bc9d6fe5c0970f0b76c2
lib/market-integrity/pdf-page-two-density.ts	1866	b52469e35885b29936c2371c21711b041b2e1c6e7445e4f0f0c1f1ffe6eb731b
lib/market-integrity/pdf-premium-final.ts	10099	7a4dbb0f74460cf454b29289dec7063530297ad454f91806c6ff2f8fad0549d9
lib/market-integrity/pdf-release-proof-capsule.ts	2193	c6a57c46407eba6ea8cfcd1cf2f15c11b4416c3c2b3e83a31e8c4a50528fcdf7
lib/market-integrity/pdf-release-scorecard.ts	2621	288889c2591c5ae937be95ac6f32dee440bebb9b3e06af76d2a1410ab50b376f
lib/market-integrity/pdf-typography-qa.ts	3437	057c5d2bb133500899d62851e0f8f1b9e0b49df15c3cc3eb6c0e956c6ba999ef
lib/market-integrity/pdf-typography-release-gate.ts	4583	eabf3f991f197dd01d3be4dc74421525b64faefadbb2ac0f022bc6631ee61b6c
lib/market-integrity/pdf-visual-fixtures.ts	3206	d1df4f28b7e3cd6ca8d90e57c46bf903683a8dae30c02f25223a3f3be2f2f1c6
lib/market-integrity/pdf-visual-release-audit.ts	3261	e6977604c778ab7f3985fa98a671cb446f015a808479b01367dc582477facb96
lib/market-integrity/pdfua-external-validation-lane.ts	4969	0757cd53f55668b4908fc143e2300914f297dbeb64d5b551fa8757405507baf8
lib/market-integrity/premium-evidence-bridge.ts	23454	0bc1ce244411de3f1b6e072291249807fb7d6c75282397c2c1632684fb4872c4
lib/market-integrity/premium-mobile-performance-budget.ts	3087	df4d62e4845b7de921cd108f2b46e5c7e598e6474b1e5a349216093113f8b549
lib/market-integrity/premium-risk-psychology-rebalance.ts	14412	62d7c424e4670d752fdb0e62a6a25fa6be8c239d396a92cc18eba3c8494bde23
lib/market-integrity/product-auth-vault-freshness-rebalance.ts	21672	20b6b1804fadf6d78bf9b0d99a0bf5194a22f1717f4e7414bb51b66dd9d18ead
lib/market-integrity/product-ops-audit.ts	14284	74990318c563e77128ddaea2083adc92786ba2cb1638b78660cf756ea47edef4
lib/market-integrity/production-hardening.ts	19563	1032cce81018073b2572d3a97ca4bf7e1d264af801752cf48a6afd705237bb3e
lib/market-integrity/proof-gap-downgrade-ui-rebalance.ts	15224	fac9316df0c7619bd8c6e3d46b9e5fe57077ea66cd7348254dcc8a6f16a3b48a
lib/market-integrity/provider-closeout-runtime.ts	19150	bb533fe7270dcd5e58547db8377d245fcc9438bdcf0231804d6d17f5cbe2fc90
lib/market-integrity/provider-consensus-pdf-runtime.ts	8691	15eb32680ef0de32c27a1737b0e963d4fe71b5cf3774dbfb4003f74e70f14a9d
lib/market-integrity/provider-consensus.ts	5833	4d9208cd0b477b5ec43d57473ba2e8d8e429907204dbafdaaa436c635db15375
lib/market-integrity/provider-contradiction-engine.ts	9650	355f6d469f138481e9f45171debc3ceb34c0b403e1a66a12cd98ae96f9dfb17f
lib/market-integrity/provider-crosscheck-missing-data-hunter.ts	15680	51c25663ad4fc54a04dca453348b3ad923629126fe498c67baea422612dbed4d
lib/market-integrity/provider-evidence-contract.ts	5166	54725d335acab058454e28c7c010e13f57e5a9c36fa7f1109b78342810e03df7
lib/market-integrity/provider-evidence-ledger.ts	23064	346c78ee6609726509b66b3b195c8c8ff08a5fcb2f949f04e295b5fe17920345
lib/market-integrity/provider-evidence-packet-ledger.ts	13293	493e850f5416d4ef2599d51e26300463fbb1c5162709c6a2e3fe10f3c7d06604
lib/market-integrity/provider-evidence-receipt.ts	22619	1b3bf1b2296ba41708b7f478d3ff75adaa6402a256320b85487089dc072b2107
lib/market-integrity/provider-evidence-tier-policy.ts	3876	a25d8a48f6a103463a7894b61b9b4b459f8d78832e5a65bce02de32f127e0bc8
lib/market-integrity/provider-execution-loop-runtime.ts	15178	92d3cc1e70790856af99a8211d9625e549ac8d25b45f73bd142d2d26f9feffe5
lib/market-integrity/provider-failure-matrix.ts	7717	b0c8b5ae05f614cf7154cf3ebe4be71f39cf2053f8deace3e0200a80034edea3
lib/market-integrity/provider-family-identity.ts	2446	a324c6f7ac6adcd9feaba94101daecd57aa5b651eff2b7bae6c02bdca245af43
lib/market-integrity/provider-first-asset-class.ts	4771	6a194a3f131f977efc115a30b2551f6ab0ddf35c46af410497555b94d941010b
lib/market-integrity/provider-health-ledger.ts	12301	caf35fcc4e98f5662b7a522559db5d410fe18e0e83725c8aa12cdb9ff4d68842
lib/market-integrity/provider-health-probe-suite.ts	10900	375bf9c6aa8c2b110a39ab3be6558534c2c7248d57eba57f8e5c97b596e40647
lib/market-integrity/provider-health-store.ts	25176	9f5cf636d2681a83d5d3879aa3197275f3983a7f0413e7e9ee596f627fc2fb4e
lib/market-integrity/provider-methodology-registry.ts	26907	d56ae6a46ba6798dcb602a4f327ad896f10e6b5e64cd3436d1bfc8ccd9e3aba5
lib/market-integrity/provider-observability-board.ts	11226	db77e757c7f0c71cb6510d0c9372e14ed1dd80040f093bfca8e47fc8865e7e9c
lib/market-integrity/provider-observation-ledger.ts	7600	e3ffbc5a1ad69b40df85be3ce1f19cf3d2d732c1aacb4293489c33331d1cc16c
lib/market-integrity/provider-observation-operations.ts	7922	35a03be7615d02a638855866b07bb072341182ef0db6834708f6b0d956b3e49d
lib/market-integrity/provider-observation-quarantine.ts	12353	113b83f6ffa75fab27abce252797e743a641903080b20c25a26b6fd38dade364
lib/market-integrity/provider-quality-auto-rollback.ts	12058	ec23cbc6c3082fa9ca74704af5c74ab7f61319750bd861c74ab0ed20834dd44c
lib/market-integrity/provider-quality-incident-response.ts	16044	e40c78b8214d6c3562c6016ea8c8c0ee5600f1ff9666c256cfe2fc10d2a21507
lib/market-integrity/provider-quality-recovery-proof.ts	19193	74f16f28d928b8635ada3c47399f70d84b52a144c75511805df97f16739830f4
lib/market-integrity/provider-quality-replay.ts	31010	ccbd64d99807629bf8f7f409877daabd6e82b56aa62edfe3c1e3d759d5005b6a
lib/market-integrity/provider-quorum-reconciliation.ts	21215	92f05ac96387412f732ee0e720ec30a9e67076e032462684a83a9927ed1b3053
lib/market-integrity/provider-receipt-observation.ts	2067	afe60025680175cecb1cb36623bc235205fe6317277a87f54b50177a28bc8a38
lib/market-integrity/provider-recovery-release-bundle.ts	16309	8a3263990d03379cda4c1489ee411662794cd1bed345e00811c8c594627fdd47
lib/market-integrity/provider-recovery-release-certificate.ts	18704	5dc66a5a007a9e351f0d43d36b1b631f9ef22f31a9c925e079b9682454e0b004
lib/market-integrity/provider-recovery-smoke.ts	18685	9e1e5078416b657b39e1fb831bab94571f7c9cad7bc197cd40eebe51cb85788e
lib/market-integrity/provider-reliability-control-plane.ts	31014	8c5ef2ed371e9c6aaa653b893a6fbeaf8bb727c4444cd585f9dce419b7c61ebb
lib/market-integrity/provider-reliability-shared-state.ts	17045	64f79c6865cd3b9ec913a9d2df813bfa3999f68b52c5e8e2d87c26802252c428
lib/market-integrity/provider-resilience-runtime.ts	14853	72c914480cf966244c5cfced9fe1b3054fda68e527bbdd13b7a31516f4a8973a
lib/market-integrity/provider-rights-public-summary.ts	1982	0a4952c1c507e08454cb7edb0d1fa13622391fdb720c1f6de10976c782b1b7f4
lib/market-integrity/provider-runtime-failure.ts	3271	c9d1dba4ebe563dc391cb630664b143a456f77dc1bf413baa6f5ee527c44cedf
lib/market-integrity/provider-runtime-inventory.ts	7476	7267e1e29278fb7cee4f5b576036ea26d501fab25c878f0c13b15a17b765aac9
lib/market-integrity/provider-runtime-plan.ts	9131	1b6b3856193b80f12b82486d460dd8ff6790e2497f994d6e28f9ad9bbeb0186b
lib/market-integrity/provider-slo-console.ts	2993	ef2a3862384e6ecfe95bfcd34474ee6230cfdb26669ce2415f75e0c99868df6d
lib/market-integrity/provider-truth-pdf-runtime.ts	14124	c0899546ee4c59b67ec0a7690e75f80d8f25642509a774fda16e41fe8567dd86
lib/market-integrity/provider-truth-router.ts	36335	a810f2344924af733100e4a1377c51b6dbb2f696e99a9646472b41e7b4f049f4
lib/market-integrity/public-atelier-trust-ribbon-gate.ts	4585	bf98c845da6dfc0aba00133e7fe31aa15847bb21faa52c803d17d131e16de192
lib/market-integrity/public-claim-transparency.ts	10722	5f0f6a2158711002c6b9cb5469a65871fc3c0e4e4d28ba17241e019a729195cb
lib/market-integrity/public-commerce-trim-gate.ts	2402	57f31bfdec1204e73f6d6cf09bf9fb64e21f3d16474e708126294764c8fe3ca3
lib/market-integrity/public-copy-polish-gate.ts	4518	841ecf4e069584c4c7811f42326ba2f80aa4ca66f9c51fd8b1075fcc183eea06
lib/market-integrity/public-first-purchase-flow-gate.ts	3901	72b41f1a1287479c815a6ab54d064882b2306d7915bfb3c610f02584e6064bdf
lib/market-integrity/public-launch-surface-gate.ts	3984	3b1bcaae87d849b16c785bd5ae8b3fde098d4cb1c893984859dce4f092862374
lib/market-integrity/public-launch-terminal.ts	19599	262f1eed3cb27a69de6f490e00446aa9fe47d3ff4c5662e5d0d16194e5b10a8c
lib/market-integrity/public-product-pathway-receipt-gate.ts	5120	6862627cb74df304400f9b487f1a29338b3272fe3bbf5c7b8cdd402311b05b8e
lib/market-integrity/public-provenance-drop-concierge-gate.ts	5281	59a80b51ad99f607c44333938a41ba0fc9ced8a63de030bb09e3e7016ab8ba9d
lib/market-integrity/public-size-confidence-concierge-gate.ts	5675	34d934f1f73926b0e587640eed83a1a3e83172c3551da184beaf7e670b8fd973
lib/market-integrity/public-storefront-focus-gate.ts	3054	b5d0e7712b9e27c5959c6f32fa7c340d21dbb3c8e102743af640222be79c7bba
lib/market-integrity/public-trust-evidence-decay-renewal-escrow.ts	15702	d8fd8fed7e4569d91dd461028ac7b6ac381111e1ea10850c87e306080e8758fd
lib/market-integrity/purge-job-receipt-appeal-reopen-rebalance.ts	22323	f50d66a12eaa0b3e63f76331c5733a744fca1728f249f8fba64101ea2737fd92
lib/market-integrity/r44p12-real-provider-diagnostic-boundary.ts	3102	70b654c58aba580141e19a4a29cb34c704ecae5cc4ed4f074f358ec856de3908
lib/market-integrity/r44p17-real-provider-diagnostic-boundary.ts	5787	754cc5828c5104ced57fc0969ad2d09e46b85ce1aa5d563b5521b5431cd6ab79
lib/market-integrity/reader-download-parity-manifest.ts	4647	a57bb7b74a5172fb221a0314917fdaf3c1ff00ac3ca488ca0dc9342237c36913
lib/market-integrity/reader-pdf-visual-parity-matrix.ts	4169	7596f77e379c3204c57938a02ea4a012746e4f9c0735cdeedf46a9c873de1058
lib/market-integrity/real-internet-data-arbitration.ts	13003	ff40ba3f69efc6470a9969a8ed3a19abcb434e5415f2f5162f46c44a8fe2a331
lib/market-integrity/real-market-provider-contract.ts	8790	50d7d6f253b11b7ab217a3c23089c32f710ec29c060cee4e791eaa19ec742a6a
lib/market-integrity/real-market-query-policy.ts	1693	46af75c53cab02ce8749e864cd3140de2a866f44ef62499b838e7cfdc2268722
lib/market-integrity/real-market-search.ts	2016	15b404a11bdac8c43f83ee3d6db92034925cfd26d0071e3da6ec926799514e21
lib/market-integrity/real-market-vlm-adapter.ts	54174	5100822c386628792cd4e54509628f0814e4ed276875c0368cd7ccf54195d021
lib/market-integrity/real-markets-adaptive-surface.ts	1560	1b7b7a3528191b3253d4b79ccf1139b2ce1a97c76f84db581f42ea90182a88d4
lib/market-integrity/real-markets-catalog.ts	3395	4c36094fc7e3b1119f2b8e32703325e718f711419f2f364456c82e9dbcb0f7d5
lib/market-integrity/real-markets-customer-catalog.ts	2444	7afaeefe42331cdafe04607f9497876ca7dd427f2edd19871888130cdf1d188c
lib/market-integrity/real-markets-customer-evidence.ts	14018	1e17697d8784fcbfabda62855b58cecb94ab38f289d13bd38fdcd3ea78c17a84
lib/market-integrity/real-markets-data-contract.ts	8194	22b743a74bdf545b29138dc6166e1c547b0cbffee83ce7e35a0f3a15557265ec
lib/market-integrity/real-markets-hourly-metrics.ts	11241	7a3db5559b0f84bc7067d3c1916efc393c1131e2be6a34907375d1a72546a3bb
lib/market-integrity/real-markets-noncrypto-taxonomy.ts	2093	f9abef2fd1fe0e1d860a0b1f43c11fe6b9e04223657e8186d5b393af98c30e09
lib/market-integrity/real-markets-paid-account-artifact.ts	4032	483ffd699d87c07c76260be45f5c88092e358b8514b73ffd88126eb4d70308b4
lib/market-integrity/real-markets-provider-lineage.ts	4426	c5a5231782617fc3c722ae9508f5043a226180a59e91467b2497572dcb2ba387
lib/market-integrity/real-markets-provider-quorum.ts	5934	ef6072c9684144dffc71a88e8f1903f118bf81258fb10c9d434e5f7f858fea88
lib/market-integrity/real-markets-provider-transport.ts	10702	d0262710168b7f9cc84f170fe69c13a44de59e03251b556baa398c7aab48051e
lib/market-integrity/real-markets-quote-hydration.ts	14408	198a257bbd12d0a9d261fda5a7d75af3f44162faae293e7048b1cbed58b2f8be
lib/market-integrity/real-markets-response-policy.ts	2198	b4c780c10a6599e593f277683ca6c9ab52f61691135ef14c733f854f88adb756
lib/market-integrity/real-markets-route-orchestrator.ts	45233	c3560f55dd7f049bb5c8935d50c9e1973a9935d10271a9ffd5fd33ea5d26f9a2
lib/market-integrity/real-markets-sec-companyfacts-hydrator.ts	16353	92a9cedc1d7247c513caef781fe0084d65e1bb423870c6953ca98c83d7ba57d8
lib/market-integrity/real-markets-terminal.ts	1816	e307e45ff10944fa13b1648ee67c7d650517efdf3b889eab1b5ea708a09f4080
lib/market-integrity/recall-resolution-support-replay-rebalance.ts	20365	797bad9f4a240ea934b0aaa900e36639ecbab67f0aa7e4b5af09a3adb6361a55
lib/market-integrity/recovery-execution-ledger-rebalance.ts	15796	05ae9dc92e73ae9bee2b6ab70ab63bcb37e80bcb8c7885846b1975b60e6ade37
lib/market-integrity/refresh-contract.ts	366	7474f96171a59e98c7e8d7486430e1ba979db9c9fb3842ed16c83e35651684f6
lib/market-integrity/refresh-registry.ts	13873	3a1925e2b168d18d98c6f4e3f6fed3d92597d02d49705405feb36b7a45044c0e
lib/market-integrity/refresh-worker.ts	5914	b889bd17ca3cd425d2f9e32b873e27c59304823dd16208d87f230baab62505cd
lib/market-integrity/refund-dispute-evidence-dual-control-rebalance.ts	22350	442d5c08860971434eaf785d1b4ffac47391ebf358f773a8daa97205e1800442
lib/market-integrity/refund-revoke-vault-replay-rebalance.ts	17699	eff0ebe28bdcf3477e288b066658bc9b078d52392e3aa88652a64ec62f432291
lib/market-integrity/regression-judge-runtime.ts	13969	2ac35541bc03aa6fb1ddc787f8a1dfc49c2c6ca39b228884d60f8e43ca50031c
lib/market-integrity/release-candidate-attestation.ts	26356	5a705531b85dac70196933d00677693f345d6fa47bb9630137db35c0c571ed38
lib/market-integrity/release-proof-package.ts	15939	6f8b941c8f5d9a1e65cf218610598c75724440702cc42218614c7d77db72cf02
lib/market-integrity/release-provenance-index.ts	23424	6401ee08ecc2ca62c293d2c0b5f13eb3fa46505415cbb1fbd13f257fa98fc590
lib/market-integrity/release-rollback-runtime-rebalance.ts	26122	854073164e1706543cecc6ce6c039abc0a58ea19e71e1f9f6662de8aee6e9b4b
lib/market-integrity/release-transparency-checkpoint.ts	22726	3dfdd86152f63872c8a94ee76a914c6d266a581e3f32cae0887b35ada132eca3
lib/market-integrity/release-transparency-log.ts	15502	49fe0c4c9f474803dccec3ba4b663f2b54451a463e556e01d9223673d4941da3
lib/market-integrity/release-transparency-witness-health-recovery.ts	11986	e42b81bc58b36f6fe174be7ad63b36b833d9b913ab01b59418417ce57955394b
lib/market-integrity/release-transparency-witness-health.ts	16126	6a9c368d44ad801fef5190dcfb4a740b0fca3e07a354a81f109902046f686445
lib/market-integrity/release-transparency-witness-rollback-resolution.ts	13531	7d2df503f303e7637c50f88a963a025defd79adf1cf296b1f75bd67e7ebaa294
lib/market-integrity/release-transparency-witness.ts	22808	39277ac8426cd629fbbd03b828f53e4e1577337538986d69aef71616b1af565f
lib/market-integrity/release-trust-checkpoint.ts	25720	7f431c837dffc0f49f32a13a94847035d82618a43b0d8b7dd4cb4b7981bda7da
lib/market-integrity/release-trust-consistency.ts	14243	052bba07d3d968bc86c213a7f73fe611d196407606d5a6d83d24ef45de76e1d3
lib/market-integrity/render-fixture-overlay-source-rebalance.ts	17039	450ae22de455a153cfc7b9f7eb603c7a836b322379ba9abe214045dd28f2c56f
lib/market-integrity/report-asset-family.ts	211	e2e9ab0b54bdff8c40751a56bf88852de23bf4c5fb2faab69a20b8f0aeeda8b4
lib/market-integrity/report-evidence-capsule.ts	17843	8cfc9fcb2e9240221acf0bf647b6b4d1e29ba717f6e5e7e7ed5da0e1f94b710b
lib/market-integrity/report-integrity-seal.ts	2715	1abb2d08a154d10344306d0262659e9a1cdad843e0ac70bd121bf2f77f4f5107
lib/market-integrity/reusable-downgrade-chip-rebalance.ts	16055	62f0eb6381752a619ca65ac1346c3be9bc1babc899ce08958c64d57b55882556
lib/market-integrity/risk-alerts.ts	4854	721ecd6bf579f2b5d49bd5d7d2adfb455e388c9227cf1eb6996eeef5b6df1851
lib/market-integrity/risk-brain.ts	15729	056144e28ea08f631c395254627141b5c1ef11b3452befe20256c169ec685757
lib/market-integrity/risk-calibration-kernel.ts	21970	fa827fb6495a990b91774703cac5a8a322e5a5b6b34d90f9f03b1237522768f8
lib/market-integrity/risk-calibration-runtime.ts	5051	8d323453c857ad2c480023a445b0579fe88f070dd282dcb0d2213872b3700197
lib/market-integrity/risk-empirical-calibration.ts	66709	74e3049cbdd7f5d5bb117003edfd132e5fcbae09d896448af8bfbda69a906a92
lib/market-integrity/risk-engine-context.ts	3228	3409df46cd837c34e7f50aedade00c4ef0a060e9d8a7a853611b6680aef7d2a2
lib/market-integrity/risk-engine-liquidity-supply.ts	11539	f53332fb459b0984325e4d44d7505d530ae3bbe472ce33ce2cdd4d32e6c46973
lib/market-integrity/risk-engine-microstructure-contract.ts	7516	bdcc28c87774d1c74fa05aff21da84d165442a6012f7390373e7a1502dc6e21d
lib/market-integrity/risk-engine-model.ts	27315	8c7e99dc3164b77c1ee1c2dd6dbd73708327e9e8cfd817ec35aa0ca7a50fa4a7
lib/market-integrity/risk-engine-profile.ts	20693	8815c4bec5fce0dfb377848f833fd9b5bfa204b9c3ea69dacba5480ae781d7f2
lib/market-integrity/risk-engine-velocity.ts	12224	fe20e33ade58608697040f00b75c9cf209f7b3e0a8df75f9504ddd0e38ce8fed
lib/market-integrity/risk-engine.ts	7306	0f758bf6bb74d782ae6896dc174c2f1e68ca32682d18fdd9fcc9f0685c3ad050
lib/market-integrity/risk-formula-worldclass-audit-rebalance.ts	24652	ba837af7c78fe31e354c7f1f991f1f63978c1bdf755c7e160383476b4f2fb36b
lib/market-integrity/risk-indicator-customer-truth.ts	13846	78ebf087489015afdef1e57370ff26e1c1324f94c071fdcb3e461228ccfe3f01
lib/market-integrity/risk-indicator-projection.ts	7971	f1a0970ae8de4054d6e38303423ff51ec1f74d4be721fc911cfe1509aa0b1a40
lib/market-integrity/risk-kernel-calibration-rebalance.ts	13454	aef846d55f77e0b3b341f790c5412534b5e13887307f42430febd9ceb6024127
lib/market-integrity/risk-ledger.ts	8503	e25b572080f089316f2b987dc19948fd2911541833de2524cfc450cd3a4815c2
lib/market-integrity/risk-model-binding.ts	2513	f7f556626c15912c4a15c60ea7049c55b5f599e346f6bfb61c1e7009c6258d1c
lib/market-integrity/risk-replay.ts	10445	bc40d3d9b7ff0b229e9c7b8ec72043358c2f911d61241f2076a005db39ca7ddd
lib/market-integrity/risk-score-availability.ts	1424	bfcc045210243984b11a45950aa3440965b33e764ffcbe6296ae107e73f5a8f7
lib/market-integrity/risk-types.ts	9441	779001c553e3b0a47121928992aea406a6d81980165e82ea0b4457aeb653fa3b
lib/market-integrity/risk-uncertainty-envelope.ts	4633	601aee3f59ea51f41301305b67caac2492c436df9e10ee9991bbb3324592f6af
lib/market-integrity/rls-support-dashboard-erasure-reconciliation-rebalance.ts	24425	8126b72b854ec75ce841a5eeeb17493cd1974a037eeac310ec3b3a94ba7b11c3
lib/market-integrity/rule-engine.ts	11053	73b71a0dbe75ce3146b02bdbf2a09ecfea401aeb5d8b074ec8fa4ff7342f3e3a
lib/market-integrity/runtime-evidence-chip-adapter-rebalance.ts	16643	f1034560b0b32b818cb149b7e5f9480298f4712b4050ff5376ad905de489a72b
lib/market-integrity/runtime-parity-queue.ts	15410	975125949fa271bcc3ab9237c605e857a93030bfd2fc800b6618e492c2338edf
lib/market-integrity/runtime-premium-evidence-hydrator.ts	15573	803e74d961840b796bc6664623d7c2ae0fc80246851d871c137a7348f7c6ef27
lib/market-integrity/runtime-receipt-api-runner.ts	11125	56fa1076920849dcc38e62cb9ae04386a253d26567da1af2d2153c14d0bac012
lib/market-integrity/runtime-receipt-browser-runner.ts	13347	b6ce8c7b139d21dac16bae9a185ab9456933931f9627c653c0dd5c259dd8337d
lib/market-integrity/runtime-receipt-capture-store.ts	15414	6763c672e9379760d8f275e772421d99a4e8087bae43f20c244b2e9adf610c23
lib/market-integrity/runtime-receipt-pdf-hash-runner.ts	11419	6af131f8d78e7cd765333efff8026047d2b54f74f15ceda701c7d398429f790e
lib/market-integrity/runtime-visual-qa-release-gate.ts	8419	f2d470532803cbe5f7b259db7aae4b1244864e354d5535c4dac405358c487236
lib/market-integrity/scheduled-purge-worker-legal-hold-dsar-erasure-rebalance.ts	25074	4a56fc249b37c896c26919c0cdee3d4fe8944a287d866b3a515cd88845be4712
lib/market-integrity/scheduled-revalidation-execution-breach.ts	16159	39dfbc21c0b49372b55c2d4bc7e55386afc9e3fb99344b243365e34da2a3948d
lib/market-integrity/sec-xbrl-quality.ts	17618	6164898e3a872f6c9600d28e2ceaa7b39348964fe84f937d0089052fa8a2c9e8
lib/market-integrity/second-source-divergence-matrix.ts	9405	e6ac44f82e85d220bae027ae808d31956e6603cb3cd107eac9f25f5d9ad3f8b6
lib/market-integrity/semantic-audit-batch-rebalance.ts	23668	967d8f9c8b09c71424871a6352ebb35d9ab455654c0f3b2a28accdea380d1352
lib/market-integrity/semantic-drift-source-lineage-runtime.ts	15087	0200b906b3e6c33f37edd70136e927addb459a98e99404313a9ba6e22df737ef
lib/market-integrity/server-owned-market-intelligence-providers.ts	49862	3e9e76371bd0699bd5b62a0403152ac0445de3c5f7b35ee64f16e0aff0f37d4e
lib/market-integrity/shield-attachment-linking.ts	2600	d4eb9550aeb88a3a8aca97ce5949f91bc231eabe9040f640775da61748964f94
lib/market-integrity/shield-chat.ts	27421	223ef7669f0f856e92f9debc4663253bf6e764f5a25a83b97b5269ca30d1ceaa
lib/market-integrity/shield-command-dock.ts	1289	facca79547c585365381697c44f107110dc712527e5316b22df8e97edbf33363
lib/market-integrity/shield-evidence-drilldown.ts	3949	36c6ba738d6b2042aeae9abcc85697bc44a8e180ea2cc224ebc3f6354069485b
lib/market-integrity/shield-evidence-packet.ts	3349	0565c612f2e791d315f18995c100b6cf09b1e6fd7b67b4193b3f20a201420560
lib/market-integrity/shield-focus-lens.ts	3728	b556786ec97b462954f9441a328e2ff5e2662d72f5b89373f55c9a4fde0fc388
lib/market-integrity/shield-investigator.ts	30376	0738cae17bdacc69510a38e52db2ec66673d8462749343490a71fea3acf4b97a
lib/market-integrity/shield-lane-focus.ts	1811	75cac83fecd170bc13f49a9525cb52cf976f837fc27b43220805149aff675c68
lib/market-integrity/shield-map-evidence-graph-2.ts	6072	a6402a20ebdc00e4fd2265959a053b756fe4e8f946e6b9916742e7a5bf80e6ff
lib/market-integrity/shield-map-query-boundary.ts	11000	82e7acd2b8b036516b94dcf746ce336f411c19d817dfa3c34ed5383b18ba8bef
lib/market-integrity/shield-pro-customer-truth.ts	4388	dcd31104d25501697d9974f52404884e804a70998beccec24ff3707b52d742b0
lib/market-integrity/shield-pro-full-catalog-client.ts	6874	fa7a555b58308a3954ea9e3ad51ecfee4d47de967f8561329abf13f18a29cde8
lib/market-integrity/shield-scenario-comparator.ts	3032	17de075633e1fce2599f6f66acf686c1cf2d768546ae05557107c794028de206
lib/market-integrity/shield-temporal-replay.ts	4161	0cdc9303c0827074545b53128095bf1798ef9643b11aff8384fa3e3ddd5f0397
lib/market-integrity/shield-verification-queue.ts	2279	a0295a43f9573d34bb699638c50d69e720786b26048e588835180086d2102b39
lib/market-integrity/shieldmap-browser-cart-rebalance.ts	12063	0495628e1272b93a1864f0177a24d7a4c2e62ff977fde587ad739e3bf5fc499f
lib/market-integrity/snapshot-receipt-persistence-gate-rebalance.ts	19316	5875f0c90eb079cda074cc5521fc1dd069be7bd7b96985c83481ab14821a0db8
lib/market-integrity/soc-orchestrator.ts	9592	f63fd3f455e894117bdc6986b034785e09f06c502f61585d17d66672135ec00b
lib/market-integrity/source-adapter-runtime.ts	7135	7bcd5fb1ff83df8fd0d66bceb2a0544215dd010244adbff94d98d7616058b1c5
lib/market-integrity/source-arbitration-hallucination-brake.ts	11263	20f073309cf0980456b842bb4c87b7e96a3e2149bd5d3697a720abe0fe88f594
lib/market-integrity/source-bound-depth-lab-runtime.ts	11536	f4e656e9767129dbe2b186d8d162ab9ede4b16145cde9c155f01cb6386886ac0
lib/market-integrity/source-citation-rail.ts	2325	63fd1a48ee2797158a065631107fc698057f9d6a2661f383bb9b67027742b605
lib/market-integrity/source-freshness-drift-sentinel.ts	15151	111f377a64aa03754b426dff4b086ded9eac0a35b4742fa1032682720a49d4ea
lib/market-integrity/source-freshness-expiry-bridge-rebalance.ts	20524	6d31571f76ae4db44d7dd120bf8972bfc17675680892cb9d3752ee58b17aaf84
lib/market-integrity/source-outage-replay-lab.ts	3871	04d5574c1fa5e23040a2090d0c2428d449393e8cd01f09c1df156aba1d0f9772
lib/market-integrity/source-quorum-ai-calibration-rebalance.ts	16367	71e28d18aa0f04ce9aadc51dbad385fa420209629acbeb3a2e0b794a8650ddfa
lib/market-integrity/source-quorum-gate.ts	13498	f6161b1f46a82e449c8f29d6731a047b1e67b27f805a89dfabd0cb07b657beed
lib/market-integrity/source-registry.ts	14350	50da2421a9c0ae7c61e4178a47bc29c6006692e7d0ca8251502a467e1db603d4
lib/market-integrity/source-snapshot-ledger.ts	7306	4fdf0a8486ec6bfcea058815f8f2f46971662e369445aacc6a95277b735aaca4
lib/market-integrity/source-sync-contract.ts	2843	04437242d1bbfb6d02d5102ef46d82ace455951f7ba92b9c43a412c1bc9d3d70
lib/market-integrity/source-synchronizer.ts	69390	9c17a012ce0f89dbab0d8c656b6f8aed96025e677b8248c8422a487973fca5e4
lib/market-integrity/stream-close-resend-persistence-rebalance.ts	19336	c7c48306598c43661d6f0df44d91c193bd71aed61325708f2d56e42a5a33c8bf
lib/market-integrity/stress-simulator.ts	6421	105b366d1a8c962fed19b709b3ea04e42a38ed156d44060d44beae9ace06c8e4
lib/market-integrity/supply-filing-provenance-lock.ts	22526	d6f0ef088cb47fe798635e5ce81e79f8a0a2a090186f48b31ea518d79f9cf871
lib/market-integrity/support-dashboard-action-rls-policy-test-rebalance.ts	22541	4a44d98e96fbb04e00d38d74bd6b9eea10014e3c6ce30f2e88a6c31b4d5744f2
lib/market-integrity/support-replay-persistence-stream-gate-rebalance.ts	23831	63e51ff2369e1d68ae77a6f31d47b9b1dee56c999a08c860163865b96482583f
lib/market-integrity/support-resend-rotation-ack-rebalance.ts	23081	9d7851e7a27206d7e95f1a36afd229d652bc815ae56a2288d765fa59fa989908
lib/market-integrity/surface-mount-runtime-rebalance.ts	16997	18e125076a8655dff8df3db69942905291c60120f25d1cef8d489a27fb5d2405
lib/market-integrity/surface-runtime-rebalance-sweep.ts	9445	671b0468e7f8ae7ef1530030f78cc4cf042af393f13768061d562297f1b206c4
lib/market-integrity/surface-runtime-resilience.ts	9228	409bae770c6b132cad29b3a001504d18d20efe3fa9c9e1cd4072e399976c42d4
lib/market-integrity/table-search-ui-rebalance.ts	16355	f8e4fbc4f643ceab09e7470eb34ad69689d56bc28d7c7decc7e9bcc86e6422bc
lib/market-integrity/tagged-pdf-feasibility-gate.ts	2422	2563a5e4ed316f04a13fc6442a44d74d35939025572387e71f03b2862eee1397
lib/market-integrity/terminal-chart-anchor-stabilizer.ts	12531	8c5d54a5d76328d7cdc8efa44c53cdd788d25384479f38949294fa4b6fd4cf58
lib/market-integrity/terminal-cleanroom-runtime.ts	12660	f9a03d9b012dfac6344a8c9096cb974a71dbd5abd4174f89f2ec40d20c5d823a
lib/market-integrity/terminal-control-plane.ts	11541	b0b2001d04f0b636dea69c760187a6e27f9d8a9fde5e15d7d7ad0cd2407fdd40
lib/market-integrity/terminal-evidence-export.ts	12619	9e76791bccfdfa791e1340b5fc6dba58dec1ae75be3ca3e5afcbedc3fa3f07f4
lib/market-integrity/terminal-interaction-stability.ts	10537	4a63da956ec423444f78f6412ed8bc8f47095c618a0b27df971ef9d79521bf6a
lib/market-integrity/terminal-launch-bridge.ts	9388	fa159d544bd09caf267aa3679203d1f47dc31a4598683040f3beaea551f490bc
lib/market-integrity/terminal-operator-copilot.ts	6710	31fae198dc7d803c7b0f424b6ba956a25fc1cee7e97bc966317d38c8f85139da
lib/market-integrity/terminal-operator-focus.ts	12163	f320ff35bb17b16437418d4b3be8e335290bc76c6d3741c29d600f1e4172325e
lib/market-integrity/terminal-payload-stabilizer.ts	15021	c6ef12325c71186ca1dcedec9ed2f47bd308eab53feb354345e9c4a7206d1b08
lib/market-integrity/terminal-performance-guard.ts	2670	243f3059c99872f476358af23377364633707ac4747681b6b6593a837932c906
lib/market-integrity/terminal-precision-anchor.ts	12345	9c93e266c57f02c3016ba85904147b2ecc4f28a653a0cb1f18cb75dc026b81ce
lib/market-integrity/terminal-readiness.ts	11960	7dd29d7a01eeb8c9c79b7e8dbc897a36cf4841b177edaad88c3d51be57c1bc05
lib/market-integrity/terminal-review-deck.ts	12890	489902b9f9ca4ce643477a52e05a5910d89424de0702e90ff6448b192530a030
lib/market-integrity/terminal-risk-workspace.ts	18776	f8ede77cb8223bc7ca7687e08e99244daf916b39fd0ef2d88b79c03e834d7580
lib/market-integrity/terminal-runtime-health.ts	12392	4872103904718845d6ac7a2d527c6793cd7401a8512830f12c04e29b5d48ef27
lib/market-integrity/terminal-source-trust.ts	13865	ce80461d60da5b1940d4fc70436a803bc5335ed3427ad9979808c1e07d1acb88
lib/market-integrity/terminal-usability-guard.ts	15610	02dce5621ab557848b4d4670790bd449513bad491376bff7d0a53648cc4f0f93
lib/market-integrity/tier-180-output-matrix.ts	18387	c01ffcb758ce389107101f82e85a041438fc1d19797425295509be4f0a9098ec
lib/market-integrity/tier-commercial-value-contract.ts	13343	70c5753c6f45d67fd30160f00f422c499b8aa56cb6402ecacc536325149d3a9c
lib/market-integrity/tier-depth-scenario-parity.ts	36599	40251338bde83cdafef555b2b4acc6aff1e5ff236fcebc273b1fca44ad3d1063
lib/market-integrity/tier-evidence-parity.ts	14518	94a2ded85c637dc088fc95820d58e7fd474e6134cf985eed31c27524bc13301f
lib/market-integrity/tier-proof-passport-rebalance.ts	14532	260044974082225faf8f96d16d9ab86c113a70ed39130d31cc4e4cd53b08f130
lib/market-integrity/tier-runtime-receipt-harness.ts	10177	16618c01edafc02145aa811855f2a65d26c3fdbb8c5935644ad51e36ba5a962b
lib/market-integrity/tier-value-proof.ts	3180	a7ddccb240f697ed405ca28e4bde979c67788eb0c7960cead576066ba1116e99
lib/market-integrity/tiered-human-analysis-runtime.ts	14130	0b12586c4699fcb2b67a809a6bde53ba9da568adde8498bf8d97fdd68af2f99c
lib/market-integrity/top1-account-vault-remedy-reopen-audit-gate.ts	10025	bfc456c02a042135ad9de8d5c354fc70242ddedfad1de9c16ac16e88bb90ea62
lib/market-integrity/top1-account-vault-token-consumption-gate.ts	12070	161a2ee6fd389a0d10b4ca76784f46106fe943049a65bd05a7d1baf39fe5e099
lib/market-integrity/top1-advanced-human-review-signoff-gate.ts	9733	09aa1b2e12133e5856a8df54acffc7bd2402ec560264ec55d131ffcecb4a7d17
lib/market-integrity/top1-advanced-review-replay-audit-gate.ts	11304	4751eb7bcd1363963c12da12a4ff4e075ae406b61341722b075e1823d5dda226
lib/market-integrity/top1-community-source-upgrade-moderation-gate.ts	10851	1511165f0fa455985def864dc6d88db05845281e5a88dfcc7cb55ee6abf2b205
lib/market-integrity/top1-customer-delivery-ledger.ts	7809	cdc7f3ff81abcf278eb5d3002007e94bc5496b39632beebb81b0d8f951ea838f
lib/market-integrity/top1-customer-export-ack-signed-receipt-gate.ts	15331	8bd0d9371eff447326cf8c737ed44f1c561c03b59d7161b3db04b2b5168e89f8
lib/market-integrity/top1-customer-export-archive-retention-legal-hold-gate.ts	15230	2a3dd71ba1d90cef4940381e8a077169e9eeaad9d27632c231bee379903ff52d
lib/market-integrity/top1-customer-export-delivery-ledger-persistence-gate.ts	14530	4ccdb30ee052d80284deb6f0caf80fcf26547ecefb400be7a9b4a40996efc467
lib/market-integrity/top1-customer-export-dispute-chargeback-hold-gate.ts	14982	5de6f540ab3d573b5ca3d9c040a1dc8618ee7cd2cd9d3b7885cbde5a085b71a5
lib/market-integrity/top1-customer-export-dsr-appeal-resolution-closure-gate.ts	14188	efe2c7513caecb4fcb104c97a4cb8d70b6df5203c04c32c71c4806a10d354601
lib/market-integrity/top1-customer-export-dsr-delivery-appeal-reopen-gate.ts	13518	e8a96e34225e4169f9895f1f217bb6cac28b8c3e755a5253b7f3a24f5a8efce4
lib/market-integrity/top1-customer-export-expiry-recall-gate.ts	13624	a46c46fc0eec9f92f10a32aee1ece0c971bd3dc07d75f45de0e1ba7135cf052c
lib/market-integrity/top1-customer-export-final-archive-bundle-gate.ts	13874	2f47748cb9d1d54080216f0e06c8d3e882d20da08eec622c6078223f544b37cc
lib/market-integrity/top1-customer-export-operator-release-reinstatement-gate.ts	16839	4d6857dc413428f6dbe8afab14f764c9f4ca79724f3faa6eab2778da78ada766
lib/market-integrity/top1-customer-export-post-purge-privacy-attestation-gate.ts	14361	80c54bb6ca19e9827ae496be27b593e5944f2ce41a0e2f9eb5e88c1e3423b394
lib/market-integrity/top1-customer-export-post-reinstatement-audit-notification-gate.ts	13471	59eaea1a996910f610ab80fa61885c3d5dccc254cdb9ea28ebe83eb66e5eee8a
lib/market-integrity/top1-customer-export-privacy-case-supervisor-sla-gate.ts	12679	1d9d3ab8c894c8daf85819c3b1e162ae53d2db7e1fb3e62b9efcfedb85147e7a
lib/market-integrity/top1-customer-export-privacy-incident-dsr-escalation-gate.ts	15843	ae4fcfcffa0bc1c5a5caeb14c49532532c4a1b7702e16f9ab09e3f398c7a9620
lib/market-integrity/top1-customer-export-reconciliation-drift-monitor-gate.ts	13231	4066886f39ff247417f056935c3016d351c355b8845e7d9895981146fc5d7d70
lib/market-integrity/top1-customer-export-redaction-packet-gate.ts	13033	08768bf8104cbea751c77c2c03dccccbb0f6bc66816969c38294de8ff587b479
lib/market-integrity/top1-customer-export-remediation-ticket-close-gate.ts	14542	bd86b21d2046b22dcd4fbf4121e1987049cd6e0328f25faf103110af3750858e
lib/market-integrity/top1-customer-export-retention-purge-execution-tombstone-gate.ts	15229	11d53409fb8a622fcfe8da63e5403773043f843d0851269671055f713d39c703
lib/market-integrity/top1-customer-export-runtime-adapter-stub-gate.ts	19247	fa89e8adf81f2539bade8b0f58235f4f22a973806ee7b854a0fae7197f1bef46
lib/market-integrity/top1-customer-export-supervisory-disclosure-final-close-gate.ts	12790	0e0f9e45f11b1dd3dd7b28db7b431ad285de066c4361220491eb4b26327c0a2f
lib/market-integrity/top1-customer-export-supervisory-disclosure-response-correction-gate.ts	14703	4312a8e64619650c55332d119fdf63261eaf1298cb6844834b703d163879670a
lib/market-integrity/top1-customer-export-supervisory-emergency-refreeze-resolution-reseal-gate.ts	18421	9a30c3b5eccb66a4aed33e04fac2ea98a83b6510e95a58525578d9c4d63d4630
lib/market-integrity/top1-customer-export-supervisory-evidence-index-gate.ts	14296	8cadee1fd382d9d26ddebe01f3b49d0aff7c803369f9dc7ed827fd9823b8eb23
lib/market-integrity/top1-customer-export-supervisory-evidence-index-tamper-incident-gate.ts	15598	a285f4fe7b604becfc77094ad29e3596a2c02fc59bf5753043d17307737b5ae8
lib/market-integrity/top1-customer-export-supervisory-final-evidence-index-freeze-gate.ts	14626	bdac5b03868051c15c5d863d64520475ca7afd39abc3551eb469d7194cb319b6
lib/market-integrity/top1-customer-export-supervisory-final-trust-restore-long-term-surveillance-handover-gate.ts	18043	bc8ce8662668b7a7b6b6a693bfa24b73a5aef300f0b2164621fe7a2892bffb53
lib/market-integrity/top1-customer-export-supervisory-post-closure-mutation-incident-resolution-reclose-gate.ts	15710	0d73e9ae62c25267a3442eb15089448dae6c3bd8b81e4d21040cba305fdd8ec2
lib/market-integrity/top1-customer-export-supervisory-post-closure-mutation-watch-auto-freeze-gate.ts	13906	f69e5e2e9f7849dac9a815bcf45cbc387bf6986aae4024f3164259749883fa8a
lib/market-integrity/top1-customer-export-supervisory-post-purge-residual-evidence-scan-gate.ts	16837	64f3ff26eb18b02b55de99dc51a1c4891dceb91e07acb50cd7794571622a845e
lib/market-integrity/top1-customer-export-supervisory-post-rebaseline-stability-enforcement-gate.ts	16162	0fce15f1cb0d954ecdf62457c7ec92c5146eb2b87350fb898afe3d27efc18724
lib/market-integrity/top1-customer-export-supervisory-post-reclose-regression-slo-gate.ts	15852	44780bbedb86c41e0ebf99f782b91d3a4d6b2a92363484736b022d6ff6cdb561
lib/market-integrity/top1-customer-export-supervisory-post-release-channel-monitor-rollback-gate.ts	17488	f2745ade8c82b72ec0aca5435a4c8bb6288fae1bc84a61cc7e4f533c7cb108cc
lib/market-integrity/top1-customer-export-supervisory-post-release-observation-close-final-channel-seal-gate.ts	17496	92332fa96b9c77c9eab7d9f72f2de7cd98c858c3fe4938ece69b1e06a48cbff3
lib/market-integrity/top1-customer-export-supervisory-post-reseal-probation-relapse-sentinel-gate.ts	17778	d54605be417ce5da569c59afe91d7c8c5dd2e86062a5174fb73866ee429cc5f3
lib/market-integrity/top1-customer-export-supervisory-post-seal-drift-sentinel-emergency-refreeze-gate.ts	16614	1d634ecbe1e9a0ac57cbe19cd91099ee71d279cd031e37fb38204acd89ce4311
lib/market-integrity/top1-customer-export-supervisory-recurrence-escalation-resolution-rebaseline-gate.ts	15386	c21346cf1e777eb7c332484952667f77d186188f11d9cf313ccf22865008751f
lib/market-integrity/top1-customer-export-supervisory-residual-escalation-resolution-freeze-lift-gate.ts	17101	c4dbdaee7fc4df13cd335ba3cb6ef39cbc1595706bdc26f790181ec13948f2ae
lib/market-integrity/top1-customer-export-supervisory-residual-finding-remediation-rescan-close-gate.ts	19838	8a2f1bcce7fe5aab3219aa118f072ec1f32e1da6f3e3338beb3f5e3bc264ead1
lib/market-integrity/top1-customer-export-supervisory-residual-remediation-escalation-missed-sla-gate.ts	18022	9cd4812ac9d75338d48479fa0c889240f0d729f5c3148531ae4cad571664789b
lib/market-integrity/top1-customer-export-supervisory-retention-job-expiry-monitor-gate.ts	12968	ad627ebf02b12d30191e98c1403a5742be0736f073a7787e736e3a136d3e673f
lib/market-integrity/top1-customer-export-supervisory-retention-purge-tombstone-gate.ts	14859	8d03f0e07f8d3de8a373e4d79fd870a992ada57369a3ab0e673f476f3caceabb
lib/market-integrity/top1-customer-export-supervisory-stability-evidence-rollup-release-eligibility-gate.ts	16988	bcecacf951640bbdf185277317432c506ee3417e2e9258120b2f5df7a4712626
lib/market-integrity/top1-customer-export-supervisory-tamper-incident-resolution-archive-resume-gate.ts	14749	908d9794752f425b964a299593b57d6a540b6c853e6e26ee50983a65bb5394c1
lib/market-integrity/top1-customer-export-supervisory-tamper-resolution-reconciliation-closure-audit-gate.ts	14653	a25e674383fd94343a15f413d3ab1cb855d622962740a5cd6728902adf72b196
lib/market-integrity/top1-customer-export-transactional-outbox-health-gate.ts	12149	578e311d9b95dabeaf61ad89a166026b0c389528087dadcc30c3265aca139053
lib/market-integrity/top1-customer-export-worker-replay-recovery-gate.ts	12095	45edb3f74b5d4decdd0d7edcbdea16dead9698e67e640bc4a404f7123ab99e5f
lib/market-integrity/top1-customer-remedy-refund-credit-gate.ts	10002	524f927d64b6a325b58da23a2cf9a838dab1363cf9d071a95d36cbae68c1c43f
lib/market-integrity/top1-customer-safe-narrative-gate.ts	10438	5539f04814c0ee1bb2c44dc5f714d883a9f42eb8011483e5d3d22a14bf1e2386
lib/market-integrity/top1-entitlement-report-access.ts	10562	db1128ee634f309779a40893247e5b0d7b7b117bdec82d209390556d4dbfc88d
lib/market-integrity/top1-evidence-artifact-handoff-gate.ts	11226	b6cb0397f305dacf49fabdeb92ffb09be6137028981ea0c9ee7f533eb9fb1e8a
lib/market-integrity/top1-icon-provenance-gate.ts	8776	0daae05b2eb3ec59f253a701e130657c50a188e89535c6e207b8b7430062307f
lib/market-integrity/top1-incident-disclosure-response-gate.ts	9816	4e65c42e66ff4a3048fdf4413962fe938359e82f57c82bb0b484d779014d959e
lib/market-integrity/top1-launch-readiness-evidence-gate.ts	8044	2f027a91c88230e7fd9ed870231330dae94b9da60e229ff479c7b5241c3224f6
lib/market-integrity/top1-market-microstructure-gate.ts	11118	96cb9e78d8feb6b872742b5b25b18b49bebf4109c0ac3f724ad437692d53e188
lib/market-integrity/top1-mobile-accessibility-overlay-gate.ts	7609	4202645503b718794fdd3f936e3f7f2967f65526801a0b6af2c093d8b28d7026
lib/market-integrity/top1-pdf-render-cleanroom-gate.ts	8190	3d4446f6d3f38b2ba3dfaf543816a4e1c585db603512971ab4ad935fbab32789
lib/market-integrity/top1-pdf-report-core-chain.ts	9310	ec992b7e47b93235dadf5247af0da3f1086b018e09d1b01c233c3df9a458f9d0
lib/market-integrity/top1-pdf-report-export-chain.ts	35329	90a670485f9b513395b09e33f368555b5d3e793893bad3ba0521326e975d2e85
lib/market-integrity/top1-pdf-report-payload-types.ts	75757	1cf82e16e6b5a48d79c1451331b08b4206388cc8dae7246891c82eee22566ec1
lib/market-integrity/top1-pdf-report-payload.ts	56440	48269ef4e25f02d3000a79b1e232cd63f40858963e0cc941496aee482b7227b3
lib/market-integrity/top1-pdf-report-release-chain.ts	15034	60457762740609de6d008e796cb7f69bd2cf35d2dcce21d312b050b1f4486f53
lib/market-integrity/top1-pdf-report-supervisory-chain.ts	56515	aa511a2ce64962dbbf68bdac426b32ced97f4323812e13aa32ec3a7d83a85ce9
lib/market-integrity/top1-production-canary-rollback-gate.ts	8337	b0366026b8f3411e1bfa83c96cd1936fdebfd453d7bf06f6c326835599f9105c
lib/market-integrity/top1-release-packet-seal-gate.ts	8316	cfd5123eca8a983825766ce27661b2a8afae64b818dc2597c8ad05efeb4d8f72
lib/market-integrity/top1-release-proof-collector-gate.ts	9669	dac8e928a2a406ba4c36ab37e742a833d22cf9a1ac8f6c6204c0347267947242
lib/market-integrity/top1-remedy-reopen-replay-lock-gate.ts	11424	c1b6ab3c69105374f01caaa027835db203f6e9db3436e29a624c19fa12ab1689
lib/market-integrity/top1-report-integrity-vault.ts	8752	3ea1b3fffb89a0351c58d5cd3db3dd4e8cda5bfe0cc54cff28001194b3150b2b
lib/market-integrity/top1-risk-foundation.ts	23179	9ae419112d06fafc436343b350fe0320dcce40e6cbb2a9b5a4a0ec7e56e02c36
lib/market-integrity/top1-runtime-observability-ledger.ts	7089	b5f826dba5ab3b6ccc3d1fde25fc535555d79df15c017f29bd2c6a3694493be4
lib/market-integrity/top1-seal-drift-monitor-gate.ts	9102	ed243c2128e1b24cea4779b53ae85a6c9de889b8f35db75f8f2cb2382cfe8587
lib/market-integrity/top1-source-poisoning-ssrf-firewall.ts	12043	a78298953d71316179806ecc698423b40eda8d09b0b1bcc56476e754c884c943
lib/market-integrity/top1-support-sla-remedy-proof-gate.ts	12331	2c37d74c6778e1fa3719c0a72853d1af41672c60d627cb522cca13f97a39ed3c
lib/market-integrity/top1-tier-differentiation.ts	12265	b92217fb0951bfc922f0e2e655ea4bbdb4a97c6be8093a1d29d91fe15c1b1914
lib/market-integrity/top1-vlm-brain-source-router.ts	9051	5c3de2fa5fa4019be7d18ff6b2b38154bacc4c783e7433e9f71f4cb6a4581b0b
lib/market-integrity/truth-replay-harness-runtime.ts	11499	7a58f765e9409791ecf2b48f1f3347feec14db06e2113fb75e34d758170dd12e
lib/market-integrity/ui-proof-strip.ts	10602	85e815d806bc9c9043f3b51b905949607ad50d8d8f4ff966160ec875402ec39b
lib/market-integrity/unified-audit.ts	12578	542ee718fce35e2d251031a19b877a5f62ccf64b6de48e4986db07b8b6b603f0
lib/market-integrity/unified-depth-contract.ts	8970	f82cbea97fe8c796aaa0cfad795735fac6bfdc73507e5bc1a3604e2eed00b673
lib/market-integrity/unified-evidence-ledger.ts	5720	5dbbd6797e90159e895f8c09447c4adf8f191d1c8cd9f2488c183dd3991d7586
lib/market-integrity/unified-intelligence-handoff-runtime.ts	20503	0d0cf9ae5b9865de5d043841b4c7dc88bcde82dbc24d55f2ad7959090d812229
lib/market-integrity/universal-asset-identity.ts	13459	3cc99904259e31787d670a3ed59884ce12083773700f4d235f9b671eb2ad95bd
lib/market-integrity/universal-asset-market-matrix.ts	20465	b26c0a1d84cec712d3261adb57371157319ecbeed4875e90e7283d84c35b69d3
lib/market-integrity/venue-health-runtime.ts	28881	b3dc479e0a7ca317ee8933490b2cb3d0a0c78bf7887e2d95f5782ba2593df975
lib/market-integrity/verified-kline-providers.ts	22542	41facc8f3c5adbbb271086a37f5ff994aa1ef0645bfcbe363ca857aa9142c227
lib/market-integrity/verified-kline-quality.ts	17632	cb9039fbd6927abea11922268b527fe37674b35e258765f92d5f036ffc841fed
lib/market-integrity/visible-execution-dock-rebalance.ts	16046	6602cd4c88683b05b2dc7176c1107aacf01d633b875edf126d0a13be3646c8e1
lib/market-integrity/vlm-access-layer.ts	11795	cf39811e8169c286dad070e501409e4e0b51331bf14cbf8c94b03202a1fd1247
lib/market-integrity/vlm-analysis.ts	37344	d65bf1f4d159eae2ec803d0cdefc59b5f32e57695bc14472a6e6b5a581d32dee
lib/market-integrity/vlm-brain-source-truth-final.ts	5726	9fc7d3fd8f67149fa3f577c9be0f534c9676e84ebc46d3fddf6834be36d7f3ad
lib/market-integrity/vlm-modal-evidence-packet.ts	14083	cec3632ba2422219605fd2c2673224e55a4a6b8366708a4020747e83ded385f4
lib/market-integrity/vlm-route-analysis.ts	25457	46e2c5c482ba7fa4466ed74dcedda8f96a7fa72ab9a66a27670d0381ddaaabe2
lib/market-integrity/vlm-route-output.ts	30504	00901af8dcbfad0b8489b28819d8f364c0c48ab9ff9d6070801d4f2df08ef442
lib/market-integrity/wallet-label-registry.ts	8169	05803547621ec32a21e80336faf854421d2d4948424310f8d4af024529950d61
lib/market-integrity/whale-watch-contract-types.ts	179	5128d55c53a7fd9f3e3834c1d3e31c5f6117c2508a90436e3cec84a8f201cfb7
lib/market-integrity/whale-watch-customer-truth.ts	11048	93db5ead9e743624d707b94e8841a0c70e50c024a8d53a4b9b7f90e2f6a38913
lib/market-integrity/whale-watch-engine.ts	29713	b55fa91567d8c8d240f63c40276ea58d75a0d6600b39367586fa07ec845bcc71
lib/market-integrity/whale-watch-types.ts	4722	a0a360bc3970ccf5ce0c6dda5329b5154975c3bfb521684a93ea81c03337c364
lib/market-integrity/world-brain-slo-graph-runtime.ts	11293	f0ba7887d8ac45e6429d0f66953138a7e8eee4ac46a0040c9c3f90c8d731b98c
lib/market-integrity/world-market-clarity-terminal.ts	20802	5e0210e523297ea74c846e9453980a1fb09b232c6a60034e532333795539b3b4
lib/market-integrity/worldclass-ai-security-surface-rebalance.ts	15789	62d7b2b45f01df63b396c6e635d7da2872bef4f57e25e3d778cc12914f188e18
lib/market-integrity/worldclass-report-commercial-policy.ts	17431	7e3b8193a8d559fe9ea9a2e2a8dbc297e731d5d984d63d09b9c2cd73bc8e6f53
lib/market-integrity/worldclass-source-sla-ledger.ts	15879	0b2d0832572754eb5fe2b7965af9a957212d63765cf9545aa632f2d496735a66
lib/motion.ts	607	19d0661dfc13299e61c56868e19f34620d6c04094298082f8e7a66ec4f1ac934
lib/motion/interaction-budget.ts	1535	b440a05f93a551115bdd122430b3f7e0ca5492dbf9536e2328b08af436c63ce2
lib/motion/interaction-motion-orchestrator.ts	1162	826a53768d5e3f977242434ff7f6f565c8be73b936995d36ac45d00c07bf1240
lib/motion/mobile-gesture-qa.ts	1831	14f4f96f05191b292d800d87839a6a758294887e05120fd5b0457c088e61be57
lib/motion/motion-control.ts	2969	1c7944e19da6e005741e9eba4425a69c8c03d40fe4e411516b1386b12c76aae3
lib/motion/motion-system.ts	1993	243427fc9b421f8f453643481799d62fe5edc8b7d134b6066bcf93ccf9ebea50
lib/motion/pass489-motion-system.ts	117	538610e00e29947098aa4dfdecd65ad5187927a311c83f0b9819ba3e5412c5ec
lib/motion/pass496-runtime-surface-governor.ts	128	b8654a373400f40d8bb34cebfe1e0415d814ac703b686da8156828f7261b790e
lib/motion/pass514-interaction-motion-orchestrator.ts	135	48791d510016264304539340598a2d7f009258d0b7f49d612407830ff1701471
lib/motion/pass522-mobile-gesture-qa.ts	121	85074553cfe8b236d81edc41d736d3fab88938d167c78deca9362c0715131904
lib/motion/pass542-motion-control.ts	118	66ee0fbee9516db86efc8c41baae50eb20324b444f101e1119216a9343b485e1
lib/motion/pass549-interaction-budget.ts	122	f1d13294e3494c420786f80e883a0391169c40c7f8841cde3ed4a8b2da47d60d
lib/motion/runtime-surface-governor.ts	2490	7fb688d0430808b42b9311faee6b7b195dea323155deec3d8f8d5086b32f60b4
lib/motion/useMotionQuality.ts	2986	03f85edb86959e997acd65cc5007eec35e55721f8727ea394ab5ed6367d6cea8
lib/motion/usePass527AdaptiveFrameBudget.ts	2415	fd657e7ababe2419fc169c6062dc91c1245d99a25ed1f2e7ebaf8995920f2dc9
lib/navigation/root-locale-redirect.ts	817	a92b4cdf6c9a98bbf1264a8e8606c6d5f5210c01479bc75c0a7216e19acf6d8e
lib/network/brokered-egress.ts	20325	0e9bb95ad20328fbc0706169c3ef03b992dff599e213f15f64db49abd1849e4f
lib/network/fetch-with-deadline.ts	7387	f1c13a25ca2e6d188ae8f91c98130067da5b8d1b3b6c8a40c192f2039c7d4390
lib/network/safe-egress.ts	21591	032123359552bac43fae900ca719f19cce4301790ba5aef8a79fe5b4424fe93b
lib/observability/auth-security-alert-sink.ts	2118	62c0044ff4a20dcf99aadcc82c7d774355188f65d94ef87eb7d0ed23bdbfbe32
lib/observability/stripe-webhook-alert-sink.ts	2623	b5f6a3c41f2aaa45c4ef2d4fe6ab8f63f1752e0eaa747fd8fb4ff41ac6b9c727
lib/orders/commerce-fulfilment-outbox-worker.ts	27297	e216e7bf04f8541a606f69dc27062a70ae410e81ca1511a94fb68a242836d0ad
lib/orders/durable-order-state.ts	33655	028112287ac5d58e389ec2f7a0392ea095e543c1fa2fe62d60110d47e3867d6c
lib/orders/fulfilment-incident-case-store.ts	5841	f2d29fc37b755a17bb0d6f3006b3b9286b8d963a0029fc64424b477fbd796a17
lib/orders/fulfilment-incident-outbox-worker.ts	13124	4f8efb8b55ffa8dc5ca33cc0db85765f9bedff876987f8b65146d494ea4e80b3
lib/orders/fulfilment-incident-resolution.ts	8385	8ebb6d10b1e398e619737ba7885c636de39bf9e313f89b61945a4caf969cf8fa
lib/orders/fulfilment-outbox-recovery.ts	4904	6a255b717b37e868b98cd3937c7d7806647e421f338e386f3b020ecc4f6ef7cc
lib/orders/fulfilment-provider-status-sync.ts	7155	5d125b22c5652072113c55e5aa22cca3aa89db4746b2079f88791df0118cdfc5
lib/orders/fulfilment-provider-sync-queue.ts	3794	dc4efd4574e42077b3233308e1604ad0cf839f67fce31a7024c73704fd72c33b
lib/orders/fulfilment-provider-sync-worker.ts	14745	032a8716a080e9633d7e6bf9463110cc29fdc592abed94228f47f7f60d347efe
lib/orders/order-event-contract.ts	2022	6938ba16c6d24407e0fd3f785c5d84eb28992c01a5438d1724971c12ac3170ac
lib/orders/order-event-ledger.ts	19418	72f381252e50ec44b1ac290de8aa8f22e09c309711d8f74dcf2ead5a6df0300d
lib/orders/order-event-storage.ts	14110	92f9e075f7958ce1941644b0d93ce8c50cac898b5a38db575b3c440dd9bc3232
lib/orders/order-replay-snapshot-hardening.ts	10105	7b7555aac9764362958896c016b2a2e1131ce0f31b7f5040f14a2aaaa9025179
lib/orders/order-store.ts	10439	ce08e9d9e5960101cab413b0a583188d7f9b9d779186bd6c9760c7dfbcf72cd4
lib/orders/provider-fulfilment-retry-queue.ts	30788	bdb9b6ff47407d0162eb14cfedab3be2983d5426ed12daec2239e67f9e65d188
lib/orders/provider-fulfilment-retry.ts	16913	4aa0f3ca02eab25db6b7dd8423499497c28e5dd93bf0ba3a33e660b343293b26
lib/payments/commerce-payment-integrity.ts	6570	180ced7afad753711a0a1dbc88d9fac2f08f15cc46500f0181f0260b32d91137
lib/payments/payment-operator-assertions.ts	19252	488d5b3f82a0dbf2ed60978ac9177c61c29cf4bc70d5ba6fb7f14045b2242ba7
lib/payments/stripe-webhook-effect-ledger.ts	13799	34d5846cd4301b7474bfdef22073626335a7a619f7aaf061b4af2a7da854ebbb
lib/payments/stripe-webhook-effect-state.ts	4430	062cad414e3578f784c874cfe487c1e4eb928a52203cae1be333b93382d7061a
lib/payments/stripe-webhook-lease.ts	1069	eae68bb2e752dc12271ca8f65104fd8aedb25751378105849082dd3c1d1e6506
lib/payments/stripe-webhook-reconciler.ts	6962	de07bcf00678c9b055c3f29734221362d85223a64902c80aa50a3469203f88dc
lib/payments/stripe-webhook-reconciliation-policy.ts	3034	29ba23a6fd5cb190bc3c8c85f5970bea12d74c260481ed3a7513a8526bba3358
lib/payments/stripe-webhook-runtime-contract.ts	4038	329065e32518763bc48b004ff1db5b2b6c58580b89a0aafe437b205e4d9a4762
lib/payments/stripe-webhook-state.ts	4842	b1be8b827ee9df17945b8d69b28aa7dbb33a47bace029c97dbb3588f58a9a0da
lib/payments/stripe-webhook/dispatcher.ts	3724	e01d0e498be0459600e2c3d413fd5a5a89bd8e3aed12d41a1c537eb2dc7eadca
lib/payments/stripe-webhook/handlers/commerce-checkout.ts	10942	0e5e4cb702f228954903e4de6f121d651576fda1aa699e1983f92aae2b41c04a
lib/payments/stripe-webhook/handlers/terminal-events.ts	16833	52db41faaa74ae61f92a48beeffcf449e448dd6d5ba057b85ca7ca2694a432ab
lib/payments/stripe-webhook/handlers/vlm-paid-access.ts	6473	fefcddd51896071c5416cbd4cfb876048fb5909158ee5b63acb432b2d7efec48
lib/payments/stripe-webhook/ingress.ts	11234	4581ea082612b785ba15c360d6ead0a2ffc051b1cb4ffba54b9524961a92ebfe
lib/payments/stripe-webhook/shared.ts	8990	763fa52162b090b4a600021a6eb2243e7de169be8b45cf5f530692a2fc47ddc2
lib/payments/stripe-webhook/vlm-terminal-binding.ts	5192	3cce71b6c7412b83ceb234407d8a39f08a60293bf7ea6e1919f3e2a5d35eeca5
lib/payments/vlm-paid-stripe-receipt-contract.ts	6999	f7d540492def33dfbd38da399939263672e27350cf3145de2c67da7a79f43e7e
lib/payments/vlm-paid-stripe-receipt-verifier.ts	6624	828ceb93af5fc7ee52c8119257c6d6410edb9c33b72ab612c82f01a4e86d98b1
lib/printful/client.ts	9674	19a5ea59cd1084510223d7516f5e219d95c255962ba4e61cde9d656ba8ba7685
lib/printful/orders.ts	5350	c5942ebcd22af213c037be9a6801fe22a977b3de2f390a67b8ebcbeb545e0721
lib/printful/products.ts	927	a7267006ab5700ee717026747b9028600d4e9e35a7a05ecb7e7372168e1735cd
lib/privacy/consent.ts	5913	960daed1a18258bf6537137f4b6a15f554bee95c5e4e29fb58f7627cb1d54004
lib/product/cross-surface-value-truth.mjs	14072	61aca6511ca84a8cf7b8028801ec2d5476d255ffe5f18e5f0745ca5ce25e7172
lib/product/vlm-canonical-product-topology.ts	18142	bf0c5a2c50224e6cae7cd5fa34014085510a5f444a9bbd4a78ee0d400faacabe
lib/product/vlm-dynamic-product-scoring.mjs	9910	8520ee5fddf2a28b5dfadc3bd1c54690bec1fc169724b3e7149204fa340fcec4
lib/product/vlm-standalone-customer-truth.ts	20047	4359fd17dc8f0fa7f1858ec750d381f91a0911c5ff1bd0e92a836a6a4e1b6c2f
lib/product/vlm-standalone-insight-contract.ts	6973	143901fc8ce333895f64ac1c2cd302bf7b7ec2940eb11bcd96d068387255c386
lib/products/catalog.generated.ts	19411	8e08c9df702be5f827b2976fa0c0cfc7b1f067708df83f51965ecccbb5ed09b7
lib/products/catalog.ts	1895	340ab871ec05a2127f2f0ea3a4b1d5207de21885d0430c248301c395ff1580ac
lib/products/checkout-guard.ts	14048	9f5582413c7323e1764697656bd9b7b927636844b8bb45973e70a29d337e198b
lib/products/launch-readiness.ts	7684	a1a75630c66364956160f8d861a723e3e89a2da8fa9892577a91c9d52f9aa904
lib/products/local-product-store.ts	10653	42fcb313abf9a1bdc3015c37a0f61f115392cde5400eecdb7a43595d26af3360
lib/products/product-db-readthrough.ts	9022	fbdb169a556a1c38a2a722f4e00fdf953f9c1da5bcddc7b305449bae594f8940
lib/products/product-image-boundary.ts	647	66738bdb1d2e77d06cb5cf20e1249cc10c63842b2ade4b62c2c1e20c9bc62ade
lib/products/product-publish-audit-ledger.ts	9228	51eeb15533352873719b6644575bc055df43632b0fda6733a2c28a89d2de4baa
lib/products/product-publish-audit-storage.ts	12299	fe4dd6127146933832bafdbc27c98ad74d52f3af75cfaef57da53edfb7fb8bbc
lib/products/product-publish-state-storage.ts	17121	4f9b9f27516a8a56df80f2ab17cf3d153001c64063662c9ecd91e6221f3fcc21
lib/products/provider-stock-reservation.ts	15123	3eb9ba4c240a1f97813a5546f45e71525541c3b952306a9e0a493f535e8efe21
lib/products/public-catalog-readthrough.ts	10675	67eeeca43711de5b9df2e2cc636fb3bf839902cedcd2d921d0c4f6b8fc3f8eb8
lib/products/publish-decision.ts	8945	5a84447ac0139631b53502d24f78914337d19825e34614a85d9807d4434af00b
lib/products/types.ts	4029	490ee5c5b09981bb736c90fcbfe3de6638f45ff18b82f8da98d40976c903641e
lib/products/vlm-product-brain.ts	34276	053762cefab92f013f5e7c7ba4130bad2c3fdcff76cee973b1e53e4c9b34f790
lib/products/vlm-product-provider-adapter.ts	8047	abd8a3d3540cffa89196af2d38adf817e8e46a74dbcc2c725d55091a908de055
lib/providers/fulfilment-provider-contract.ts	3117	604eca5d9452be1dfd941f77164dab97a56caed60ae812ee6c4832cde0d7c497
lib/providers/provider-sandbox-fulfilment.ts	4762	1ea781ad93f5296cd4733d318794a722dc0fc52f072b5fc80ef00550ea3f2c34
lib/reporting/account-customer-artifact-pdf-blob.ts	8405	c6b0e9f44b5c25063ccc798460c70164c41f6c42670b2533f560be3675e3c0bd
lib/reporting/account-customer-artifact-snapshot.ts	11358	0fb8607f09650c583c42a53b875385f10513231b9b7443b21c90fabbe4893055
lib/reporting/account-customer-artifact-store.ts	22318	3c47ededa7354610a555c557a46040ee2b4ad9bc53588e7ac7c900c5dd0caacb
lib/reporting/canonical-customer-artifact.ts	5762	239cb10cca49ce6ecabcca7d087f1e6cb9cc1b15224fd50ae42597a93b0c1dfb
lib/reporting/canonical-field-registry.ts	41630	54531f4c4b5d679e888c5ef979583bc825bba9defd5d26c4c85e92b36019ef53
lib/reporting/commercial-field-completeness.ts	39463	d2337bd10ddce178d9333648bc52609b32ff1a2b9b33b10963bf48e8572888b4
lib/reporting/exact-customer-pdf-delivery.ts	3127	2fb9b3a0dad27138c1866045b8afc534f7f71aa0e2a00151cd0aad260b5bbe47
lib/reporting/pass35-a17-packet-pdf-runtime.mjs	8219	b63d89a0545ef79fbc6842058c2d201cbfd5b0be6800a74323446abb836e3a1f
lib/reporting/pass6-manual-review-authority.ts	27403	cdc750a45673835c79e0a80eb484bc6e05cec3be7015ebd12171297aa7248164
lib/reporting/pass6-paid-full-data-slo.ts	9401	5565650a819cdbce3e1988dd5d06b81db26254a77763411011abd60530fa82bf
lib/reporting/pdf-structural-validation.ts	24702	5427b1be2ed24364b54dbb4c73f20235ea7ea07ee026a76324b2de902be4501f
lib/reporting/real-markets-asset-field-registry.ts	40180	eed29ed1d3bca3b90e1304e38398b4a779864fa5c381da4e515b3def2b34408b
lib/reporting/runtime-canonical-field-adapter.ts	14533	fc2e4c58bffd74cce1d2ef59174a7cde9e01f81f0d10ffbc73e239e59c3b9187
lib/runtime/bounded-concurrency.ts	1692	27423ad133fabcc7548c9e28f2f61d7ffeec755790905c5d78b8525d5d8137a2
lib/runtime/browser-secure-id.ts	757	98aa55cd8181a9d459f0874ba599220c8d52d9187a76f6847bcb1c310ee066f5
lib/runtime/pass35-a19-exact-runtime-bootstrap.mjs	6130	a724dd58d31a30b4dd9f3ea4084d17f6f3cf07c50e9c52bcc6b375bf8ff8f80d
lib/runtime/secure-runtime-id.ts	819	45b9ffea3eb7594d623168cc69d1356cbaa276d4a59af20069eb1ec2aba69ceb
lib/search/exact-asset-identity.ts	6724	0f0a816a9d734d675879180a88aee03125494951f73f9f96227491b9c2345acd
lib/search/exact-search-receipt.ts	2223	bd7fcde41953ffad5e0d2e1824877f21c8f0133aacac82d4632c286c4474085b
lib/search/intelligence-search-contract.ts	31460	6c8d6cddaea14b1e7c5888c86c6f5058746abd81f7162c0ca11f5cce8a729f00
lib/search/intelligence-search-safety.ts	891	062784f39d842d4375f05455f124cf8ba26c81e9843c3b22bda23100fe5548f2
lib/search/lens-canonical-customer-artifact.ts	2513	72eb5b6481f638c9f5858f76952ebcb7fd5c1b42643e798d625db959b3c03d16
lib/search/lens-client-normalizers.ts	7113	579e4153fdb73de9a28dfaef177e40f55051ab809882e3745fa419a916df6992
lib/search/lens-commercial-readiness.ts	4148	9a6774fdf98235e8c081cd885bd9d2b42e9e82d5cd0709647e55051d083f8a60
lib/search/lens-confidence-publication.ts	3471	5cb2d486340f848c58a4711cefa9a1c0c5f32adef6f589a428bd317dd63e31cf
lib/search/lens-locale-copy.ts	10716	1d4d67edd1ea3703c898c75397e5540eb7c9c9bb20afd0d49e7a4cf1a4fde73d
lib/search/lens-paid-scope.ts	1619	a9356db20551b8e53626db66b4c6b44788c5603cc7ca4690c1855b4bd3f27737
lib/search/lens-pdf-renderer-identity.ts	341	f1918953f084c7457579dad56a689002b6a598cbaf31ec95bfb5e46ecb93c6d4
lib/search/lens-pdf-renderer.ts	76847	1e18d849d232e48cf12b40f5b274141f21353b2d7038d40d3f69103ed71380d3
lib/search/lens-pdf-worker.ts	1453	007a9ce4b869ed3508f28f7fb041137b4bd2ffa5388457db4aa86ee9e9baa6a1
lib/search/lens-public-report-helpers.ts	10711	73e6240f068310e36e8a1fa126052aac2ed07006cbf998c0351ab311107244ee
lib/search/lens-public-safety.ts	888	5092611ee71d589862b71fca795f40cc859ed6646e4c9b76921819452ebd7720
lib/search/lens-reader-runtime-helpers.ts	4368	2049e3fa8734aa94c5a571e2794a51604e813e3e683618cf157f1599e7fd52f6
lib/search/lens-render-token.ts	14759	8dc45d2bf4d7ace555db3a84d6f293e3015baa7b4d76da179042c08cd43ce8e5
lib/search/lens-report-contract.ts	185	2d289c3188ae4200d88894f5340a0701c7261763f55141e43b765375acfe9c4e
lib/search/lens-report-request-contract.ts	14122	af96fee4294c15d69333d84ec3c2d1cb8298809f7137594f16674a63a020516c
lib/search/lens-report.ts	68845	e52dc15ef7bc4cc73bc1df397466416547b3a798236969df9d9c9c4cba118aa8
lib/search/lens-source-token.ts	8016	d6fecbadf7bb6db216e660dd74fc776bf56bc20dc16f46729407b45a5585e624
lib/search/live-search-adapter-skeleton.ts	4161	f6093d8d84f64a164052e2b3b1716ea37f6b8c2a2953bda7b25e05205e3e1c3e
lib/search/pass4407-lens-client-normalizers.ts	127	8e5809a2b7b82a4ace8bc9f1f146ee4325c01b2a8640ab54b9b3aca2466a1670
lib/search/pass4415-lens-public-report-helpers.ts	130	9c7722fff9993f8d36bafed750b66f522ef862082bdb13bf402250fc2fff0c68
lib/search/pass4416-lens-locale-copy.ts	120	6981e98e3e5018ed6c9799d0fe518fd3072246dc4f5f9ace106fa207d544f81e
lib/search/pass4417-lens-reader-runtime-helpers.ts	131	31946b5f7aa3ef5f1655b93eb83b92af9f00b48109116a9ce9bebc2d66ab05ab
lib/search/pass573-pdf-locale-purity.ts	121	cc90b80999bbdfff8a6a240818e2b1138b9f742c70b9350821a2de6c27f547ef
lib/search/pass579-exact-search-receipt.ts	124	c69aaa4eea003dc30b294f7e2a9d0da9e38f513cedfb8886ba7d9d705b635df1
lib/search/pdf-locale-purity.ts	10172	2a24c928d1829707f7eecec3207ec465f11f2248d0db3e35e9b9c94ea52a50f7
lib/search/real-market-lens.ts	3905	90bbc0335b9f8cd383e5d941bdc6a3acbb00f53fc4209caaf3e242a7d2d3c173
lib/search/search-provider-resilience.ts	2134	40499326ab5de988837127b73b0fcc3da97a7725a92e8d24aa1c20f5830e1c2b
lib/search/search-route-crypto-provider.ts	25088	b6e4dfe6e214b7cce046d5397bae38a9984e8ba74954170ac199c052fe6b39d3
lib/search/search-route-identity.ts	1346	37a0c85df83f7cea4d28b918f7adeec8d628d0a62056560a41518d8ba0a31912
lib/search/search-route-market-provider.ts	12991	fc44ead5be169ee5df749d259bbf1dce98c64b1fecbe3522e554002632dafe91
lib/search/search-route-orchestrator.ts	8255	993362c351f542ee06abbba0075e1567bdded3e0209e49994a2600a623064c8f
lib/search/search-route-response-policy.ts	8916	3fe6ff649a17ec76bf1fdfabd00237f4c7146aae313060cf8cce59ff92e3d72f
lib/search/token-metadata-cache.ts	7362	5ee4e656e4ed0390390994183d95ddd6136c6e68757a4de7bfcdbacc71ce43c3
lib/search/velmere-lens-route-map.ts	4213	8ed2e753e8f8b1c6dce2e158dfba3427bb9db54734a7f01f984d76acd8d6d40c
lib/security/account-operation-redirects.mjs	4494	6df43cf8848f72d20fbacca863de6fdb138864a1b450331034be0b831006a272
lib/security/admin-product-draft-browser-state.ts	5359	e7e0d966c5c121aec0fe0d06ff1d009a082252bc62a3c220d6ac94f49a6f7b4d
lib/security/admin-replay-audit-link.ts	5064	7a4f9e6b95bc3587d86ae18f912304d6109a365ce40497b807f4c89032a3a465
lib/security/admin-replay-board.ts	6840	224c198943eb22454090a39942e36afeb4d8bd1e81eb3baf7e8dfae011014b2c
lib/security/advanced-audit-release-envelope.ts	20003	ddaaa5dad67aaa79c9ffd10882ee0688aef14c6e6ff197b2b42648c39db88b02
lib/security/advanced-audit-release-store.ts	17901	dff46099de6e58feead586254f3dbae794e7328588440e55f52812b4e6feed7a
lib/security/advanced-manual-review-queue.ts	11034	1ec43939c0bdd8982579862ebae4ce35a6ff7a57ab6e5b0f203f1260bf179937
lib/security/advanced-operator-console-merge.ts	24049	46ff096183fc01288490e09816e878268472eca050339c9e7cc7f0259ea92ad6
lib/security/api-abuse-shield.ts	8593	58c3dc65b4e8be9b9cbac4373f58374af1c610780d9489dbeb3da2a1e30a9cde
lib/security/api-contract-response-envelope-hardening.ts	18155	0d65349237e225ee4d98a9e45e032ae16026bc65c7b2cdbe09fe154a6369cdec
lib/security/api-edge-boundary.ts	12480	e239053d18ab73acf05ad820658a6b3fed79d9ea806fd3c1b330d0f3d49cd431
lib/security/api-error-envelope.ts	5934	4c75ef33c4f5afd6e78b70e1b98a035a6bdf0a33ba83e82a4fad301b05681c42
lib/security/api-guard.ts	19111	fef17f8e203ae3cf53233ab0bf4a7e16f321c956c69b09345199fc484a98aeb5
lib/security/api-security-post-wrapper.ts	5659	cf89d0325d0335cee52fd598ca58cfcde35744bb497e44dab7d136c6fe085b59
lib/security/api-surface-registry.ts	4880	a94295d8bfb57cab6db276c77122badb105286899204fc3fa83ba91d1b0da04b
lib/security/ascii-control-characters.ts	5805	bdeef8e52a809a5fffe29d3a21298a7ce442469e598a9978dc1ac610bffaabe7
lib/security/audit-a01-a05-engine.ts	45315	6c2b2983f7199855301ae3771f739e30059b6f379964e82158bbccd3d1463ed8
lib/security/audit-a02-solc-reproduction.ts	28653	cd3462bd6d58328cfc41b4e820dbf3765aac8f4a021f48be386e73bb6f29d850
lib/security/audit-a06-bounded-path-analysis.ts	19787	5f5cb29bf2cc16a2e3ea0532cbf0d1482ce7db201ffae117fc5311e27aabac1a
lib/security/audit-a08-model-fuzz.ts	12772	4c24c0715ec184672c76157e9ea00bea7b3f86d8105a05c9614416281f1570b7
lib/security/audit-account-customer-snapshot.ts	16125	650d2db723b2ad14f63a8468a331a902701fc3e65352d5905943de20f3588e58
lib/security/audit-benchmark-attestation.ts	11643	1d8e49cba878e5cdb743fd723c43fb68996c1db3535eb3f12eaba10f508e45fb
lib/security/audit-benchmark-gate.ts	8186	b9a2ac21bdccd52c895acbe0c2cbac68b4984b8f241effe933343ecd866f4776
lib/security/audit-business-flow.ts	16787	e6890092f9879b1cc6195c71e42c87ca46470359f6628ea6509d55c35c0f5950
lib/security/audit-canonical-preview.ts	2791	2189175b8989259af242b9be80d5783379abe53df70c951b5e200064ccd428d5
lib/security/audit-case-client-registry.ts	3931	95e9347454e22203d21292bc0cc71396a2722bfdf2cab2c53c00e7df1cab509a
lib/security/audit-case-customer-history.ts	11330	1ae2dd3b1cf59618f17e38acc16f26f621cf2fe96bf9cfa4e3aa80ad2d2d8b17
lib/security/audit-case-vault-private-delivery-ledger.ts	24982	e019c8c2da70956c690195fa74574176bf5e2a535d959046a35a409a57b7ff8d
lib/security/audit-chain-provider-receipt.ts	12970	35f4476dbced325be0ab4ec2a34a6466e6a5e7ce90ca658dcd9100aab2f1bb10
lib/security/audit-claim-ledger.ts	14144	2a1a3f161c3c7c56017707800948f5a46a6ee7411836f134608d513b1d2c3007
lib/security/audit-commercial-sku-truth.ts	4394	813869e5f7d731fcbf6c9810ac4f29a1c2f395a0f964bd5d0fb3e15c28a70e83
lib/security/audit-compiler-ast-review-layer.d.mts	2044	d49e5d5050af77b1fed3bdab3a91c9a4b195bf857461128b8679db6b6f520698
lib/security/audit-compiler-ast-review-layer.mjs	5329	438b3b1919bab93adaf525e4cab88044bc43d79bf91d32b7d4d48bb31d6e14b9
lib/security/audit-compiler-canonical-packet.d.mts	639	b2528d0ed91a63d683878657ca86b5022e2ff393c8f5276e6cb3ab2764bd5dc3
lib/security/audit-compiler-canonical-packet.mjs	10083	09a8148b2ed2ac819de294c80f25b779496eefcc3ef06b82d62b287ce47d1664
lib/security/audit-compiler-deployment-binding.d.mts	1832	afdbcaa96a9b689de0dc61ab68306dd8bde5e09e6c0d595e971a7350da9315d2
lib/security/audit-compiler-deployment-binding.mjs	12421	9fc3922f27a0893f172ec9e8684a4bde86a72b1413cdd14675a5bbc389043c25
lib/security/audit-customer-report-pipeline.ts	24104	fb7ab2a5d7a577538fa2340ce5884b80a231473ce53a753bf6d7c4518168623f
lib/security/audit-customer-safe-report-migration.ts	2455	c4acaccdead9f0130921c7660447cbe39ff3cb01f9ddf8fab8fe72d5f0310637
lib/security/audit-disposable-customer-lifecycle.mjs	29861	4ea15a82e7b411a8fc68fbac54657b5099da8513b068ec34fab668db543497f9
lib/security/audit-event-schema.ts	8758	76db06a20c23d4659a814808e64af3c921b6c74439da08421ea6c8d41e92c96d
lib/security/audit-evidence-qa-release-gate-matrix.ts	26386	7f32fbff4ed34dc149370463f55f09105e0e0160f664b9e5f350c159afe81202
lib/security/audit-evidence-receipt-packet.ts	8425	76ddaac95d228869aacb39ea2975fc37229481735259a4761cf86827d6de030d
lib/security/audit-intake-case-vault.ts	42434	4eac20ed4aa4c32d3a735453bb55fb6f4f58da80dda1bad9d47b7d213ec104ae
lib/security/audit-liquidity-holder-lock-risk.ts	20077	c0c5d3b880ba24fc4df51bef247376fa27537c80894298af76d7818ad8c51ac7
lib/security/audit-page-benchmark.ts	16414	d419b2dcfd92472681fc52ff616199f10ccd48ac93a105b046e576dbf779711c
lib/security/audit-paid-evidence-readiness.ts	4122	7ee2e42ca7e8bdce6b793923a533917c61f4804b198c657bd61159e0f86156cb
lib/security/audit-pdf-download-token.ts	16397	934c92fe66b431eae9ea8053b7fcc2a8f2d3da5be3e4cd8fa60adecfe3b0cf0c
lib/security/audit-pdf-shield-export.ts	12669	bdf960273144e68943d812d886c8efdf400c31276d7378ec2fe5c0f41476ec2c
lib/security/audit-permission-parser.ts	21513	7be6bd6bb0b0fbfa2f93144554fcf1c28ba0fb4b6d08d1ba88a2e28aac52cb5d
lib/security/audit-provider-budget.ts	2985	f430578cea86e9ba9467c029f02c85e14467c07539795f675a022eb9474b936f
lib/security/audit-provider-intelligence.ts	19844	f920c7f364b0d98e23eb3b0abea5c805a3baade9550287aa4c67f2ff015bff86
lib/security/audit-provider-public-get-control.ts	4555	ff922ce45ae11ea1f29499e586e2d20404d92061ad7702d9cefb685db2c9744d
lib/security/audit-provider-runtime-client.ts	39580	259e9d0167b95fabc9241d39b377f4c296056d3ddda672e1fcb063df42ed026f
lib/security/audit-public-registry.ts	18677	292353dba9b4fb95349c47ce8c8b1aac90567de4228a389aebd7c95cd7e567d3
lib/security/audit-public-source-receipts.ts	13695	a21da8f3963d55dbf14e83bf542e3df1dabe4e67c55ef185a8827d2296535591
lib/security/audit-report-assembler.ts	24319	1592120be048f1f96f08d971fe826376ccb97ab09999d1e4926d51ea21a84f71
lib/security/audit-report-customer-projection.ts	5054	606c4f19cd061970e3ce842ada10a29f5499b7629d2e359cfc3908f38a648bf1
lib/security/audit-report-queue.ts	18541	a98833f0e76b3600d99ddbc5e880602d8781ca107dcb06b79f6f96ca5d8b27a9
lib/security/audit-report-snapshot-store.ts	19346	39d7d18f73aea0dbdebe9ec7dfe243151df791933e72fca4edd195ac50eadadb
lib/security/audit-review-flow.ts	13532	aaf62b71f2ad53b3647a5fb13807f97186cc2bb4c742fb902454f2c5dc5dc647
lib/security/audit-review-orchestration.ts	19317	9f6a8b8d396f16204060ae19d72df91dda2884a13812ff2aade023f96e0229a7
lib/security/audit-runtime-confidence.ts	15567	02a03a979294b421527e1b7094080953fed5f8adf756045f9b5c604aedc0fd9d
lib/security/audit-sample-report.ts	14760	20753c583d72dfebb68b7b2e169a016e9216e51f723733b558a06f2a2e3cf2ca
lib/security/audit-source-candidates.ts	124	5b9163481e73cdf8a31f4a858a02b286c9a3391aaf706f5f2fd43aebd2a9066a
lib/security/audit-source-freshness.ts	17023	193519249f68c707f206e96d299523c87350be5613346b3dd3137989070ea159
lib/security/audit-source-quorum-runtime.ts	20404	5c05f5162423e6a8d36947a7f686a09017b6a4e6d181d3cefb9a2bc71cbdf155
lib/security/audit-source-spine.ts	15840	315e1813d285b3b61d819eba4a572cfd33373c630e80cb24f6fe942ba7c6320a
lib/security/audit-tier-contract.ts	11658	b1c0203af48ac3c4753ebb595c1e61aa9be5079dc798f26080ccd0ce4789d07b
lib/security/audit-tier-preview-pdf.ts	6446	1787afa557deafb8dc6633d209b3b4a11d1538803f1a9f28cfee4526f106dd05
lib/security/audit-tier-preview.ts	13746	8bf0e3974a330fd03b18e1d763a8af9acc7daa380e1f5c7c3ec9bb1c5b84c7c2
lib/security/audit-tier-value-proof.ts	11543	f4c543253b52b7113bea7e4f48564bc385b7daa37575f26059c4ac9fe6b304b4
lib/security/audit-versioned-recheck-receipt.ts	12144	ae0928b481832dc127c0c256818f83c57970265a4ed11a1af2f9ba8d6412ddb7
lib/security/audit-watch-access-policy.ts	1048	90b6f13860277be5221fc67413d01220ef16fc01d5a289c1ceec06a484310c88
lib/security/audit-watch-account-delivery-helpers.ts	4846	64493d9499980df0f05084bde629d3f26f96c108157ad057673976f02f4008e4
lib/security/audit-watch-contract-harness.ts	22031	3ed67ea62d50cc5833fbcb835fa74932ce3de6bf8114303e740b080e0505064d
lib/security/audit-watch-get-handler.ts	3689	dc4772e7aae6f719bbe7a404929e2e2e603609c23c1e7372cf33f3c814ab1676
lib/security/audit-watch-post-handler.ts	39493	a5f44db654ce7bd185c973c56c6140bbf94a9e44b23189dc51936202a9de89ec
lib/security/audit-watch-response-boundary-helpers.ts	2991	a67143c5be6e5dae9dd97d8d4c285a65d4c60044f8720055df4bba740877e72d
lib/security/audit-watch-route-orchestrator.ts	158	f31a7d45a6d5a5aae0fd8abece721ab6bd872d93d0d66ab3e2c91057fe8ba745
lib/security/audit-watch-server-helpers.ts	4268	6e60b38596d2e4b96907bddf95be2769253b1624a48f0f6215426cecece34226
lib/security/audit-watch.ts	19164	f28928b12f670a344c8121aba570b9148b94224a7546110da88869ad15f6db1e
lib/security/auth-callback-contract.ts	4010	007c1ae362ef1c0869197607a5359e90541944aebbc27305a71651a8755f8f49
lib/security/auth-secret-separation.ts	3597	8ba9936bd56f214ba6524d8b5b5d26227aa079ec674ae5f2ef0953729a287251
lib/security/browser-error-redaction.ts	2468	ad8882015436dfb073128de5448382efea166b3499be707a195a44820a357878
lib/security/browser-external-navigation.ts	7597	207d07824829ad52c95b36d9ca62c7abe1710a47c049e3c668ec94c806872342
lib/security/browser-json-response-boundary.ts	3580	eaf542faebe8f6701e482464a025767f4311e5bc69404aaaa9fd8249afaa1753
lib/security/browser-system-clipboard.ts	13599	5365aef00fd523bb9c47a87aedb8a99ca9f133e504047c8a63d0d55738c7ddb0
lib/security/canonical-json.ts	981	71d540dd25d135eb48a964aa646ea0104c4bc43ae45dfefeffdfb1554753186b
lib/security/client-audit-pdf-integrity.ts	5984	0825693970eeed04e2075d907dcc8cee0d4fc48a6e44b575d725820408066bdb
lib/security/client-pdf-blob-boundary.ts	8649	040bfef7ac31471f766e1ec6fb242d9e3e697ab196bc7bb05b875394dd0559b4
lib/security/client-request-idempotency.ts	13017	f91efecc8efb5d12d4bb96bb356a001bf4ba5c13a04f3eacaf2cfe4dd9ea4b9a
lib/security/contract-source-abi-extraction.ts	32627	919a9e27c7289cfbe783d873d7e7b5bcf496ff5bf5587e31ade6f4bdde102961
lib/security/control-character-policy.ts	1781	e453405620a7d6e8446591a0564d1563b8e9f30c6b2dcddc6b4949d9a4016537
lib/security/control-plane-boundary.ts	3194	a0b1b52f5579782b0b421d5d6de7951af90a3204fcd46c1f1c83262f26c54b10
lib/security/control-plane-runtime-manifest.ts	21641	61486129b2e42b2d24800d1731cf232f8822d652d9d3df2358be3f47a0eaee74
lib/security/cookie-session-boundary.ts	8634	cabbf2ea54c0e8722e11011e62900619a507b803db103d623e19de91fe9eb65b
lib/security/cryptographic-digest.ts	5314	9003da36192f79b1a81235c580e09502501782a3134ef03e6b9ba7fc9c623571
lib/security/csp-report.ts	3779	324c89b077bde401c0cb1e57224035eb405c46fd93acd98bf24becc6716ba82b
lib/security/customer-route-health.ts	7611	2dc788991f18fcf0ac79500270b3a6ff69c5fee2eff7de49eed4525343464150
lib/security/customer-safe-audit-layout.ts	6834	a5fa37d0ba76c4980e8e43b4b806ef45f80402364670479ba01f5e8f9669838d
lib/security/customer-safe-audit-timeline.ts	7306	1e0f4a10863d7566a01d8907eb8527ee3ef69716ee432daee6fe6013e9efc764
lib/security/customer-safe-delivery-decision.ts	15328	4926ee00c20ebd6963a909c55398ecb40bfce14190b6a634fc60a3de33fa496c
lib/security/customer-safe-pdf-data-leak-guard.ts	17272	48a59d1bf587255fcf7b6a31ea10848deacf028cd9c816dc41a7a3befa9b9278
lib/security/customer-safe-report-route.ts	6499	84211da35b6f44abb08ffb42c2223a557b3236e8cad1def8a2d43343ac66b1ec
lib/security/customer-support-handoff-packet.ts	10929	5c314b9129b72bc3128771cf4ea75fbfa92deb7bf4eef90471de2c37f1176eb9
lib/security/customer-truth-normalizer.mjs	1221	345911c7389cfc187c12c0f86d76fc762d85b230215ca4c4aa1f1073cfcbdd6d
lib/security/delivery-receipt-ledger.ts	16327	0dd9289050b77e819e6583470c0bebbf56c413e588060870e317ec5d4894eb40
lib/security/delivery-receipt-packet.ts	10938	5e09820baa6a7ac1ea1033b98ef762d77c86585a2240353f806ad13f08881e5a
lib/security/download-response-boundary.ts	6983	87b2a7fb6f9793f3375908f2c3a641b08b2fd0396c0c644ad8a0673bc3f01581
lib/security/durable-file-boundary.ts	12321	10881b92e137c827ee767fdd409939481cebbfb5a8956c16479600ec9a8d72aa
lib/security/durable-idempotency-store.ts	38653	2fe93f621781e6ab41b905a7d4a5e55add91725004cd0ac8007db691b3388aaa
lib/security/durable-payment-evidence-store.ts	11220	c2222cf64ac21d0e0038de6259e7c7fa358babb8c32ff176b1d70a6e3861ea19
lib/security/durable-rate-limit.ts	15315	b565b7b252208f926dca4f432b800a9ae62db925c306a0f4539d8d9b85f8df08
lib/security/evidence-narrative-claim-ledger-explainability.ts	22952	e35d1db5e213a51d7c9b94116aa7c6e22c520985a886da8d8ee0351e0886a721
lib/security/exact-request-boundary.ts	2267	7d5302998edd68f9816eb4f3b4cc69ddd2eda8ac9d14f35473bb9ae5d463973a
lib/security/expensive-route-concurrency-budget.ts	9205	47c6b915f1e1470f399b15c2bacd3bd1da36ec22c2e8cfa27b6d880b801d7b73
lib/security/export-redaction-policy.ts	4201	29bf47f8647c98f60d93c3d8969d87707351d6224f813a4ee2c6e7b08c162756
lib/security/external-command-boundary.ts	29731	b0c79d8d239901cf5fe3fbe75adf8a81de3a2fed2365d23b2b04245932209441
lib/security/file-content-signatures.ts	9073	97456dd94e035d8c795c17573a381dff098bb20a7fbde7cbeb32dbc4d543ec4e
lib/security/final-delivery-gate-contract.ts	2118	c4f46ce3ab9f386e8170adf59060757be37b3f2859aa66abec93c71eedf8c809
lib/security/final-delivery-gate.ts	8107	fd1489b768aaec8be7457778d20c29c1c4f1d78dc242697f7e029160b28944e2
lib/security/holder-liquidity-depth-evidence.ts	30802	9ccc96e32700bd527539cda68a3c00801189d897096651d1442d02fe8de0806b
lib/security/http-security.mjs	6658	076add6039fc6346f52631450103ee78c443a6e868577aaea61a1c87f1f41af4
lib/security/idempotency-replay-response.ts	5994	9ddef1bbd20e9bba7e6d4e7f821a0df564db891ba972483950a8f6aead9b6f3e
lib/security/internal-worker-mutation-boundary.ts	3466	a14f073bd577f52ff875c93e43acaf989288c489ccd0212019b44b0b4d8f6d25
lib/security/linked-request-drawer-actions.ts	4091	543d43facd9e63eb7bda66280f6d1f909cb25efe69a1de33b3c31134a760455d
lib/security/linked-request-drawer.ts	12745	6b734974df53d54c02273c19d9d63b56385b1f725d756eebe42e7295f1080b12
lib/security/market-integrity-cron-auth.ts	16671	ae840b9ab577465293771e602766a5af31e4ec3405447833f4a17b448bb5c693
lib/security/multipart-upload-boundary.ts	18014	9b052bf24114747162bb6789cddf63c6f51aab535d5fc5f86d6007ce6329a24e
lib/security/mutation-receipt-vault.ts	7296	8b3bb3ff12822a4db65c4b96e5462236be45235d04991300584e5fd844070c5b
lib/security/mutation-request-boundary.ts	2867	e91c0150144e1557db1aa485fe45e9ba86ccfcd38f549c76eff2e7ca531eab94
lib/security/navigation-redirect-boundary.ts	9151	415c5d4b8892afd99778b9a90d7bec7844bc1484a09d38ee1aed17b4179eba4c
lib/security/official-audit-toolchain-admission.mjs	8778	d00dc2904fc3c205d74f443ca841012f82d9a3e61945f3e03ed834a5e4330f18
lib/security/official-tool-evidence-verifier.mjs	4698	8912b8b5da2c0cb30e1e192931060d6a3a00cde63d9bbd1a813ebdf8ac0e7d5b
lib/security/operational-log-boundary.ts	3152	8b8edd607ed52dcfd81a94d15fa62cc15d55e56d19af9201a78e01ddce8e51a2
lib/security/page-alias-redirects.mjs	2821	f953bb4989699a201465191985421c6b8ff3bab3bd36d5dd4e4ea43f24834247
lib/security/pass2178-mutation-receipt-vault.ts	124	779e962d0f5489d48c91295280f008a9b2c5df356d748d1d3dbd4e0f6a309e7c
lib/security/pass35-a19-audit-static-benchmark-runtime.mjs	25733	376c0d62724295ae0d1eb2b96dd7596b9cbac176093196b13fff76f129e8a221
lib/security/pass35-a20-case-bound-dependency-runtime.mjs	19061	c2120513eff04c0815bb15bf6839bd355f73a96affd1f28d701f1f79a1bc2861
lib/security/pass35-a21-abstract-path-runtime.mjs	34489	528913548ded639e4e05b11f2b946a2043273ba60624a750fefde964fa68d96f
lib/security/pass35-a22-severity-triage-runtime.mjs	36437	62b5ba496550c8d1139fe28f3bc68f74fa97d986687bd3e166d8b84078bb8de7
lib/security/pass35-a23-remediation-closure-runtime.mjs	28658	0223ad1cb7acc9526379cee5ba8c474b8bd2bac8b4678aee4d3d5c5400cffabe
lib/security/pass35-a24-monitoring-lifecycle-runtime.mjs	26440	326739cd47b2fa439464c0a7f015649a7a9727cfac7a147ea1657d4a46c310f9
lib/security/pass35-a25-exact-test-evidence-runtime.mjs	21848	c2cd88c7cd8373a277dff054287031096bc9f779b7a14bc82635fe51e2f758b1
lib/security/pass35-a26-fuzz-invariant-evidence-runtime.mjs	20517	2972f1dc0b2bdae61a23a61f7d0a0a5bfaa614331cdc9d3f0b693a401ed86938
lib/security/pass35-a27-fork-replay-evidence-runtime.mjs	26152	c2994f5f64671bbbe72415d1865fe1b5e07aeb5df54e046e2b559abe27e7b675
lib/security/pass35-a28-economic-adversarial-evidence-runtime.mjs	27245	8abb58240fe8d8aa31ddae92dda9ec8ce47ea49be5b6e5d0f38d491f5d50434d
lib/security/pass35-a29-upgrade-deployment-operations-runtime.mjs	24532	a253606318e8b893fe55ae5daa4fbe46a2be9276a0189297f159a8823515d191
lib/security/pass35-a30-threat-model-runtime.mjs	35474	4343d3951024a41b08674bdf45037fa3b205eb5bea32316aa2cef324cad6f11d
lib/security/pass35-a31-privilege-control-runtime.mjs	37214	a6fa1b01c32ec9d19d538daf1ed88f97cdf78f405ca38f5e9a5515c78b1b6622
lib/security/pass35-a32-report-delivery-runtime.mjs	29061	4b3695d86291bf84c3fcb2924cba44f7afd6ee77b9cdab82c58fd9c38f046642
lib/security/pass36-a100-customer-incident-notice.ts	9062	f19900232e9dc9ac203a64b5f0a8a6445954228efe2acd5a601518bbcbd73a25
lib/security/pass4666-account-operation-redirects.mjs	182	1fe85bcc235031cce2b00d5401858b7a31c8d14377b687add0bce794deec5af8
lib/security/pass4666-page-alias-redirects.mjs	161	f349a9c0de2b0495c2d6d6f9e4a6354d467007a7d3fb6152939409e211761e16
lib/security/pass634-wallet-consent-boundary.ts	127	94c2d3c0de805001e0e96c9af601d949d37bcfe068df494cfed95fa91556a806
lib/security/pass635-export-redaction-policy.ts	127	1ff358d9216dedeb44d9c2a1bd3043b787de44174cfd0d1ffed63d7e2440d216
lib/security/payment-evidence-redacted-details.ts	6422	79d2795a51cb2f8407ddad239c6bfca53e4f41173ed8db78499c462156ccd76e
lib/security/payment-runtime-evidence.ts	6830	a3aadbe1f427cf43564d87307365da899dc287ca3edcc246310ebb01fbcb4bda
lib/security/payment-webhook-guard.ts	14021	276e1991bf242b78f33cc99a7cee13d8ee0be4472533d825956b62d80492ecda
lib/security/payment-webhook-security.ts	8541	b3d8bfe5ef82f568688d8f43c61732664c6511038a76e65a7493d9f6c35d964f
lib/security/portable-hmac-sha256.ts	1719	f1576bd4681a226202ed86e4ea7cccc8e3081ed985110903a275f8c38ac3713e
lib/security/premium-pro-pdf-template-contract.ts	27444	c1d460f5ed93b41fe5b11bcf9e2e7fbc602def0c01bbebcef7f53eb48f5825df
lib/security/privacy-fingerprint.ts	1489	8102480f918843d939423b0084f389be085776bc673b27d99cd9345276ada7bb
lib/security/privacy-redaction-pii-boundary-gate.ts	18039	afa97bd4151193ee033841d3c385ea5f8efd95dd6216fb5cdcda8147ab25bea6
lib/security/pro-audit-pdf/NIMBUS_SANS_FONT_NOTICE.md	1255	315e77622c3ec517a4492f7a800b0295ea62654910c94f3b30bd616a94128647
lib/security/pro-audit-pdf/customer-safe-renderer.ts	27646	8a7f174dacc6543fa88a761e0644b1e8a902be1dcba288dabf0bbb042bb2de51
lib/security/pro-audit-pdf/embedded-font-data.ts	37477	e0b08419f49573415c9d2537420fe6277752a1662c15f5d5d9c0f1d2d83d9fb9
lib/security/pro-audit-pdf/render-pro-audit-pdf.ts	46347	a56db4cd454878c84516efa6bbc07f51d0d8f995b7311e58e35a77d4993a20a9
lib/security/production-env-contract.ts	11905	9064fa891c345933fcace289e6128cb65c61fc5c16586419db16282d6b83052a
lib/security/production-fixture-route-guard.ts	1251	af2e409bc59b1d6751978edb6f6319b542f20d29314276aa6359747677985cdb
lib/security/production-rate-limit-adapter.ts	4245	5961ea467945a52f706e573cafdee5af069d68a168c959e9f16af226ce788522
lib/security/provider-conflict-arbitration-matrix.ts	23610	01f76ba863d68cc0d1696cb8d2ce4380c04459b17abae3787506b46b23f92296
lib/security/provider-failure-drills.ts	4273	d3371717f6e561eac3f8f72dfa1f9c4fa9c428f16749537e18f3d6c3119f3fdb
lib/security/public-private-route-lockdown.ts	33576	6c2ea6097211b11b72617aacc220d78e518362aa19c13c388d4270eb68548ad6
lib/security/public-security-status.ts	1318	835b26f2200c4ea787f77928544bcfa9e024059f39feb4d7da5b36e41a4063c4
lib/security/public-trust-intake-boundary.ts	6919	a86a08e01738a853662b5edf5581b1beff8ba1eab66f99c55e19ba935c0007c3
lib/security/r44p41-foundry-evidence.mjs	6963	eafe5e815ac2a176dbc053626dcff005b53bd4d4c28fc65547b9ced0c40aec13
lib/security/r44p43-public-balanced-holdout-evidence.d.mts	1196	29607c06117264434c22b83d1494e4da18bc1300d34f9a6c219a8b322e132edf
lib/security/r44p43-public-balanced-holdout-evidence.mjs	12087	bbdac886e56f40c2936a9be7d07f579be6fc942fe6e4cf38b4c2ae90594031c9
lib/security/real-provider-adapter-hardening.ts	25147	7d608fa5e21dd4175b49aeb3fcd6a2122411a9853a460093973f611aca60ed28
lib/security/receipt-digest-compatibility.ts	1871	43c1e29f82b24f4800c3a763cc0529a2edea54f3f76bb83272ceddddadc506b9
lib/security/receipt-route-health.ts	9893	2f47b12576214d15cd1e89cbdcca20476567a5fd08edc4be44f86e845de67b55
lib/security/release-signature-trust-boundary.mjs	11565	462fb5dd50d1bbbbe1054dce9b3f2c2af08d27bbd0774d7d012796b30db7ccc3
lib/security/report-route-inventory.ts	5030	2fe5bc5c88be4648ef33d1085e591a70d95068c5a73cf1ae739b5ab410553a9d
lib/security/risk-calibration-golden-fixture-harness.ts	21555	05846074618450bd4c87e860a4ac4f477bd2d0aedc1d50189a34d3025b6487cf
lib/security/risk-formula-evidence-weighting-contract.ts	26163	13ca2e5c42ee28709f91f561a9b80b8d0570d5d47bb0684cada3d378d4aa2fe2
lib/security/route-health-ledger.ts	17311	909356832040ddeb526a448c1a64353c43e1deb60d5d580f5399401860a70103
lib/security/runtime-build-readiness-type-safety-sweep.ts	20517	9afcf6515e0e7a2697bd83b87ce6eeb73c221ea5f62461f5aff5031641ba306a
lib/security/runtime-evidence-test-pack.ts	17199	3a3343c04faece889fd6064e34d71db289db3a22a9f4cfbfa20c6794d10f7dba
lib/security/runtime-replay-artifact-collector.ts	19828	e29af258452e1440b817d1aa6c1caf79bd45cdf4f210bd4e844a74c27fc6345a
lib/security/runtime-replay-artifact-storage-adapter.ts	16830	fe1e2bd88ad132f08891c2010b4f2b0b153bd769758a14461daf3426006d9c3c
lib/security/security-admin-audit.ts	3497	4f61368fb1a9796792be8c6a90ae2ceef214247e944492cdafd52fb29c7a94b9
lib/security/security-admin-auth.ts	16028	5d16706c7523dc141bd0f22a50b628415287a3a31cbf686b585138d4f2e40bc2
lib/security/security-admin-contract.ts	186	2f5a8dfcf1b9bcae4baedcb3310f9f86ddfa1a65004443752ba86c5e2a0248bd
lib/security/security-alert-rules.ts	6262	e2cbe8aa998620900c6198ec13935cde4623a9c731bd97103d01dc96773ed4f6
lib/security/security-event-append-adapter.ts	5032	3079a795d8ec40113cd170c52bcd349cfdf0b1c28def52d5b84b413b4f8ca335
lib/security/security-event-contract.ts	960	9169802f6069aa63be6358d8b7e2f630b3f754e0c3b2e4039968a25e3cee7d3d
lib/security/security-event-ledger.ts	5780	80b7f6be977bcab52297c90323e06367e6d4222223b78c76d01cad3b845ff38c
lib/security/security-event-store-contract.ts	4330	2e66d87803dd53fe4628909ec4faa07a60e0feb065e118b6c78e056b19e8a7bb
lib/security/security-operations-checklist.ts	7931	86e4acde9c5230180d71304711e241e60355a2cbd247455a88a46d653e43fd4c
lib/security/security-operator-assertion.ts	12523	957b1e075a72dca9c5f7580921cd218f9733bcf1314aca7a4e06931253d9b8c4
lib/security/security-readiness.ts	1016	85684a1d3b64cc9ec57f5e9eda089c595aa2df5526d5e494e9287e3b444f662b
lib/security/security-release-gate.ts	5998	efde15734fb07cb35c985485149bc77f2ce4fb14a237a85f369351035e61599f
lib/security/security-runtime-qa.ts	9851	784b74b931c7f70da37132cbb59f5f0ad9e4d98897c6006b441be42c1b52302d
lib/security/security-trust-copy.ts	13274	349db6af9e3de8edec571b5d01aa175ceb89cf1ff228479fad42a716b97c8b04
lib/security/server-payment-account-delivery-gate.ts	22177	b5111643556f0e7fdddc175fd596259b728cd15bc125cf7a5caa70dbc221a8d7
lib/security/solidity-compiler-ast-generalization.d.mts	1794	c4374cec8084ed5c105c11537d7719828fd843f60b8b58400cb2020d9a0021b1
lib/security/solidity-compiler-ast-generalization.mjs	64949	377cfaab0081491c4ed91cc00999773cf5d39ab7f40522138197d555e6cf3c3f
lib/security/solidity-compiler-ast-runtime.d.mts	7563	fddd38b2e66d7d1ba1a1f0157c79e80fd3205da8a4ad321dd76b648421501486
lib/security/solidity-compiler-ast-runtime.mjs	102117	c92d7ff72fe029c1b1d916126821078f7eb5b678bad33769c6bd672d7caf4319
lib/security/solidity-compiler-legacy-evaluation.d.mts	1896	0f74715dd175ef35106cfa321f0ddd4f496721d9f49c5c3e573081848920319f
lib/security/solidity-compiler-legacy-evaluation.mjs	10555	ddf85a7511deefcce4acd7a020d44059da4921fae55d1f3268faeb7838bcec64
lib/security/solidity-structured-finding-catalog.ts	10985	2c59509013daedd95c697cd09c442af4f08f3189e1346d4adb66064ee1d246e9
lib/security/solidity-structured-signal.d.mts	565	3a3e0249d0ff7840469a356f1f7065efbe623bb34a3a423c341d9e89d1ab5e11
lib/security/solidity-structured-signal.mjs	22792	16e51259f81553e0b80d62136ee43157b3db4020792e4664d92b69372ecc1f8d
lib/security/source-freshness-recheck-orchestrator.ts	21221	ad83fe1ab00b2f931bf12d60bb2d237487fc0a69be5335c6337cb62667338a40
lib/security/strict-json-boundary.ts	7396	f9f3daa6271dd26863cd692498111a5085724bff45ed1429aa7a49910f76a281
lib/security/stripe-webhook-replay-qa.ts	8209	e637e8ef434761a787e22da7a3c7ed9621d26e295353c761fb32d261ab12e773
lib/security/supabase-release-evidence-board-migration-rls-gate.ts	16938	8aa10a2ba1ae941201700f59f00ec09ef778b4c1600aa96ed481a00e92e408c7
lib/security/supabase-rls-account-delivery-production-lock.ts	18286	5a82b1e914594236d69049d9597219c6f37f27186ec2ab2f31271a8df491375e
lib/security/supabase-rls-policy-regression-fixture-runner.ts	21091	71e5a6205c677924f426a8850b8da04be2f763f9432aa84d31868de0d046c934
lib/security/supabase-runtime-truth.ts	6531	4fd0ef442e49835bf0832cd2c270af47eaf272fc914686556bd638db1d48d58f
lib/security/support-handoff-event-ledger.ts	15124	9c00847bb3a3ac0f3e8c1edf8e5483251e392b3c6c79baeaf8ba65e192d90e11
lib/security/trusted-account-header-boundary.ts	10667	3839598ff2285e4446da47dce049894b8ff3289809058577cf800d8a817a029f
lib/security/trusted-provider-ingress-auth.ts	6133	6973542d9b55db98baacb9f34f4390cd9f31efcaea8cb509c582543db36381b7
lib/security/upstash-rest-atomic.ts	5889	f8f795220d9ff56bc516aa4125ab558d0c505f516ee6e75a828e64d39cda8755
lib/security/vlm-audit-product.ts	35308	a4b3b5ccc4bc1858dc34f9dbcc54054a6cf2801c611fa61f4fe9a3b7c3038d22
lib/security/wallet-consent-boundary.ts	5026	9c18a6b0081ef4fe85c65fe8eafbec5c0874caa7e51ffab1c6fd9d091882a6ae
lib/security/write-api-rate-limit.ts	2349	966aa9c89311421c6f3da11f4ac5edd2ca5afb86c2141ed459258630dc804af9
lib/seo/json-ld.ts	239	42502684498c069b635df173c71df21906f198eec0354001fd58888b58059a13
lib/seo/metadata.ts	1996	ad8e2b7decd1017fc4d0a336572ccbe40bd00c2e200552bf1431f32631f679fd
lib/server/account-operations/account-vault-timeline-export-capsule-rebalance.ts	1400	8fa5b8bcd19c5b2fc252aaab1058b42d1a7708238ef4aaca36e2d7393e8bf487
lib/server/account-operations/consumed-ledger-download-history-rebalance.ts	4177	40b92c0642a6dde17005010383b658f4cd04182f6051ab5361a875cad94de794
lib/server/account-operations/customer-export-recall-attestation-rebalance.ts	2297	b7a9ed0012e1c741bc9a58ffcbd0bfd22009962e1d5e67797ab8db16348e0a36
lib/server/account-operations/customer-export-snapshot-parity-rebalance.ts	2019	2cd280434143268c176bfbc23b68e3cac84223ae90607b7c122778ceb0bb6781
lib/server/account-operations/customer-export-zero-leak-replay-rebalance.ts	2089	b1cb86984ee296bf4c6b623285c388cb0e9a5bd17da6153b748face2a60a573f
lib/server/account-operations/customer-notice-delivery-appeal-window-rebalance.ts	3394	57f1080e9d622d260ea039ebfdf8a113263e4d8e275100a8ddf1a47dfdc53b08
lib/server/account-operations/download-consumption-replay-abuse-rebalance.ts	3992	62167b07c0730f1d394dc4e13c72ef433cedb9641bdc66f3b93feb6478059989
lib/server/account-operations/entitlement-account-vault-retrieval-contract.ts	8173	5dbedc934a8025b916cfe0aaf5e930d0c549663167e1467770a13298ec05127a
lib/server/account-operations/entitlement-admin-override-dual-control-lock.ts	5982	312061acd7401bcc95c65034b897d3148f2edb6f036cd8026f031a62c8b0d6b5
lib/server/account-operations/entitlement-artifact-watermark-share-lock.ts	5530	bdadaedd90d3664e750fde7701491b08f10c47cb9f1b8a6aa1fd789d7baf825d
lib/server/account-operations/entitlement-evidence-export-dispute-lock.ts	5557	a1c1f30af0ed36db812617075f7ddbacc8d42fd46c60fb6f447600713382a54d
lib/server/account-operations/entitlement-incident-response-disclosure-lock.ts	5823	99246ffd7534869868d73bf13bc808e36d39ed4960204b2b55791073c035e5b4
lib/server/account-operations/entitlement-retention-erasure-lock.ts	5684	e03c40bec15e306496c4e295a34347ee4dfb086e58c12c95c55232c68e17004d
lib/server/account-operations/entitlement-revocation-chargeback-lock.ts	9492	c601893cb451886a5ae512af31bf756fb5141d8849d15ca9963833613174f877
lib/server/account-operations/entitlement-session-device-anomaly-lock.ts	5820	e177944f9661aa6db50005b2c04cbc6868aac8907e3ba59172dae0933f0d1ad5
lib/server/account-operations/evidence-retention-expiry-support-boundary-rebalance.ts	5892	a16a3a81197e683ab14c9f4aab670bd612b8d713fa00d4da3de163698413800e
lib/server/account-operations/mobile-account-vault-resend-review-panel-rebalance.ts	4916	1e4957285d06b837b9b665203dcabc2c0959522046ee5fc77a8bc5fae1522454
lib/server/account-operations/one-time-stream-token-inbox-delivery-rebalance.ts	3649	ea0daecdce8b93e665c5f65cd9f93031d6cd79c755735f88b8d7b84f9a5d1196
lib/server/account-operations/operator-dual-control-replacement-publish-rebalance.ts	3125	a6e7cba466730e0302dc8da0dcff1d6fdc8082821c9d78057046f0949f2fa91d
lib/server/account-operations/purge-job-receipt-appeal-reopen-rebalance.ts	6017	a53e6bcb2debc90eafd938101593ed3490f7794389e2c94c9ab15f840c0d1a8e
lib/server/account-operations/recall-resolution-support-replay-rebalance.ts	2596	21ef9bde163dc9558876501fce94abf075c093b73def002ae260bccffe2cb613
lib/server/account-operations/refund-dispute-evidence-dual-control-rebalance.ts	5608	5d33b88f435e863229e50f8e07ce90b2cd8f9be598c565c5956b6e891059b53c
lib/server/account-operations/rls-support-dashboard-erasure-reconciliation-rebalance.ts	6772	416fe6f2b0d72d51326ff3af74b82a718fcc1e3e7561d0f02ba2cd5fcec26d53
lib/server/account-operations/scheduled-purge-worker-legal-hold-dsar-erasure-rebalance.ts	6377	0a7c326178aebb51e2c54efba7ae46dd9a6a00a85f15a21c0d83eeabd75ecaa7
lib/server/account-operations/snapshot-receipt-persistence-gate-rebalance.ts	2049	7a75882c57d98908b473cc0fc072fe3210c910dce2eeb82192364e0fc2a2503e
lib/server/account-operations/stream-close-resend-persistence-rebalance.ts	5186	20aa38d5a00ddb3350cf3312d66cdf32ab17ebc6efec2fc434134489a2dc9ca9
lib/server/account-operations/support-dashboard-action-rls-policy-test-rebalance.ts	7070	18b67bda0dfa57b49f69a66e0d4c6da71986f51408407a20ecb89d5fadd81206
lib/server/account-operations/support-replay-persistence-stream-gate-rebalance.ts	2859	753ce95b2542cfae3569ae3750c8c2c7b38e0ee7301d175b85c8c4d98432f8d5
lib/server/account-operations/support-resend-rotation-ack-rebalance.ts	4286	0d12b174f3226df07ed0d9b122d6ff0a2c59b8ec7675200637b63136dcae8364
lib/server/admin-route-modules/audit-events.ts	2302	98d4de0ec93d9cc61af3a650e7e2e826a1a249aaf5cdd0d075ebc10257e798b4
lib/server/admin-route-modules/import-products.ts	3142	6eab8e1d729b34035dfef11ed93b6f6217df3978e660aa4996c3b24046085f6d
lib/server/admin-route-modules/sync-printful.ts	1997	e589f08afc937df7d3806e2f15dceba1fe07dbbefc8526f837b8b0246d0a54bb
lib/server/commercial-cohort-runtime.ts	26797	bc4adfac619fd3e9ae463767bf86404a80c041b47d13e56ec002955e0d3ad876
lib/server/internal-worker-route-modules/auth-security-alerts.ts	1686	9975255635352421fbf62d21edc1e036b1fe9589aff639dbabbc42798266fbfd
lib/server/internal-worker-route-modules/commerce-fulfilment-outbox.ts	2886	ae19f53633f7b2c21094640e724bfa7f80a715ec9ca245ad4b038ab16724c2a3
lib/server/internal-worker-route-modules/durable-computation-alerts.ts	2203	93e5c0b87f03239fc880a7233237f3928c9e7dac6360eced891db15263ba78da
lib/server/internal-worker-route-modules/durable-computation-operations.ts	6721	6721b232d50815b0e59a9c43e393bdfa2d3f7d8bcf666d2501cbd2214561f7da
lib/server/internal-worker-route-modules/durable-computation-promotion.ts	9490	0e9bdad62f383e347e6176f84d7610b4ce7dd802207fc0c86da41b390541cd18
lib/server/internal-worker-route-modules/fulfilment-incident-outbox.ts	2615	2c001e0accc04b2753ba75033feec3b29de158e6e10519eb49c0cfbd17073a05
lib/server/internal-worker-route-modules/fulfilment-provider-sync.ts	2778	6a879ca801eb919d9a175af78f86edb4431caf9c9f4676dc245c873ddc7f8605
lib/server/internal-worker-route-modules/stripe-webhook-reconciliation.ts	2415	1ccbe5cab50ce4389142c0c0bf2139a0bcf8670af1695984f0a495454e1b9ae3
lib/server/lazy-route-dispatch.ts	3266	04cefbf4e1418a5cf8291e330697f8d2ab2c556e3d9e732a21f01ab9f5cb7087
lib/server/lazy-route-modules/account--audit-messages.ts	13062	198ad1c5781e5ee7d5730e34f4862a7d194b87f3940ad3f578ca435c3117f67e
lib/server/lazy-route-modules/account--customer-artifact.ts	14779	5996b2826d10496370eaefd0803c15de08f8f01fc2b7cc9e315c0e44303bf08f
lib/server/lazy-route-modules/admin--security--advanced-audit-release.ts	24026	87c66d6f34593e3fe3c3bc487e172070942d791b37582f46704312ee8335ff7d
lib/server/lazy-route-modules/admin--security--audit-messages--operator-actions.ts	8423	f7d3720c252a26fd8d4eee77b34696e105ce00b1bceeef466c41b28f096cfdbf
lib/server/lazy-route-modules/ai.ts	4430	e9bdccb4bd49c123345d02b45015e3b340f3e0b84ec3340e497c7114117e2b21
lib/server/lazy-route-modules/angel--stream.ts	9218	65952d86b44b1d23288fe921f0799fe52f1ccfb746cd65d9213c70fc607d53ed
lib/server/lazy-route-modules/angel.ts	58667	2206d882b0e5b2956e0161d112c5028965648d5f24bb56fc8f27cf1184053275
lib/server/lazy-route-modules/market-integrity--continuity--refresh.ts	2357	908161adfcb7fe113fecaeeefbd879e2e485d8bb04dd03256471a0dce995884f
lib/server/lazy-route-modules/market-integrity--vlm--keys.ts	680	d3fa0b06051fb47b5afbf856d59a078fa4d04c002cb3f2ad52a2e61794348395
lib/server/lazy-route-modules/market-integrity--vlm--verify.ts	3058	13600223986a892c2c960fd4670db29c34eab5cc00a134e3bb394a6e2cd60c50
lib/server/lazy-route-modules/search.ts	307	d4e085e37c862bcfcc41ab0af0e9509b97f3bb27483464eaf1791d5e340fa832
lib/server/lazy-route-modules/security--audit-review--pro--settle.ts	8513	10dd228b29f0ed8b6fce3b8ac4b4c83dbf4c0b984ede61121d241ffe791fe790
lib/server/lazy-route-modules/security--audit-watch--customer-safe-report.ts	6443	8a721907ce558845fe261548d93241c7112056ddfda8c37972534b55c50a1435
lib/server/lazy-route-modules/security--audit-watch--delivery-receipt.ts	3920	40cdf9ee2160ffbee09d1c8d26f54a8754e1e931de86ce7f168bbb5b5ed54e22
lib/server/lazy-route-modules/security--audit-watch--paid-preview.ts	3857	d77c5780510f245e961a9ecf69435cf69582cd26a164516464dfc90b6d0c1367
lib/server/lazy-route-modules/security--audit-watch--pro-pdf--token.ts	8475	f8530506e79eec86ca42cab2478b06cd103283a2e772fc4c53f7e8a079786ffc
lib/server/lazy-route-modules/security--audit-watch--pro-pdf.ts	12860	1edb0f60c3ba4d3bb100b3d149f838cc5fa0a9b00c93ad760dad96bddd241bfb
lib/server/lazy-route-modules/security--audit-watch--route-health.ts	7344	01fd7a94fbe58dc5f7ecd1a7d2647d023a6a1fd460dc8068e17dbd07d79a6cfb
lib/server/lazy-route-modules/security--audit-watch--support-handoff.ts	10458	7aa28d7618a0c0061acfe8e68e422ba6a9cafe6b07c8a012d960ddb8b44de886
lib/server/market-integrity-route-modules/access.ts	1903	b69dfa3e392ffdc06dbc6ef7bce7d766e58c0451c11720f64cd4d9fa6a990e82
lib/server/market-integrity-route-modules/advanced-click-runtime.ts	5706	959efbc805125e2a7a2d5609b293acd37adcf0b459614301688ed16176bc40c4
lib/server/market-integrity-route-modules/advanced-cta-entitlement-contract.ts	4573	18a39d34f9f547e35e9575a0f3537381205ad6d2de64633fa05381d211b4d1ce
lib/server/market-integrity-route-modules/advanced-review-state.ts	3349	bd689484eb4df6b66e8cb45a4c68d4273ac0667338c83bf80711ea15e99a0f18
lib/server/market-integrity-route-modules/advanced-value-audit.ts	5503	00069c4011ae230494c0dd6b48f5dabd8ec7c4777c7f2ad4f421b92f220d5381
lib/server/market-integrity-route-modules/ai-human-copy.ts	788	d26debc02d34fd2cb5fc24b267fb0837885b808c795c856d777f045378d7f961
lib/server/market-integrity-route-modules/alerts.ts	1020	c3d7d009e36b0f580c5eb58358bdd422e0138eaa7c0612aa7837a2b0c44647cc
lib/server/market-integrity-route-modules/analyze.ts	9170	b5134f629a3c8101c861d428d7b2263f3c2a910b8d7c815998f45319695d54e3
lib/server/market-integrity-route-modules/angel.ts	15591	543b264fbc9ea41772ff629caf828b87ad3f84c257e659e6f9fca86c9668dc11
lib/server/market-integrity-route-modules/architecture-guard.ts	391	749f22f4b4b87d5d22f9959e6d40a936b092cab9e96a8a31a779e8c03d0ed6ca
lib/server/market-integrity-route-modules/asset-logo.ts	5878	9dbc15b8d8e36a62af80417cfd0911fec0ee34c90b0bf2519eaf6d0620e4bdd0
lib/server/market-integrity-route-modules/assistant.ts	3460	13b83587a3d3284506eccda2c42aa9e283878ba53a991956bc37345131ec75c6
lib/server/market-integrity-route-modules/brain.ts	9272	561e4d4e98e7b57563279f4e805e3f0e6157cf5daf4ad231228b056bc88fe54c
lib/server/market-integrity-route-modules/brand-icon.ts	3504	13b46925977b1ec5e8980e34d92cfae1f142b26cb6c4df3a31000d2baa7ccd29
lib/server/market-integrity-route-modules/chart-overlay.ts	10271	cf6080ec27fbf209fd40106ce4150eeab1400a620a648be6d23acdab441ca98a
lib/server/market-integrity-route-modules/chart-regime.ts	2759	484b8f5676e82a7354a5cc7e8260a4798b190477d3b9328331862faef75f9df5
lib/server/market-integrity-route-modules/chart.ts	16011	14448dc269796890dc36aa6148a2196a7b7d8a60eb6b32cede6343d4f7f095d8
lib/server/market-integrity-route-modules/chat.ts	6023	469b7062372447b9e42ed61205018310d69c02490928cd4d52e4f2ffdd0fde7b
lib/server/market-integrity-route-modules/claim-expiry-renewal.ts	1009	14191052a4d490a40bd7ba0390cc93f2455a5163310ee2c13f7c04f2c7aec8dc
lib/server/market-integrity-route-modules/consensus.ts	4404	d11369b8ae00cd62939b409b40a1c5a480c6eca93d60d0ade580d96c4b423faf
lib/server/market-integrity-route-modules/contract-lens.ts	948	c56927c1ee12188f3cda64ae89a8982923ea369bf71b84eb9a45cc8f84b10f89
lib/server/market-integrity-route-modules/cron.ts	7205	0b282b4eb420da39c0dc60440f63d11e1ab1b78557ea98f5fef983406caa56bd
lib/server/market-integrity-route-modules/cross-asset.ts	2825	fbf5d089f8de6e2cbe64f5d6d37524f1ccfdfb189e6921d06be69237005f045b
lib/server/market-integrity-route-modules/customer-export-download.ts	29661	f10c2cf21151d09fe52a566292029cf251b8d9733ae4411f5f592857a957bf07
lib/server/market-integrity-route-modules/data-provenance.ts	3893	c53e8dcd02f87414180ae81d186973aa33c60d95fc9ef49996a3f3e2735ef3e5
lib/server/market-integrity-route-modules/defillama.ts	1060	3c794411ae940cf0a47510ab595bd1f5dd27bd6ff27377233aac4b001f4c92f5
lib/server/market-integrity-route-modules/dependency-reality-build-input.ts	651	181b740ee02e2856953df1ff7c81f37db73577067be4d279f799f574f8a0d92f
lib/server/market-integrity-route-modules/entitlement-artifact-delivery-ledger.ts	6977	75c00748ce778b2bc921c05292375ea45f186f83e2d2bd6a6f48efdf40e70beb
lib/server/market-integrity-route-modules/evidence-export.ts	3263	2eb8b6d54ea73b52f1cca884b51be935d45fd1b6aff39d4b814306f87fcf9b41
lib/server/market-integrity-route-modules/evidence-workflow.ts	2050	61195d0e26cedaa13782b9352f50c538ae16eb76883e7c5f3b5d386fc75e4161
lib/server/market-integrity-route-modules/exchange-health.ts	621	4a4fcc2b274531ff1df679633bc48b522ca0d1f94b76ef1fd94380d940e212bd
lib/server/market-integrity-route-modules/freshness-drift-sentinel.ts	2999	043de431123efcfc48b098f38f6ed72d59cde523e256d1c0fb6cfc4555f507a8
lib/server/market-integrity-route-modules/geckoterminal.ts	2422	28e727fc8743bf6c00e177bc0e4128ed1ff0c189f03231f81aa90ee2bdd73dcc
lib/server/market-integrity-route-modules/global-risk-map.ts	387	ee8fedc3ce23153abf6f668f7ba5baec3ffcd047fc4caf71d19afb4e54ebf646
lib/server/market-integrity-route-modules/historical-backfill.ts	4464	84cfa2be8b1f6867b269a441d3e52b7c759c61780245120641b28f4f1b82706d
lib/server/market-integrity-route-modules/historical-range-window.ts	4192	3bb0aefc4e820035ef7fbcfab18d48263c415f09a1f9b955c4142f978edda427
lib/server/market-integrity-route-modules/history.ts	1514	03159cbcc2bbb557ee889a4cf6b111a193ef67b5cb348b83e49f3030ba0532c3
lib/server/market-integrity-route-modules/holders.ts	1526	d162e0700cc47149d232a2a16514e440abef9426f4c3d0fa8fe5ca1c7fb9c616
lib/server/market-integrity-route-modules/icon.ts	3900	1ae6b490a63f43916592882136063e4ebe4eea1fbd622f3b5a273e99c09ca312
lib/server/market-integrity-route-modules/institutional-router.ts	3062	d495a5465b6d8c51c02a8b2991ec3036afff6a291ac5b82cd89d11a23511c9bf
lib/server/market-integrity-route-modules/interaction-stability.ts	2227	a8866c7a84e250040c723ca54a208a69f66f484886d2f9b6e5d443962d11d38d
lib/server/market-integrity-route-modules/investigator.ts	7184	ac2b61d3b37e9b8b1509826d80d6a42249c56167044e7083d4db630dc3354b70
lib/server/market-integrity-route-modules/klines.ts	160	cf5de6df2bd0d6c9ce52d352ebdde643166d6721b34cc58d46571a589046f91e
lib/server/market-integrity-route-modules/launch-bridge.ts	2066	80340aec13ec19f70023214ff7a5e4f067a536d17de40a6b780efc7892fa68b0
lib/server/market-integrity-route-modules/liquidation-replay-store.ts	10692	6f6bd8494f1dbed4abb0a0c65858d9315069c5783bbbb64c28e80bd83399e7c8
lib/server/market-integrity-route-modules/liquidation-snapshot-ledger.ts	9328	09bb9e0b98ccd428e90a9f9c9337cd8310cee4267cba76f9a27a85afe58d64b5
lib/server/market-integrity-route-modules/liquidity-intelligence.ts	2540	de25b05b3a123738f3eb3edad5f23cf91b08cd2e3cb58e0cc550f820cd5975f3
lib/server/market-integrity-route-modules/macro-chart-integrity.ts	3908	08acf3bd87aed2b85f6967781842e3a61070d489a57a77720b75eca88f546810
lib/server/market-integrity-route-modules/market-intelligence.ts	45942	dbe1e78d6c4e8cc7b8d423b141765b221dd332df2df46cd7da415ecc61a7b168
lib/server/market-integrity-route-modules/market-source-cadence.ts	606	b7c5727d18870b4eca10ab6431fb36fee444435b4e34a55530fe6ecb1707ed3d
lib/server/market-integrity-route-modules/markets.ts	16672	a0a25b6c248547075a24c4887ffcfd6e2380a04950f7c8de89bcaeec2478540f
lib/server/market-integrity-route-modules/observability.ts	3452	12fa51c2b50b3f3e7cae755183a9cedb31af8d257cee98fc08a15a0adb0182b9
lib/server/market-integrity-route-modules/orchestrator.ts	1655	713b9328feb05b8edab074e480e142d645d24bab4586a9cf3ab2fbf5a9509b36
lib/server/market-integrity-route-modules/orderbook.ts	987	391d1c967c474add72cb9bb2745ee6d65183ffc4095fefca6e1de1e6b802ef2a
lib/server/market-integrity-route-modules/osint-queue.ts	705	88818e552c15d42e592e845f755d164ad5462a8d8db8edecf7134a3feb7cc2c0
lib/server/market-integrity-route-modules/performance-guard.ts	1501	55923e4e12022d03b4a5c5606971f89191f94cb76146fc70ea9a167523b5739f
lib/server/market-integrity-route-modules/playbook.ts	1891	f8a5160541eb62697cb0e5d2628e7c8d5f3e483523f608fe258b0925e0fa7afc
lib/server/market-integrity-route-modules/premium-evidence-bridge.ts	5076	c0c0b37f9a15c3f5191c1a0a47dacef26119c1d80740f0df34de6982ffd5d290
lib/server/market-integrity-route-modules/probe.ts	18503	fa1c08caf86118bd086233d191580a1acb1cbcc6f88c98b98dc31797504bdd59
lib/server/market-integrity-route-modules/provider-closeout-runtime.ts	2942	38316a835ec19c11b23bb68fc499bc9dd1994f3f8deebbda400e67edb4241d88
lib/server/market-integrity-route-modules/provider-methodology.ts	3959	0413def71349af7eb97120ff5ddaa30c5ea49fdbc88f99fd1717f1b21fe0f35b
lib/server/market-integrity-route-modules/public-claim-transparency.ts	1302	7ffd565818906cd8577f392695a30216a1f98e8af45a8038b462fde9a6128968
lib/server/market-integrity-route-modules/public-trust-evidence-decay-renewal-escrow.ts	2353	48299533198a07b4a975cb4805c6a0d051b4f1d2317553053ba6e6eb50b4708e
lib/server/market-integrity-route-modules/readiness.ts	989	c09d4566432fb2a804df8f4c91708de821beee9388d9ac6c7d9c4bdaa306bfb6
lib/server/market-integrity-route-modules/real-markets-sec-companyfacts-hydrator.ts	3743	c1c66cabac9ef57fc5c7915838eea277f4da811a691ca69906d5f80756d45e7d
lib/server/market-integrity-route-modules/real-markets.ts	339	bc8b01052e0281fcb6dc79953a992b2f83a209e5db4e11b451843c04f39f0a57
lib/server/market-integrity-route-modules/report-access.ts	6180	339d6e309e55e975d78a65055ae382d8e81130647fc70d1960fabdd984494057
lib/server/market-integrity-route-modules/report-evidence.ts	4854	d1b108e9dbf6ce02f568f093bbbbcc9521185ce6bbbdc40b4e631df1bc4aa8d5
lib/server/market-integrity-route-modules/report-pdf.ts	4164	83a0e76551cce8e62e41612b7ece714f0007b87bea210de2602d4e0fa6e2925a
lib/server/market-integrity-route-modules/report.ts	40164	51712c4eb9fa26718ec194fa3a3f03da350168a29a51eef6bf101cb6da53774f
lib/server/market-integrity-route-modules/review-deck.ts	2216	2e725a7fa750af129e42b0b37eef074723a49d8eaf4c42cbf24c0552436ecbc0
lib/server/market-integrity-route-modules/risk-calibration.ts	7883	d1c7aae43cd5323bc8d67bdf4af58d279a58672d806cfc6b8e35dc98fe45530b
lib/server/market-integrity-route-modules/rules.ts	1924	53ecd30884687ce64d0cbe2a5fc6df59def34bd661a3c57c7e1844490084898b
lib/server/market-integrity-route-modules/scheduled-revalidation-execution-breach.ts	2576	eb03aaa20828e26a156c2d6392241d2103a26efed93efe5a06591ae9821ebf68
lib/server/market-integrity-route-modules/search.ts	1375	b11ab8a77bce0542dc8eb378e0f6b70a8d1cd2ba20b29e14df43c79df2c0fdde
lib/server/market-integrity-route-modules/second-source-divergence.ts	414	5587be6419be3332784cb6fc9adeb51cd633c8f073bac462457ef8182ebe78df
lib/server/market-integrity-route-modules/sentinel.ts	2767	21b9aa0f5048c21424ebb6d961152f47e39065dc73e96d6bf9415602aac75862
lib/server/market-integrity-route-modules/soc.ts	1731	fe40247ab2bfd6a0196eccad96267278541f9ce7693af25db7a126d70a3f01c4
lib/server/market-integrity-route-modules/source-readiness.ts	791	1211409a172abce04559e990de3e4bd19085bc32ae8dc2629b94bf4a4b5fcaf3
lib/server/market-integrity-route-modules/source-snapshot.ts	3054	ad898e2b39baf07909c3c500afa226b86f42b73be9ec94e08f450088d949af5d
lib/server/market-integrity-route-modules/source-snapshots.ts	1351	1e9c983bcd7f0040a2ce367c5fd6272588e0717d3e68bbaec13f997d98e0e272
lib/server/market-integrity-route-modules/source-sync.ts	2639	7657c3fcf071c4ad9064932759282d888aa9ac13ff62c4972df933405ebd3581
lib/server/market-integrity-route-modules/source-trust.ts	2106	d5f9aaefd8a3878af566482bd7829e3e6448caa18b7d49d0a03fc28383828416
lib/server/market-integrity-route-modules/stress.ts	1333	25487272b85642cdbd32b83545bbc85596ec186b8517ca7df98f25f6fe95b0ae
lib/server/market-integrity-route-modules/supply-filing-provenance-lock.ts	3775	a9f86c282fa4bf4b47f8d0061cc2dd999a7742245d394d1c8d9184f1dd7afabe
lib/server/market-integrity-route-modules/tier-180-output-matrix.ts	4001	a058c6621db3a9118434cf05c7a30891a6866b667bba755f376349b48a78da59
lib/server/market-integrity-route-modules/tier-commercial-value-contract.ts	3925	e0688eecdcb2f344bb58eebc3c6b4419427ccb00f1b1dc39961ec366086b1e09
lib/server/market-integrity-route-modules/tier-depth-scenario-parity.ts	4483	6777f21f4eef664cbf9f5f6801ff14d1f67bea52d6e2b09d5ba98c4e8f19ae71
lib/server/market-integrity-route-modules/tier-proof.ts	4864	3bab96102e16058bb99be73a658c279900a6e4da7d4a7256571671f70d1470f1
lib/server/market-integrity-route-modules/ui-proof-strip.ts	3178	9dec221c15f16b6fcaab37babc063913b8471071aaeb5d4d9b22355a516b1b98
lib/server/market-integrity-route-modules/usability-guard.ts	2181	7053b10f447004fe28cf34fa707bd54154f2aa42815562b2e9aa65fd44bc8514
lib/server/market-integrity-route-modules/venue-health.ts	4866	b1cd167aec2289ca78c8ae0f7c066d0f4d31e9d3e6f0a71d6c13f217507d73f0
lib/server/market-integrity-route-modules/vlm.ts	21584	68506ea81ec4ef9883b86b034d0554648994181f005b7fddde80920249ded1f7
lib/server/market-integrity-route-modules/window-reconciliation.ts	3106	9a9e48e5b3ab91068612ddeea02b84834eced271841a974cdc663045faf2a8f2
lib/server/market-integrity-route-modules/workspace.ts	2303	c5179165e454405e44865bd04c96be2fd26e04ed723028c502610ef6b0a356f2
lib/server/market-integrity-vlm-route-modules/access-policy.ts	1068	c3aaded8b752865bc9d26eea25bab3dc6c6a24ce9b50c7b900d5833b0d22bdb0
lib/server/real-markets-route-modules/catalog.ts	1865	d8e92cf3a394ef6b81a362bb9237ebb1f006f129039f864180ee13dd074b5d06
lib/server/real-markets-route-modules/provider-contract.ts	687	00a07c41063ad1ffb609dbb48ef9e4c79feb5376f11336e4a089d60226c99b99
lib/server/real-markets-route-modules/search.ts	3963	63f9a45c8d02114d0b6b55c79e250ae0c133030bab874cf24b8e57e535053ceb
lib/server/route-registries/admin.ts	518	5cde0042fae5b75c2e0a44402fe12bdf8ddccb971d1a7ab248c64d98b032efc7
lib/server/route-registries/internal-workers.ts	1438	5b36a4a0710f79e7a7ff17281fac622ecf1616136db98f7b1b3f94892f098146
lib/server/route-registries/market-integrity-vlm.ts	549	6eea5343a166f7d898db4d20d8c7c1c3abbc6225f88a6961c7968ce95a2c5383
lib/server/route-registries/market-integrity.ts	13090	b48a9317b2458ca31ed7709a12c686bff20baf901bcdfacb40cf3c89fee3faea
lib/server/route-registries/real-markets.ts	516	ea44ef584024f8c24d638c9276f1c684dabc2bfbc362dd99d5cc77e0703e11eb
lib/server/route-registries/search.ts	736	b1d54fa8bb1185ded72ac5f0afdf3bb0df15153031c93d69bda80d10219b9cdd
lib/server/route-registries/security.ts	7377	e293132742beac14fb2191647ba29e04615c25e3cfaba3e9e11aad37dc781b0d
lib/server/search-route-modules/bridge.ts	1116	30bcb04b1b308ef92975fc6838f32676f80bc542a386c6356482cbd80b538608
lib/server/search-route-modules/lens-report.ts	33862	3a30497ceec3b5e20f6075aa1a447472edab7c4b3101d62f4dafc3765390b71b
lib/server/search-route-modules/lens-route.ts	784	73d715fbe2a553709918220919a90d65104c19b041d8324cca0392eed2f68575
lib/server/search-route-modules/live-preview.ts	1504	1cbacdfef58ec92e6331778fe22474617a5331d70f8dba438f2f63cb0ce82bd3
lib/server/search-route-modules/token-metadata.ts	1008	9796e96b50cbbf73ebad7c6603ad63f6235491bada684e4f750a98254d260614
lib/server/security-route-modules/abuse-shield.ts	634	a46d32c20ae9f97745bd0e2c7d4941035d7a268f186d34ac6ee2f886161dd1c6
lib/server/security-route-modules/admin-audit.ts	996	349890de233d972961cb0187442b67de4550b9a47d203c39967cda6e3f7d84db
lib/server/security-route-modules/admin-replay-board.ts	1724	0e3d703d6d581eba7a2bda3358ae0c47a9e584392ca7c6313e2c922dc365e63b
lib/server/security-route-modules/advanced-entitlement-proof.ts	3896	6406f4cf5cb49b0e636becc43b6a4cd5b30956c62486b5d41902ac0c97784c5c
lib/server/security-route-modules/advanced-entitlement-smoke.ts	3219	498bec6cfa79ab44df966938847570fbd9731a0bfdee2f93c5e50ce6e36b2b3f
lib/server/security-route-modules/alerts.ts	1097	6c8e21ac46902e6f6229e30e584f5e0fc0e9a80d542baf737ca54909b863b4ab
lib/server/security-route-modules/angel-gemini-health.ts	3970	2981240152d45d8abaf4667e9bec19659a11751f7035d6fc31509966e6dc70ec
lib/server/security-route-modules/angel-route-live-binding.ts	728	990b7f0c9e03297e1a98a4c9cad1dda45e6997516d377890f26958553c6958a9
lib/server/security-route-modules/audit-account-delivery-production-lock.ts	1524	17d52f001e4059f38dd15903dfb942e35b4f253dee8193ff633a261b4d0235de
lib/server/security-route-modules/audit-advanced-manual-review.ts	5129	bf1eda5e3097c7edb16c5f4713f3917a2cd13252a0d269571797ad0d6fff24ff
lib/server/security-route-modules/audit-advanced-operator-console-merge.ts	2879	e8e310381cd8f3b9a7fa660f2bcc27a54f40a671239676cb0b50c1b77644114d
lib/server/security-route-modules/audit-case-vault-private-delivery-ledger.ts	4001	e89ea6e993706ab66344fafb52b04df63144e0dbac9b6ddd60bc9e4e31f1baae
lib/server/security-route-modules/audit-claim-ledger.ts	3134	4f7bce7cc9647537d456f550b1731779d763957effb4fd6e5f13eeb2ce4fc9fe
lib/server/security-route-modules/audit-contract-source-abi-extraction.ts	4457	7237c6e05c658a4555dc50c460dccb247d006ccd495b5a953d9ccfeecc7f8272
lib/server/security-route-modules/audit-customer-safe-delivery-decision.ts	4240	4a9dcbc976342d918706f27a0887303148115090e6cbc656482c84829822f99a
lib/server/security-route-modules/audit-holder-liquidity-depth-evidence.ts	4921	1e4a49c67b769d8f6e76453182a0fcf032a6d396e6a9c33935bd7ffc06595f47
lib/server/security-route-modules/audit-intake.ts	7294	74bf46aa540b19abef41194601551e7a26302a76ff9c40c2fb617b8cd50cf019
lib/server/security-route-modules/audit-liquidity-holder-risk.ts	4180	3ed21fe731d8ed05f3ac22f35c691c64d4a66cb700ae13ae8fabdcf13b5c2c7a
lib/server/security-route-modules/audit-permission-parser.ts	3936	9f3b5642cd9bb83b8d412c0a4c615c5710c2a15c5da052bd766020349c2c6552
lib/server/security-route-modules/audit-provider-conflict-arbitration-matrix.ts	9225	c1f4adba33d20f3b3e7f956630f82fee62dd3ec71104b4e68ad9c728086b121d
lib/server/security-route-modules/audit-provider-intelligence.ts	3401	7e08ef6d8d2e2067de46b7be801614e39e5e7ec9dc714e64702ec402ee691abf
lib/server/security-route-modules/audit-provider-runtime.ts	4312	a899a1cdb692152b8b4859d0694b4ddb46e9560372a47de414d54424dee72b4f
lib/server/security-route-modules/audit-public-private-route-lockdown.ts	1788	68339946a24c4235eeac8a3807e340bf6635cfa7e870baebe378b753cc6f6df1
lib/server/security-route-modules/audit-real-provider-adapter-hardening.ts	3781	d271d36dffbf3732676dd33879dae76e61c57237cf667c39fee5419a667b080c
lib/server/security-route-modules/audit-report-assembler.ts	11639	eae5402c2a99545549e5184270f88c18ee61739d3c9374d1152ddfdb87870e82
lib/server/security-route-modules/audit-risk-formula-evidence-weighting-contract.ts	5670	07c2eaeb78043f96b803a74f83ff4b8b20656c14c1bb0c5276e253e8c6c465ce
lib/server/security-route-modules/audit-runtime-build-readiness-type-safety-sweep.ts	2777	dbee57cb8f08ff3b4270b147d8ccefa69371847e4507b3642f5d230f20dd9833
lib/server/security-route-modules/audit-runtime-confidence.ts	3804	5169d261c12cdb4f489ea2a5e2a2535ab9d2a5ca927d81704f7455ed6d6aeab1
lib/server/security-route-modules/audit-source-freshness-recheck-orchestrator.ts	3540	be6dfbf957b39ea416586071a7611f9f7b8ce05ee18c535fab25f0ec59098112
lib/server/security-route-modules/audit-source-freshness.ts	3539	afc7439bd88c3a53f9fcd27f35cb0e99f089ef2596f3ca2479c61e21683f62a7
lib/server/security-route-modules/audit-source-quorum.ts	3654	dca9d530708aecbbb196ffb65534362af6de66946700e1712ab6aabeb656282e
lib/server/security-route-modules/audit-source-spine.ts	1081	1d75d2ce843581219cd7b0c0b0f7dd226b45fdcdbc3f7515f0b5c22afe211aa8
lib/server/security-route-modules/audit-watch.ts	422	059365e04c6b58f1993cfe43171768848ababac8f5af52e7feae51039300db1e
lib/server/security-route-modules/cart-mail-wallet-microinteraction-sweep.ts	3005	a53c40284c8dcdb8d8d92219b0ff4fe71f3a392516ecbff0b340370e9ff111f2
lib/server/security-route-modules/csp-report.ts	3271	ab181c1a0255c6f5e07ad07330768179c551bd2b17cfb11287dcfe7d277ea0fd
lib/server/security-route-modules/event-store.ts	1248	5a6ccaeb6ce15e04b600e1fea177d35449b6c486433b56ff85c718b54ed37a52
lib/server/security-route-modules/events.ts	1529	90a577afd5b80dc08fcced1ea8f52e426e0adb58b0b9b1054665f626681bfeb4
lib/server/security-route-modules/export.ts	5378	111f99c3ebebfa68450c9081a6920d2a16b173cbd6841e14a8d59dbc09b9ee5c
lib/server/security-route-modules/modal-mobile-scroll-lock-final-sweep.ts	2996	dee71bb2acf7a6c82faf30a2788dba33a32304a87891624ad527b92117f3c731
lib/server/security-route-modules/operations-checklist.ts	670	cd710bec97a5a6b42244ff12474f0450679947d9febf72e4f41cd9317b2eff4f
lib/server/security-route-modules/payment-runtime-evidence.ts	4529	bcc328a41523c997f22e331980c37a00a6b08cad60eb481aa4279faf6f322cde
lib/server/security-route-modules/payment-webhook-review.ts	1126	69f5927500a159d3f6762efd6da6dd87f18a14ae884013dee67df0da76a741c6
lib/server/security-route-modules/production-env-contract.ts	919	52260a8362f4d61794d34e710060f116a9190c2fc1c3fdf28a9422218a6c235f
lib/server/security-route-modules/readiness.ts	629	7ab90c46a62c51e6357714fe3f9620aed2f1a9545fbcc917db0bb73e7536ea78
lib/server/security-route-modules/release-gate.ts	1116	4ee079ab8c702e37df4eb0850513c21012a03131dc208832e047f8d0ff21d44a
lib/server/security-route-modules/runtime-qa.ts	1108	8dd3050a2bcf7b49858f8783215d81f00140827a1b1f6d16c32fab09e6ff6b62
lib/server/security-route-modules/stripe-webhook-replay-qa.ts	4224	1347288a7181c0465cc48c04add1d3714a25efab2315d8ea3d6efad3c92704f0
lib/server/security-route-modules/supabase-runtime-truth.ts	3169	9bbda5186ed732c3a95b7fd5c5fc786a0d52bd89ea75b74421ccefe46f876573
lib/server/security-route-modules/trust.ts	912	75cdffe03a2f939bc54397c9ab7483dfc6c77c696b2274e2afb95cbc450c1b56
lib/server/vlm-service-verify-handler.ts	23580	6a6e400af41e1da5fc174454481dd6e0299c233b480fb3ea09f5a64e68e17787
lib/square/types.ts	801	e5adb95d0ecd4e4ce37cede9617ea0857472c9ae28e6ea005b05c254d297b515
lib/stripe/server.ts	587	e1ce8ebb1eea488793eb845b4e40d709edb985fa42539ccc13496547154c2843
lib/ui/customer-safe-status-surface.ts	28779	4324107f1973ab86b5a225fd74d30c11133ff6ad1827f39d344f115d2364a2e5
lib/ui/dialog-focus-return-policy.ts	2102	5a2aded5272c11da01f87ccda24b4a417facf89d81a4b6dbe03af815e2597f6c
lib/ui/modal-scroll-lock-policy.ts	2786	e43d13440b60b9f9afae89d319a8ce4985f1a511f19987be1e1bf571e750353f
lib/ui/motion-constitution.ts	2677	24d3010f1939ef1ac9b45b5ce35e7cdfae47cbe35035bae9ce5f74cc2850e60b
lib/ui/overlay-constitution.ts	1037	11bca8c6109fcecd93a07c583bd384a02eb15a3502ff1c5c0536aab5cdb7c7d6
lib/ui/pass1734-runtime-cleanliness-contract.ts	132	1ff843d7169136d7c4d89bf7956a558ec5bf9bf9c3dbdd8d47666033d2e66aaa
lib/ui/pass2195-runtime-ux-binding.ts	122	fb6d1cb7727583bca0420a4ef4c921b971c2b6dfd4e48abc3070bfd250b848ec
lib/ui/pass4477-worldclass-surface-contract.ts	5725	5c8f04fa69b8ff5dce255fcaa45e63ac364383765d8d11640eed1096eb33e76e
lib/ui/pass4481-worldclass-acceptance-state.ts	6460	47ac5ddeb4322ddce7adaabda77000e65e59f7e04f542a22dff50e4e33bab197
lib/ui/pass4482-premium-surface-qa-disclosure.ts	4296	49abc1bab1c6a9a92d09d61c328af193becc78e3a13fd46ca35bb76a8923c5da
lib/ui/pass4483-premium-runtime-surface.ts	5500	252529065af1a4959f4c7cbaacd64b72e4695f24c04ee66a215bb536d0930b2d
lib/ui/pass4484-premium-runtime-summary.ts	5213	7719c220387d34c88270908a76ad0665392bba088687f1c61c2d8af254560115
lib/ui/pass4485-screen-runtime-fit.ts	122	63ba71826c034b23a2eb076f600a1e0eef1d0a3f16430cdb748248d3cd0c0687
lib/ui/pass4486-runtime-accessibility.ts	125	4e7af5fffe97e279d3684752e819ccfc57eea8d91b0a9d1b72bca33bd7c574fd
lib/ui/pass4489-runtime-keyboard-delivery-state.ts	135	8002c9b85f6be1e6b805b2249f159fccb162e02bf17c879fd3454a346c76ca06
lib/ui/pass4490-runtime-quality-state.ts	7529	6926eba5981079d896aec4b3ff0d53edb049015a7dc56ae84d4797bd55f4b1ea
lib/ui/pass4491-evidence-readiness-state.ts	8552	fb2174ee995f2134dde3479ce398e20bf822fb3f4f7f68697095b3cced53fb66
lib/ui/pass4492-actionability-state.ts	9201	5e1602581b3c16d5142ea8392f3ddf781a924f7aaeb8a26ea6e09ce5617e2890
lib/ui/pass4493-claim-boundary-state.ts	8769	d22f35b22d19e94702efb47c39bfb4f0dd02efc2c2c66a4301e83a82008bd1e2
lib/ui/pass4494-customer-packet-state.ts	8823	fbf7a456e73d1c2d7cf3445ec46469b1fc66572a7b19f8858bd9d79f5eb7a142
lib/ui/pass4495-copy-safe-envelope-state.ts	8783	431965fb05ca327fb11e4635c54abc8c0da5f4d461aba060a0dfa29c0fadebec
lib/ui/pass4496-premium-proof-dock-state.ts	7544	4ee31896a58ead448d55c289dcb44c9eec18d41a47a980d67b78a07e9948ec2d
lib/ui/pass4498-premium-action-dock-state.ts	7675	5249073006d2362bf4235e30a9552c66ce8894fb89631292653405fffdda0ddb
lib/ui/pass4499-action-feedback-loop-state.ts	8796	115ab5afd58f1a99a8738c1331e7b42f614c61b2f3186f11b7d64423297faa32
lib/ui/pass4500-premium-command-surface.ts	8130	49027b060ad3b7cc091176c76eb6f05efa90c2389f14c8b771d626f5cdbd07d8
lib/ui/pass4501-decision-safe-queue.ts	8956	93594aa3963a67cd74d5c49689167195de88d3628aaadcc214e7ac2b05bca119
lib/ui/pass627-motion-constitution.ts	123	07de86b9536c40d228def9fbfc0cdbde707f55f4ce8031bbc332c233fc726b3f
lib/ui/pass628-overlay-constitution.ts	124	2de0fd526fc8c4397ca1da34c60d6c512aad91b087635b1fe2d0bb976585fbed
lib/ui/route-transition-policy.ts	2035	987dd39415fe374630bb7092647cd4053422fdbe2a9c31cf9595a53c84fb0452
lib/ui/runtime-accessibility.ts	3862	623260d1858eae01ed615ca102429d5f5f5ecf6a0ff12b16013b9c400eae1ae1
lib/ui/runtime-cleanliness-contract.ts	6253	b554c4725293ab60280a099cfc832f844684c0457a263d6fa71ea1341127c1d3
lib/ui/runtime-keyboard-delivery-state.ts	7975	45d624c043ac0ff3cebfd1e8a6f2c4b5dfb0b939e3d213653436d79760ad1dd0
lib/ui/runtime-ux-binding.ts	18090	7165aeea0ba9502c0fd5309ace8cc61dbad9d4288f35ada79f7a0dc32115a27d
lib/ui/screen-runtime-fit.ts	3923	80a9247c3988de46557388a7b19cefaadc9a3745d401e066192d753a6ce7a0ff
lib/utils.ts	169	d1f1e0d62cb8d8d1e04c26e14de842d8a151f75812d81b046c65b5d1fe8e4b27
lib/wallet/mobile-deeplinks.ts	5952	d2d699d74d1f02615000e45e9391a9336f85750c32519c63a7deb234ffbf0f30
lib/wallet/types.ts	413	871d22b1d363ead27c89740071ad5afdcabf5768f6011b9df45b390f45fa807b
lib/wallet/useWalletConnect.ts	9424	824daa6072ce57f85656653be22d6039cd1c3dd9c5ffafeaeb0f11a4b2e62ca3
lib/web3/wagmi-config.ts	1012	1a24e76de4da793b2ecaced3de21029385b1ecafbb470512388144a06ca57a10
lib/worldclass/angel-gemini-self-policy-fix.ts	1648	4379b668ae36f1da6911ef0b64dc13fa14e19e3f81cbd6bbbd1f5eea71c39e99
lib/worldclass/angel-route-live-binding-fix.ts	2078	6f0b8d7522bcebabd7069b36a6f836c5ab02c1ea3bca8bad8c40cf34cce65b04
lib/worldclass/audit-lens-output-adapter.d.ts	1381	9c5ffefb6dbe585962700840d3038577a6b8869391b7185b4577fe24b6292690
lib/worldclass/audit-lens-output-adapter.mjs	33580	d607779415bf1fec993b9cb44a4e5e4dd1dce2e8609e0d61a7173084a3abbe67
lib/worldclass/brain-angel-output-adapter.d.ts	426	80eedac9fec89ccfaf6b50c42aa95a53a7f9f77ebd560715e75ee9c6695ed434
lib/worldclass/brain-angel-output-adapter.mjs	15977	a393156cf9554c86121e2342bd0ae666262e48b867e23a0564dfdf3f7a8f44c5
lib/worldclass/browser-runtime-receipt-pack.ts	13134	e36c0c1cf601dd3ab749978bc1e44de3b2da807a54c8dcadfca029f0870e3e5a
lib/worldclass/cart-mail-wallet-microinteraction-sweep.ts	3848	48359e32d6c75a836905297eb04abedd7256313aa3eaa6a8da3a7a220bb5923e
lib/worldclass/commercial-cohort-anti-cherry-pick.ts	46398	b724273118e42b4b39d2dc082c966e055926b8976c00900267a9396ab58aee4e
lib/worldclass/commercial-cohort-chaos-recovery.ts	45523	814700d8a66e75cc5ebbb92ac933881b18dab90718268d02e42c62186ff725ce
lib/worldclass/commercial-cohort-deployment-receipt.ts	28792	1b8263db91ab344be33649c5dfe4e91d7eb464de9f8187aef7e4c362bf38e50c
lib/worldclass/commercial-cohort-external-key-custody.ts	12064	05b9e5f4b6bf95b5566e04a234a0e7bb56923350a8daffcc87e236433e8cdd8a
lib/worldclass/commercial-cohort-observability-incident.ts	45546	a444852f0ea47eea755445b79cdeba9547509b5732f3515e5903418b9e665603
lib/worldclass/commercial-cohort-policy.ts	42735	0ca06efcc9e4bd7bb168b9bdd2ca193e3531903a8e564999c919336d8e4ec73e
lib/worldclass/commercial-cohort-privacy-abuse-audit.ts	37613	b656da1349563d082ce4fbe6ce52b1265e03d35cda3a71b1f4505be70b6a66be
lib/worldclass/commercial-cohort-public-checkpoint.ts	49678	4cd1dd9b54bef4ffa9811ef801703df3e67df93eec21c2685d1e786230f1ebd8
lib/worldclass/commercial-cohort-staging-e2e.ts	38384	8836dc3e96c48b290a0333e5a916531e6517abf03f3c254282ca8c440533bff6
lib/worldclass/commercial-cohort-supply-chain-provenance.ts	36277	d982e0234ea5c3f4382bb0fac2e89638fb1b810317ce56119d606137a4729c09
lib/worldclass/commercial-cohort-transparency-publication.ts	10830	5deebb588603881b3c174194dce91a2cb4a331fb19dba003ed5982f2a7e23b49
lib/worldclass/commercial-cohort-transparency-publisher-client.ts	5526	9e8203dd9b31bb60db514dce2f98baf21fc80c79cd3344e9ebfd7c4ddcbd4590
lib/worldclass/commercial-cohort-types.ts	3507	cc489f0c4e5eff0ad92016b449e91e639673af9e8fd30c537bce9091e76a77ad
lib/worldclass/customer-safe-status-ui-binding.ts	7249	4b5453f8984c2fa6340c4827b6953d3dcb8222b5bdb9c9251c1e0cb5bb15bbc8
lib/worldclass/data-license-eligibility.d.ts	1090	f20c9227707b45d79bab7e7536faef8a052ff4caed230ee8f38de7c543f17ac3
lib/worldclass/data-license-eligibility.mjs	6138	1af395d059cb3db51b052ba6c7d09684226f9d2278932a53237471c04e0d1063
lib/worldclass/market-output-adapter.d.ts	1869	06829d3293cacca977c4ec30d35e612885815619fee567a5491fc009459bdad0
lib/worldclass/market-output-adapter.mjs	24905	e0eaa111708da259dffa09e4bebf6921daf87a3eeeac218b4adc7f3a161f29fd
lib/worldclass/modal-mobile-scroll-lock-final-sweep.ts	4510	a36445eafa936a58f7095cc0670d549c5197e07924500bf480d2d484d528749a
lib/worldclass/output-scorer.mjs	8952	360c4ecac45ccb9d999ddc6c4505b3cb7709c476332e62877dcdb0b62960777a
lib/worldclass/pass35-canonical-packet.ts	8186	139410e1a4e3e07d84b846a99de4d2e9e3b6ba27e798a11cda0bf45f5985468a
lib/worldclass/pass36-a81-canonical-mega-matrix-runtime.ts	46003	2cb5fbc7a2683c136a32a0476ce2bf7b060b955311c87965097a16466d55848a
lib/worldclass/pass36-a82-audit-real-contract-matrix-runtime.mjs	15015	2999323f8b31921c5f974007036ecd0b7aa8f87e7f84c8dcb40a66768c513185
lib/worldclass/pass36-a83-browser-lens-pdf-real-packet-runtime.ts	28928	6e127d42b2bb30f44adebbcfcfb8c5d4c87703b4d993433b7839a831d66f1c35
lib/worldclass/pass36-a84-shield-full-catalog-tier-matrix-runtime.ts	38302	b2816316180827eb9a80efff8cd6b786e235b75bde01a5855990986f58789e02
lib/worldclass/pass36-a85-shield-pro-map-full-depth-runtime.ts	34153	0ab48c7d9a51e5d45eb9145da9584cb85a35f5ec85d6aa52846da25162ccbad0
lib/worldclass/pass36-a86-real-markets-cross-asset-runtime.ts	38623	5018d9373487558701f95edaa0ab6439133e13ecf136dc28ee329c7d5def368e
lib/worldclass/pass36-a87-market-impact-whale-watch-runtime.ts	42221	cc31aaa91cf661d4cd92934aed09b181a195e3352249e9c775364c48a409a254
lib/worldclass/pass36-a88-brain-angel-risk-eval-runtime.ts	24865	89e608facae7dfb3818671137c82468a5a2d2818b94ef71eacc97704bdc31fde
lib/worldclass/pass36-a88r1-semantic-adversarial-runtime.ts	21582	dc4116c355ae3c7e4ac3faa80adc6193aa148e8b1204ca1cc80d7c234a73e41e
lib/worldclass/pass36-a88r2-behavioral-verifier.ts	15024	6e4b1a4ba7f3ce3a1f6a65b48df77fbfaeb4cb055323f57ad0016e7afe4cbd54
lib/worldclass/pass36-real-evidence-physical-boundary.mjs	8987	36e39f40108b5591cc8522832b14ed55f7ec351c3b9e18504dbe5bad7fb98d64
lib/worldclass/runtime-screenshot-checklist-ui.ts	10938	050de325161072116c70809eff37fe60f38e8649dcdec2b679d7a4cee7763e07
messages/de.json	140080	53938385cec2a6f8fbddc27503fac595ee61cc4689100eec236e35bfed85f88e
messages/en.json	137990	0144916a349b482367cba00632459bfd34739f5316210cc62095045d39172b6b
messages/pl.json	140740	f4aed0822a55a97625301ba53ed91f56a82000ba72038230ed3b1b381c71cc0d
navigation.ts	270	3b9d72a5c8926b9f6bd32d6ee4f93d9fd913a0ac24a062afaab23994a8a18164
next-env.d.ts	262	e02cf94f68fe440954d3213106a7e943e5424cc867d7cd3ab406dc31263e6767
next.config.mjs	4329	72c128511f5c26b0e4f402a4c81f2a3ddc796766a7d990341d452ed5bc5a12e4
package-lock.json	354803	e228adec08801e454ef5559a20f302110b4896a307c364195716218a376c48bb
package.json	135168	fd254fbfef215cbfd93e0f5cb04a7e84864dea998c0cfce0fc0f9227fac372ec
playwright.config.ts	1636	d39c7e949c024c0da26f0414167ffa1a6f5cde240ad0a6b172c4c4b6cd414a74
postcss.config.js	82	b7cdd644c868bd3b40f3e81bbf7875357f490ae0b4e20390495f95bd095760ef
proxy.ts	11009	e5f6dc036adacb5e660ab96dff7a1ad04aa685208f8b112227d920edced4a287
public/images/atelier/earth-blue-marble-2048.jpg	171921	c2427a51523c8189716e364c712a6cc362cc2558d00ba824e04bd2baff52340d
public/images/atelier/earth-blue-marble-5400.jpg	1692239	dc059529b8ed1cfcdd59747a7c3f259c93c1322bf88ca1ec8bab1dd71fcc57f5
public/images/atelier/earth-clouds-1024.png	260222	7d3b82ef6b3feb506fc06f02a744aed3d864e23e7417075005f4082a7ff935a4
public/images/atelier/earth-night-lights-2048.jpg	107144	a362e217d9b2864361227a45e54942587450e1b4d1c2d4c6dc7821b3f8d72e7f
public/images/atelier/earth-night-lights-3600.jpg	779638	d87de751a264e4f8ff69c68de5dab9606daee87a6f15ae743c93200743bd7ec1
public/images/atelier/earth-normal-2048.jpg	336774	3fc43e9639c34e8223c4a871e3bdf5b2d52ee79f7e89ce3f28cba45d4cac031a
public/images/atelier/earth-specular-2048.jpg	223421	2df48906732d7a458b2d0a7cdec51a829262307c6bdee4cfdf079a4dd7c71c69
public/images/atelier/world-dotted-globe-texture-v2.png	489812	71067387983c6de3447298d2ab216c2bfb51efc61550dc935759f8bad74e534b
public/images/atelier/world-dotted-globe-texture.png	347540	1cc66da28aab71344000bb81561aebfeb88709ef4722ffc8d8e6a347cc99460b
public/images/atelier/world-dotted-points.json	66317	f70f911ddad8dd7577b538844d55a106e90f7f061b2f452d2e08f01743fc6da2
public/images/atelier/world-dotted-premium.svg	252036	00d3b8c4fa61ae605fb92f5e9e5bf5e1acd3ac33ca0e1c85474576045ebac274
public/images/atelier/world-dotted.svg	308979	267a2b9f0dca3cc23505f9c221e2f45f67317afe5a5160f04b3917291e223779
public/images/atelier/world-orthographic-land-v6.svg	714755	8c14cb9f5a58f29ffe8f62522ece526ef36662a89a0275bde70c5afa3de5845e
public/images/atelier/world-orthographic-land-v6.webp	191818	7dca8b71e6ad887ef3441b14c4d8a07be6bc52e2a60ef83bea02317a2b4e66c6
public/images/atelier/world-real-globe-texture-v3.png	4182291	351e50ab00e6ffd56ab20e160df03d34dbd6049db3821e6b7c9870dfad1945ee
public/images/atelier/world-real-globe-texture-v4.png	670994	af33981560633f17b9e0ca9acbcca678ec1535dbf195a9a8dab96efa778cb141
public/images/atelier/world-real-globe-texture-v5.png	733235	f6207a608a5eb9f62e737905bfecc43920fbcc51324fad87cb9c7a61869e9e0b
public/images/atelier/world-real-land-points-v3.json	532316	7e9499c4a5675221cc56fd948bddae9b1c0cf97107244d24845f72a3ccf1136d
public/images/atelier/world-real-land-points-v4.json	327641	1607865f72df563093fa1a5ac105bd612c7a55acfd3f6b6e7146f399acc676c9
public/market-logos/aapl.svg	453	fef882dfded008323492a0de4036dd3301cc4f66b8bebbaae17c8ff97a7c6656
public/market-logos/abbv.svg	437	d20d7848032aed1dea2365dc4f2c7ad1be18faabf3440f2c2ab11a5f8f59d474
public/market-logos/abnb.svg	279	21b60ac62ba73ff1da551fc0faa32fc22136c23682f24ea276b9bf2cff521556
public/market-logos/aca.svg	309	d3c1d97ce189d3d253454cb94a0aa53c6a96b1dcb227dcd24cb2c4efccb23ee8
public/market-logos/acn.svg	436	30a049ff2c2648bc2240281ccf390ae87d22386b9d703d4fe72999a5b1a7cdfc
public/market-logos/ada.svg	700	f9c2cde1a44e0222928f832aa1bb06b065d4e42bb815637b4ad19778edf990b8
public/market-logos/adbe.svg	221	48860dbd6701e9c22fb9bd1ddd7e15dae2b19652947a84232ecb37b8117e4724
public/market-logos/adidas.svg	278	bbf4953c262e19c50925a55b5593086c06084e05f176cdc87a5c54bb8e26a973
public/market-logos/air.svg	700	b3afbb1ce9d0c4a8c739c2628bf53733e2c2ced1bbfa4bccfa60c9e55d8b6e56
public/market-logos/alv.svg	700	27b8b1909ead5bb00b82f83f95a7e2f84b83e3fbc048affa16900ac776185bc1
public/market-logos/amd.svg	278	288a0fc34ea4607b931762b8013d6278076f33611b1ba4d0e8136a246c82c1f0
public/market-logos/amgn.svg	437	6f771d7c9670a928f9100ed6db408803c39c9092a700d3b5e5a7f9a7d10afa29
public/market-logos/amzn.svg	599	512c88e4866b7c30f9be72d68d6439b4b999a580a2702d2cafb874aec9472557
public/market-logos/arkk.svg	437	d8db743c9c5406bbc4020f691f9932c64855dde4e8ea8bca22c89e941bf2ce34
public/market-logos/arm.svg	278	3f05ce20f2ab8e6719334c5d2368341311aff2cbb62447d24ac8cb641ea8643b
public/market-logos/asml.svg	279	88b7a73f94616e4d39b8b7d0125cd23fb195f1ef7d0314e759bba0fa0d4d6cf8
public/market-logos/avax.svg	702	ba7801b6e8396ab7527a52c74f1542e481c976454911863717f1f51866762294
public/market-logos/avgo.svg	310	4dfc7f23ac4d423938ded66ae8e67a5b4e3de8cdaf85ac42d102b9e202c4f944
public/market-logos/baba.svg	279	d608223596915b5f638c3ad9a2f611aa2c8af039fdcfe922b29a1848ebe1848a
public/market-logos/bac.svg	309	3148740b6111dce63fe8128a36c6aa9ea8d2cdba6521129a1f5fa2424eeeb9af
public/market-logos/binance.svg	278	8c567bccb8d3852078af1cb43c79d1375c3d469752f57ef03614696631ae1ee2
public/market-logos/bitget.svg	436	c24ffcc1dad99cdee05a06874083d6f49f27e97eb66404bdac5ce81fd009ed78
public/market-logos/bk.svg	308	9ef6651baab4e03da75bcd819c4845faca3925161eddc3062296765e64eb55eb
public/market-logos/bkng.svg	437	22c52146e170bf631a60b4e6d102479481898f75b85124053944785607741b2a
public/market-logos/bmw.svg	278	f8b0a99cc15ccea4174811ca369822c004eb7957fac32b797824a0b15a952337
public/market-logos/bnb.svg	365	ff3f0ffa52811a84ea1f69f7ab976f6907fdb9ec0d1cdf80f68fb488aa17058e
public/market-logos/bnp.svg	309	15d16b1803def0bdb908efa7a33c8862914c439f26801b26dca448e96377eaf5
public/market-logos/btc.svg	855	d7f64b316f4219449a997e4614edce3c88738206febac4f186c2204f705b2bf5
public/market-logos/bybit.svg	277	55c248fd900151cbc6d4ca01b530de78af8357d369f41817b5b9265545ef66af
public/market-logos/bz.svg	698	0fcd0b0bb06898a944c04ef22aa7c77f0c4ec4828ac1637199f1c8cf39e34ef7
public/market-logos/cat.svg	436	2224822e3557668b8a51d06d7a54a17c1e54c9f1bb2cfbe579aa2a227999785d
public/market-logos/cboe.svg	437	3c70d72e89f9d518d7adea295bd3c2ae2b25bd887dfbb921533cc47f3ac9361e
public/market-logos/cfr.svg	700	49f6f9af20c53ccdf2aab974f47f4ccc19085db3fa8e75e22e4144a05969e157
public/market-logos/cl.svg	700	1559b3f4a18f2eb0d68f6782474054b982109a2cb1113fb0d92262b45266ef1c
public/market-logos/cme.svg	278	6ed4dfa4257d3ef7a027da1bebe5185abac7d265f5cff9065f9b93a10b1d6007
public/market-logos/coin.svg	276	b76ee59ec223098452befab84f4653d59612726487ccf7fb098ae1bd0ed56935
public/market-logos/coinbase.svg	277	8eda15ff8e0f34b0a7525fc903a36edfc951c688164e5fbde18f4934269f553b
public/market-logos/cop.svg	309	39170b6e03f12ff640696cc47b46ac460aeced72679f0b2c18772d56ddf24b04
public/market-logos/cost.svg	437	d1c27e38cf767a108da6cc52dc1647b4e578ab41732652af288979c9a8041e42
public/market-logos/crm.svg	278	17fe24b009bccf9b3725420f9acd190578fdc286dad373eb4e61f9d645bd4dae
public/market-logos/crwd.svg	437	4b6a0567d278d2c57ace63d16558f650ad353b300256ec1aaf112fa23274075a
public/market-logos/csco.svg	437	1ca30a5073f9691812b486fa67ed65935327f98d8aae9fa4be5f74e0339e4f3d
public/market-logos/cvx.svg	436	bf01236a82a76e6771fb77dff3eb68e6bfa1fcbddd754237f7eff6250a7c49f6
public/market-logos/dax.svg	274	823c628687ea4d90ba2952adde28e8565897d0eb5fa4aaabee7d619e2535425e
public/market-logos/db1.svg	309	e8dea616839f54939a4431adcb995b0f77719936409aa7b6b5858a44f37c3f3c
public/market-logos/deribit.svg	436	c0813090a6a5abbb9f8a7c2eef77b7baa4f4b5423158515e93548bb29401ef2c
public/market-logos/dia.svg	436	acab91b236a29b4d2dbb280a4902d89b8eceaa1e27d53c9395291e456bc08e65
public/market-logos/dis.svg	309	f9d66d098569971dff3b70c74aaca08eb6ba27d647ee7d7d66c6d01e446728cb
public/market-logos/doge.svg	702	fdc55a4fd69c69f736bdc2dfea8a5bb7945f6d22fb46b112ea563639e78e3536
public/market-logos/dot.svg	700	cc2f1e2fa3aca55553c2870296b0e649dbb54852a3c1c8591312413a7fe18cfe
public/market-logos/eem.svg	436	24e83876e70d978bc3c19ffa405b46c879c6560267aa7b137c39ce2630900a3a
public/market-logos/efa.svg	436	eff495fa4d31479e07cd5d1e531a330bfe77a46348b2cd79dcea6e8108f8995f
public/market-logos/enb.svg	309	5714493ba47bd535b3dc9b2dadacf05c998a34b37859ce2e07e01a457f7fd0b6
public/market-logos/eth.svg	377	0c118bc0b474cb22827cccea49c87697ddae7841c5455f877d332999fc621a6e
public/market-logos/eurex.svg	436	5b7bdc87f0d26ca9d35a1defd2baa925ea172c6b7058c6b88d1c2e4a6e95de5a
public/market-logos/eurgbp.svg	706	f351f8cf63780201e97d2f37092cef92860a72d752a6cc2d5badf5955dd7c233
public/market-logos/euronext.svg	436	f84d83dfac52b957874167f3305c26c2e3f2ceeda566c87380ba3b5a7af8d1ab
public/market-logos/eurpln.svg	708	82a32bd0f2df47bc1fee90ac4358799ecd7ce823dee4301a68d7e92268fb0de1
public/market-logos/eurtry.svg	708	32f6dd235d688bc4b53d0590db20c64ee9a02bfd9ddd7a4c708df79bd238833a
public/market-logos/eurusd.svg	704	59c23788c5d10ef65ebc2bc11c2886712b3571c6aa07cef0ac037de2077d17a5
public/market-logos/ftse.svg	702	5cdcbcf2524963addf15a3a06d025f2a3b859a16f7f047871938b305f794d6d3
public/market-logos/ftx.svg	436	71e9df014b706755a1c8045a83e261b65a3c797c950d8780f3ff737475b1ba1d
public/market-logos/gateio.svg	435	100f10d77b9152434a84de71b7b2c396294dee1b19bbbdd71dc94429ce031815
public/market-logos/gbpusd.svg	702	5ef883e0c632ed9a4560c87ae72120484d5a824e3bd6158a70f351d26e321ea0
public/market-logos/gc.svg	698	eeaf5a75893c3b4a2b5d204f47e616886e31c416fba1c2ab15bdc05b92dea8b4
public/market-logos/ge.svg	435	d7e162166afe78e95418586aeb1fad285f60feba35c4508293643ec0f5694eaa
public/market-logos/gld.svg	309	4af66e40250a45883842a22672f1b2b2a902bd9a37c77287a975af2af3846c55
public/market-logos/googl.svg	560	58b2405fc52de09709dccf9cbf6d5c70865efbbfe2ee0ca625f8b92654bf3ff8
public/market-logos/gs.svg	435	70c6a4ec3c2dd95e42f1859ca961cf148e22f24bff63bfada773d901f386fc14
public/market-logos/hd.svg	308	8ef7378540cfc54f6135f3a08b2a1350291fca197759206923713b44572a628a
public/market-logos/hg.svg	698	0e457305d4c6e8b0632242482adaef31a617321c2f95402aa9fb0b80f10ae82d
public/market-logos/hk0388.svg	700	a87410ddd7258bda6b28db369fc8bc2330c94ea8e8e3fd18250b6c812d7e9946
public/market-logos/hkex.svg	437	97883f36e2dee94ccd50b9aee2cad177012205c0cbfd37b8b3564dccb1b0aab8
public/market-logos/hon.svg	436	32928cfa363ab550c82c399bceeb4c5c49d866fed4cbd701e872c1b30f6d4a50
public/market-logos/hood.svg	310	0ea1996389f33fc8978e95452537966c75b9a8f3274d608408ffdfd171e22ad4
public/market-logos/hsbc.svg	310	97867149dc1785707182d3f7751ad00ff4b0e92dc016df53a633746e48dcd99d
public/market-logos/hyg.svg	436	940b2d1271018b16dc219d67f4fc343beb5c5e7c8f7a2a7aa693c4b687aa624b
public/market-logos/ibm.svg	278	19f6b1bac73109cf114d812fc52f650b6ebdf28127c980e596e2286d4ee3bf8c
public/market-logos/ice.svg	278	f403a34688c20b4678b3233f070f099b7b05f1dfbc8c81ad0c3ad2b8aa2a0ec5
public/market-logos/intc.svg	280	8657e79e320880dba471e34610ea81321eedb144cfb356fd9786f9dcf342d0be
public/market-logos/isrg.svg	437	173b6f81261d8eb7c78fc420e80f161174ad38c39d1056d63d41f1e4c806d413
public/market-logos/iwdp.svg	702	b741ab0818a64d5cce952d17806ebbee76e690d082add2501a23d799add18c11
public/market-logos/iwm.svg	436	340484874464718408d0447b68ce8903e42acf06cc10c5dc2924ede9886aa46d
public/market-logos/iyr.svg	309	5d73c36aa4cacc263fd6efb5b001b49e6476226101390928e7cb1f3641471118
public/market-logos/jnj.svg	436	cf419f93070637e1065010ed668fc40ffe11c375433df04053d2086b285393fb
public/market-logos/jpm.svg	278	53e406b6f021cfef2a4f6112c150ab133f79aa0bab26e440ca8697ac1f7b4de3
public/market-logos/jpx.svg	436	1ead99dcaccc02304584ec668e45ec405a9e9cde7d8cacac91a26d1a80996239
public/market-logos/jup.svg	848	cba2cc80d97fd1ccc8adb6e44e02d0782bc8907850f991333e0dd7a69a105c04
public/market-logos/ker.svg	700	6c7913f05804821cc33ad706205d2eee1ca1bb3a16cd9bb0b5aad95ee87366e6
public/market-logos/klac.svg	309	98e82fcc0977d2d3d891e1764338640385091640c1b6a9394ffd3ac3172d5b82
public/market-logos/ko.svg	435	e08eee67bfa92eec708ac50ee70f4d97f434fdf3a4ff8b2c68ede89575170f7f
public/market-logos/kraken.svg	277	1dbd8adae3beff85cb8e2981f8fe7e9091125be76aa9718bb6991dc6bdd1adb3
public/market-logos/kucoin.svg	436	01c9b4dcdb93f480b9aab9ee10f8e7e02fcc613e70ed23c1d9d78c5a3b0cd79c
public/market-logos/lin.svg	436	6b8aa3f5669892706ee17dbde0d8632dec5bb3a2fa0766c787a5040497881f08
public/market-logos/link.svg	702	7443c8ad9357d14c54e600ef5c9d21066ba126674b7347c1a4da323fd226eae7
public/market-logos/low.svg	436	48c1fadb799b3473071f74e5ce6f961d3e0914ebdb345bd7602b54576105dda8
public/market-logos/lqd.svg	436	40e863bfbd0074a23ab30d7707c935bd94a5d03bb72af7ee4f2945a9df0f2e52
public/market-logos/lrcx.svg	310	704f335890588fe0fe6d7d81200160168f021a38589e8cd10f9344fdd319c2f6
public/market-logos/lse.svg	436	8992d19959e945f8a3a8ad0fda711ab83ba8fe34de61f76c3b9bffe00da50447
public/market-logos/lseg.svg	702	346360ec9f680ef4fa1b3aa78cc24cf319bd7c7f5e67a57d6c1cb1e002cae19a
public/market-logos/lvmh.svg	277	ee3071d8c73ad1f68d175cde8ea7d4c59d9ccbff5f0a7371d00b9fee4a26bf4d
public/market-logos/mastercard.svg	184	ac48d990e18d66e78d81dcd79cd08e4e577549bc21a1164a588c5d695666b33d
public/market-logos/mcd.svg	436	33e7cd269c80993632b6675eb46dcb89a3a4b951d59995e890dd2c735facf5b3
public/market-logos/meli.svg	310	d377243c6251e761da1ed8bb7c68b9b55973c9104ac48a996ed4d49c6a5076d7
public/market-logos/mercedes.svg	278	0bee32aa97223ea9641eca497c538db2a48591bfee8411214cfdd9c7135a71dd
public/market-logos/meta.svg	383	25843281b6cb465f5ee437a20959c6facc493ce167547ee61e9c9fbf72d5156c
public/market-logos/mexc.svg	277	b9a325686dba0f734619e228434aa4ee459079483c4c05033b07c12e1b471051
public/market-logos/mrk.svg	436	7dd46c28c309b9205b399269b53dea39488e8c7e66a54a2effab28d7d33c6c83
public/market-logos/ms.svg	435	55796a69d377d37ec53300891bbf8507f03df45f9961c25715adb09726dc41ec
public/market-logos/msft.svg	318	eaa150d4e3dff801b63479348299aa6a2b07700dc35188eaf9973a40d88200fd
public/market-logos/mstr.svg	437	68069eac3b4672d69ec3526eeb6ce68c738e036e1049bc5a22928f23132f734a
public/market-logos/mu.svg	308	a54ee6a3f4222d413bee7031e24ebf59f57e22f94c2fce87588834590fede480
public/market-logos/nasdaq.svg	277	9a909ca7056ded19b1bd6dee7eaea068e230d16fa9a4ab88caddc8ef35703d9a
public/market-logos/ndaq.svg	279	440a3c59fb83ce205d3e06a62895b9241a5b9e879c71df84c4fda51c306b9c99
public/market-logos/ndx.svg	700	d61494f0bb68e3f72cb3ff46bb9b7797cdfb3e591c9f00d09907dcd02db9be69
public/market-logos/net.svg	309	c40985ffe987f3443a447fd4690606ddc7baf788b9e25d39148920b336f28fa4
public/market-logos/nflx.svg	146	7f7e79eeffe8e8343d023caaaf01797c4097999df65b2be9e8d434a7eee23fe4
public/market-logos/ng.svg	700	4172acd3daaa2f43cf8354aa99a87cd6a97ccecab5c89399929548da9a58895a
public/market-logos/nikkei.svg	698	36230d7c516dab80cbb3c7d7fb2b315fae064dc0da9978a03ca868c9fb8448b4
public/market-logos/nke.svg	700	0e3a1f25a488d3adf46eb473b66e98992018fb7abc5f0eecdf98535f38731aa1
public/market-logos/now.svg	436	d53a4ffb10fa32152d9175b125e69f49cbae675849d86f4dc52beb9fb64727d1
public/market-logos/nvda.svg	466	e8943dbeccd1f69707d3dfb3cd4be4dc0cf5159db1bbb1d50e25ee11b9de8e7c
public/market-logos/nvo.svg	436	a51a231d6ef7bba974f8c20a86d58d6e5d90ed35be37add098c0ea431ec00a62
public/market-logos/nyse.svg	437	cb3b32d15f1bc550190f6d72d152dfbb5a2cdde781c451d8ce13289d541640cc
public/market-logos/okx.svg	278	8b699113a2653075f668879f9daf4cd6d315ff874d2856cc0720311e6a30841a
public/market-logos/or.svg	698	de113afa5932ce37397b36a091cc4cf29fae8af1060fe1a08f50ff9bd5d60eaa
public/market-logos/orcl.svg	279	bed2178d0abe387d602ba57125a8e11bda5856766e6dffeb51eed1914490db9e
public/market-logos/panw.svg	437	ed94afd7babd403421a377e3ccdd53c08f1213abc5425a4be610e5477bdf5ef5
public/market-logos/pep.svg	436	6001ca3b632071a467f3846117297d8fb49efa0a6b5f3777c0fd43843966902e
public/market-logos/pg.svg	435	4a32a47cd552784e596c226f3fbba85621576f5e3beac74db81f97d6cc902d4e
public/market-logos/pld.svg	309	7ce2075d902b46e7c6d95a5a6cf09eff82abb130d8b3783d22e03e28389164f3
public/market-logos/porsche.svg	702	99a45abe92d263261f335b78568fbcdf74b16508a68bdce62f60fa325289134f
public/market-logos/pypl.svg	310	aa0c7f1ffbaa1e9ce1552249c6e997a1cdf6944271c38d38ee76634d466e9330
public/market-logos/qcom.svg	279	f616b11c80c65096133ab693b15001cc26499ffa74a86bc99c9e26b54c06f017
public/market-logos/qqq.svg	341	f4686c1aafd9d3f37446a0fcc9555982437c963e06c91f1798b613e57ddc8b3a
public/market-logos/race.svg	310	faf8e0b4b66da69d62b9854304bfae6a248bea3d59cc8b106376d503c0ee848e
public/market-logos/rms.svg	696	8f0f8adfdccf0eb297746ed9c24f484f3963d522925fa39754dc1de095b78ffd
public/market-logos/rtx.svg	436	721f98c7825ec8afca43987eb682cf14ee972d641a1072eb9ec27deafb890192
public/market-logos/ry.svg	308	a2047cf60a15af1c08847a6bfb24d99e4c61461ccab5d7daf0ce6e9d6c78040f
public/market-logos/sap.svg	520	172411912e77164915028ed30b5e3d0811c2a716d2d0440fce251264c3d973a1
public/market-logos/schw.svg	310	fe592970dff8e3acd0a098233b1a40fec2f4859c7d19ad64f62da4c06a101fc7
public/market-logos/shop.svg	279	51909996ed708601cd3d7df7f129b281adbed4d7ca09ed875343ff9277e6474d
public/market-logos/si.svg	698	e734f2b63ff4cdb4ce4db07de9cde1391d05b4f0c16ec90a1ec152d61b35fc62
public/market-logos/sie.svg	700	91c7a891e0201c32169be9743100334353a4cef970180f10b152f8cf37bcd65b
public/market-logos/slb.svg	309	8992263057dc23e61a3ed55221143ff2fed1108c516811a44f3d88449daa1519
public/market-logos/slv.svg	309	06256578e73ee9efc8a0362ff0ed3a32afecc7015e99b621b26a9bdbffc94a67
public/market-logos/smci.svg	437	50d717ace049458d032aa7236199024461fff051e0366c96028ad93ad4fcbb6d
public/market-logos/snow.svg	437	f34485f266209fbed3a41e1f8ccc638833e36668785d36deaf5f15f232ca9847
public/market-logos/sol.svg	663	43cad60d71052b22e034241c8383ac4fc92aa76a4097144ed9290ba7d9fcd02d
public/market-logos/sony.svg	279	1d156509e24129b3610d0367828e7d971a1d60bfb81f9e9a4ff3f94af0f8f53f
public/market-logos/sp500.svg	708	63c82655026f7de29ac8d974b30ae2ca32aa2ebdb8355b71b3d229850de094a9
public/market-logos/spot.svg	310	676de89b38eaee9749824530913548f47e3c803a109be0b42c7c8df63a592aa9
public/market-logos/spy.svg	406	92c71a6dbfd4f6683f4253d2c8a989f5dcdc406663f3c19f70fc2ac15e74455f
public/market-logos/stoxx50e.svg	700	53fab1bf0dae0a6ba97307d71781b01cedbc30c85013ef034175bae8ea0c8a81
public/market-logos/td.svg	308	5d38436ffb777b6a1dd971a9c2dc415b9a1907765363995f320d29b1e665e6fd
public/market-logos/team.svg	310	769d490c76858397359d0d776e92f29c3be4a3521d5733cca1b39ec365686af0
public/market-logos/tlt.svg	436	e3f5a3b3e4612560f8cf05a4176264e543a6507ba4b27831dbb6ff31222e06e5
public/market-logos/tmo.svg	436	b78483310325be64416ccc86a4273678e3c1ca22c0ca123a483891700f1a0dbb
public/market-logos/tsla.svg	329	b7328b8e7735e885fde04210c05a5b1ac3a905fac540976dc457da53e8879e2b
public/market-logos/tsm.svg	309	c2dddf82b24f60b251c92b70a0c2a04cc418e3f9a27e692a43af0740dacc62ce
public/market-logos/txn.svg	277	2d6f2d760ddc39816bd5902cace25f71f06be6f6e8d134041675558dc5379ded
public/market-logos/uber.svg	279	87491d7864f17da5de913aa61396f42b77638e9c6bc162538590ad0af6a1afdb
public/market-logos/ubs.svg	309	37ee7b4884ce55251b92df52123fe40816cf2017b0d754894dd3f82273ee66f3
public/market-logos/unh.svg	436	77321aac24479b879e3e7ce5b5a87195948b3b77e1153f486e343e1f0eb11e89
public/market-logos/usdc.svg	649	b7e7d15742813c873b6ab5ee188eaea70372a4289bfef0cf38433f2bf6a42a64
public/market-logos/usdchf.svg	704	34ec4cc711fce1533c849356cfa30fb7cc87eefcaa07f2161631d915cfdecbde
public/market-logos/usdjpy.svg	702	4d73750a4847a7410ea3c94758e630b72505a852def1016d75ab784a9c2e948f
public/market-logos/usdpln.svg	704	33a62c7430d31cc8a04405b07ec0c6b004f971434cd0606fba0f5766754df2fa
public/market-logos/usdt.svg	463	63b075f54c065b5460500a41ced2e8a6b88fe944f814a7fe6b9b9df3101d0a11
public/market-logos/usdtry.svg	704	e6ad68a7d5bb513a61e794150f65f8ea2c54ab1eedeaef13eedfb08aa1283405
public/market-logos/visa.svg	311	e118c7dfccfc94d7d3ef1e0f4482d95f8025bd11392374f3f4b794f5373086ab
public/market-logos/vnq.svg	309	a62311a528f551cf4585f56af82a0498577b2248aba22dff4be42d02e5115118
public/market-logos/voo.svg	436	d4e6e26ae71f7cf2f01997e2048ae6fa32ae0453ca257d4dd97ce3496339499a
public/market-logos/vti.svg	436	3ade699caf2186f7e47b3d9fd17697ad9590354fc7a11e2ca1d458a21ef02469
public/market-logos/vw.svg	308	e66f61c7aad33fbad0934a5493d0c3658be68ebeb89176a6432e8bf38b2db99e
public/market-logos/wfc.svg	436	2af7c8130a05448804d57a5f91080a2e2ecea4f576d8c4466915e5c8dd117718
public/market-logos/wig20tr.svg	700	a9fd7bec17e033bd640a1c11ca3a55feb316786a646bf658f503450952f309c2
public/market-logos/wmt.svg	309	a8a302f548c15dcc86ab8f162f97001d0ff3c67cb5bf8a1d5ea171cc17b9ebf4
public/market-logos/xetra.svg	436	36b334a1c307aa5a14a304cfa0c9d20dfadf595bed7fa3348e6b39ff7f89031f
public/market-logos/xle.svg	436	5d9044d73fd73af7a176e5043e8f43ec0a8638989a1baf5d2a42a4b4e74ba4bc
public/market-logos/xlf.svg	436	9f49e91eeb63dbcdc9bec4ce9bb4a8911804270f4125dff6d1ed62e85c657ab8
public/market-logos/xlk.svg	436	b197cb0a28d2bc999b3de275988841714094843c4051f29f13d6c1a923cbb4f7
public/market-logos/xlre.svg	702	7fe35940fef0f682b62fe7e81e068157deda2d1f379ef5538fd01dfe3546e0f5
public/market-logos/xlv.svg	436	4e65aec5f1526ebff20d8dcd8acd019d6cf8bd60b25cf9241e04e5f527653578
public/market-logos/xom.svg	436	4789c5c825944eda330735669cbfabc4ae2f3ff96d67ef3d707ee236a2f637eb
public/market-logos/xrp.svg	1077	8002b18d029ab1c3a7f71d8f5efa0a7297c40e943fd391290059126856cec477
public/market-logos/zw.svg	698	f4f612f4ea2dae626c9aee8e5e7d8829a34a5444f31692e00471620c8188c129
public/products/velmere-preview/1.webp	38626	fbf09c02c2f786981937d0c4f99d81bb05a80f839b2e5d8ddd08a60fa86cea7a
public/products/velmere-preview/2.webp	12280	6089595a9fcb53372f16e65e3d1179cfa193ffd8e6792526f7533de615803fed
public/products/velmere-preview/3.webp	13956	df5f40b30e420966ade6df6d193315b74a65f23b70e1a28412017db63cc76c38
public/products/velmere-preview/4.webp	22716	be205d38b5941b6b3a7ffeacc51a98d2718e17a70065cd72f354ea8552713ffa
public/velmere/velmere-neural-core-pass2241.png	587560	46ebe2c9a7564ba380f9e0abc6da255256bed64f3cfbba0b06f8ee6a431f273a
public/wallets/coinbase.svg	284	e2c4dbfbfe5736b2f467784517e009aa3475c3b5ce612ed2ece7dc6cdee9cbe2
public/wallets/ledger.svg	228	f47a02cd6b871b54a39e500a2b6cfd101dc2b8777de8fe54191c522d1ad0e0bc
public/wallets/metamask.svg	1924	18c6c8750c7c1aa1e6c4ede9309a93a1d1ee8a9bc97bd126cf9eb916207c4003
public/wallets/okx.svg	264	29cbf943fc56b51509b3dfe46e9b5713d6c70037854e701dc280ab4138c1c120
public/wallets/phantom.svg	937	3d01c794e38905bf9ff973bdf7ab14b1e0e37ce95af217363255f8ff4b8809ed
public/wallets/walletconnect.svg	722	c7b13175541629b18b189c29e00ee57477e10c7126fe4144b9baec5bfd3851b0
routing.ts	208	f716ec160853ce3c70aa4aa7265c962796f9df83fcab0b2b883310739e333d0a
scripts/a34-install-diagnostics.mjs	1808	9956b18b67bf19ad53f67ef2e488f59118e0a5aeb5c0bc99ba662d7699c5a47d
scripts/a35-install-diagnostics.mjs	1808	0627ddbc82a35b2a90d9ce363fe64cf7c16e3a20a40cf8342bb9fe084ff543fe
scripts/a36-install-diagnostics.mjs	2237	de244f015c0477707eeb28fc9f99c1abd61c4d79906857b89ac05c939e6a92b3
scripts/a37-install-diagnostics.mjs	2862	cd6d2b8a2059960d8cd45b7affd2f2f4bad9e36d292e3e5956bc83ab3e044157
scripts/a41-route-diagnostics.mjs	11368	2cd840bc24cdcff98aeb37c8f0f67e95b2462add673c09c5454659b31821dd9c
scripts/a42-clean-dev-cache.mjs	1340	1a977265a7fc873377ce9c34b9f5d6f7b8a42843dc4f21b6f05877739e0238b7
scripts/a42-dev-runtime-diagnostics.mjs	191	ce65283a7dfc070009c76e6301c903248820a69c598302d359b7ce0e7b9a6424
scripts/a42-runtime-diagnostics.mjs	14396	3e137557b33677d4fdac21aa472c4aedc99ee0ab2a8780646b733c9b6f39e8ed
scripts/a42-runtime-smoke.mjs	4911	d798831c18d3d8dc38904de8e6a96aeb06fc9cbce109ceed6254f1103ef4dad8
scripts/a43-runtime-diagnostics.mjs	2888	0bc0fc815c1a008027e63a60a708dd2f2ad414cc64c5e48af5b055f93e4aa7a4
scripts/a44-runtime-diagnostics.mjs	9405	2af52c763cb9c2fa9fbc1f1724aa4b57fe1f913d031fe34f7fae4ea5ad440a8d
scripts/a44-source-integrity-audit.mjs	7059	50429f6cc4f7411aad37064b8062f622a93ed575252f0f9daf4a603a65be8326
scripts/a45-browser-acceptance.mjs	27120	1297af80e3410c2d42d6dec6304d0caf8a1e9bb15c1c84068f00be3acaf979a3
scripts/a45-exact-runtime-acceptance.mjs	7229	1771f2c8a73020c4bb41bd4f70ef106a968f66d139289ff5542ceefb3a43b54d
scripts/a45-package-evidence.mjs	2205	876d8bc382fa3978de36e764f2299a0846c43ad88962602f73722e54f778af68
scripts/a45-runtime-diagnostics.mjs	5090	c0f8b5efb73e8fc0d1a6af41167e129177089c1cd1d8490a65560b26ac5bad91
scripts/a46-data-plane-acceptance.mjs	13991	b3db99008c511be581f536366ab5c1474843935b418c700328f1ebc8bab9d8b8
scripts/a46-exact-data-acceptance.mjs	6412	2ef6d9ea9abae354f4956127ac41ebc3999d04a099198c37ee99e49d2bb9eaf2
scripts/a46-package-evidence.mjs	2268	282768d878a40dac3c3603cf910fb2e2c5a687f7ca8de28c9b5aa50138a65d26
scripts/a46-runtime-diagnostics.mjs	3816	6f2195b19ad20926440ce81ded79fd3426eb81604dbc33d180cfa0732bc6799a
scripts/a47-evidence-intake.mjs	13947	3cb71257d3763eb439130a9ef96e0c69383598b4bd54a658a66d5693c3ef6362
scripts/a47-package-evidence.mjs	2277	42b82cd401fed92b58ab536681eaf2398f40f676e37eaae042ec3aff6ff8aebe
scripts/a47-runtime-diagnostics.mjs	3857	996fc1ea4b994cfb0fec5cb4193bdc47e066d11a21eb6e7e8847e041873478e0
scripts/a48-package-evidence.mjs	2270	fa08b48762f59001e5e5dc872f86d50358a483e7df6b0820245e538af0128896
scripts/a48-runtime-diagnostics.mjs	3915	1ff9891d1a4f876353a2612d5447ceb050081a5abdaef6a1a3a57dff6623f149
scripts/a48-staging-tenant-isolation.mjs	20652	1f54e0e3f262570f2590175f52be26acc3ec8a14e1dd5968b47f09de5799485e
scripts/a49-package-evidence.mjs	2039	9358552a46b53cf3f4de31a27e37c0dd0213c178217100b81a33c0b5aa6820d9
scripts/a49-runtime-diagnostics.mjs	3135	89961011eed24ce73bcd60ec305b0d44f4ffb8efa103baa60e597685d894832a
scripts/a49-stripe-payment-acceptance.mjs	28327	be826fb362f7c3c36b249a4cabe596558e237ac9771d0da4dd3729c86d648d59
scripts/a50-email-storage-kms-acceptance.mjs	27838	61cf034f13b23d20c49ea816a4c025a691344a8324ad5335e62ecfd94e9d2005
scripts/a50-package-evidence.mjs	2291	58e3c4b631335cfce412eeba344b55a22f4109bc6974ecb32bb20fa4a18b40d5
scripts/a50-runtime-diagnostics.mjs	3689	7d38d0eb1f1b42d0eb13f81c58731e8ffbaa6628bb3228970c84088f60fec840
scripts/a51-backup-restore-rollback-provider-loss-acceptance.mjs	20855	864cd7c6e19889fc7a093ad488f78b134dc1c884bc025976114fc6cda3e159ff
scripts/a51-package-evidence.mjs	2287	c42d964a47228093d540af24b02e12d78b96dcdcf90a8e2d0b52bb381bb80741
scripts/a51-runtime-diagnostics.mjs	3806	98c12e76d932cf890339c16e19f89a0f63ff90056ec9f8d8fe7f1d5c0a27168a
scripts/a52-kill-switch-incident-customer-communication-acceptance.mjs	21010	d3d7ded3b67cc24691220511ac1a21f12cb16f5a2f6118b572a2122852741063
scripts/a52-package-evidence.mjs	2299	f35384431d8f8f045c715b3b5a1acabffba6fe914d1691bf2bc2dead4a853130
scripts/a52-runtime-diagnostics.mjs	3830	a38d529e109fb808de450d36edfbf9159f60e5e4dafbf062ec329e1716187ebb
scripts/a53-measured-slo-alert-ack-vendor-exit-acceptance.mjs	23776	b863e7cee87abe99878931c7c72db0b498996c01051c9236dcc9338af9db2e55
scripts/a53-package-evidence.mjs	2281	deb4c48b1adf74726479ff49f6c9e3fee7fe1791ee4c2caf1e49625f73173027
scripts/a53-runtime-diagnostics.mjs	3753	2fd205f75efe44fd5526cb3595841c8a80544a0afa8af8d47e191d58834d6a0c
scripts/a54-package-evidence.mjs	3964	f7337bb9dd86ee3f8b63cba17ba2ff67444927ba5cac65a738a8a5d978428438
scripts/a54-runtime-diagnostics.mjs	3795	161f67a68ee35e1503503b131f6ddb3b62715c3a3fc5f826a4607b118a82e7b8
scripts/a54-strict-slo-alert-ack-vendor-exit-recovery-acceptance.mjs	48994	8ef4d21c43c0d48426f052d868bca82aa5618ba11984d0245f7d1cd7b1081f61
scripts/a55-independent-retest-legal-customer-release-acceptance.mjs	28247	2ad209cd21d759903724cf4df032c28f8d144fe03c992daf33b56da247c8f2cb
scripts/a55-package-evidence.mjs	3406	ef670a42ebdd1017aa1b388788ed957fd8b182c89082bd11b903756d07c40132
scripts/a55-runtime-diagnostics.mjs	3612	4f0312a68662351318fff1c4367429ee1f5f15c0a91b9aa430f571f0e00c67ae
scripts/a56-out-of-time-slo-vendor-exit-observation-acceptance.mjs	39740	430f7a160dbef64ab77ab6f71ec97eb8f3663c4d98048c0f7b0d27c9a7436172
scripts/a56-package-evidence.mjs	3598	965463d3dce1cf5794689e99235c23517752c463e3742803f7aa1fb949e07848
scripts/a56-runtime-diagnostics.mjs	3662	760b023c6818026a214d1e19bab15901cf26cf0dd76610c22e255df9c9c8871c
scripts/a57-controlled-canary-kill-switch-rollback-telemetry-acceptance.mjs	57265	91383062ff65d6b4937963dd55b6388e9f34e0ebc9b0cb1bbb9f04da0596017b
scripts/a57-package-evidence.mjs	8764	ad9825bf1e30a06bb06a48a353435490a3fa766ce5331019cee9bf33609e3d20
scripts/a57-runtime-diagnostics.mjs	3833	594e51d571ec5eb7e18b49d9a7fd4090275fc7fc8121d81044e5e733f4623e4e
scripts/a60-browser-evidence-verifier.mjs	4787	a11d550d603e889b1a8829ccb81087b6a467f22ac008157ca2c088cb61ca4dca
scripts/a60-exact-final-byte-build-browser-acceptance.mjs	32170	f2240f4c6ab0f014a6d570045cc822fb9ae31ce56c448339acdbe7b81608fc2f
scripts/a60-package-evidence.mjs	14567	49a0c0981b8cbd033cce0709c2159585c8030f33605b1d26d60eb5caf0045f4e
scripts/a62-offline-exact-runtime-dependency-bootstrap.mjs	8535	f704dc9cdb768091759289ff93a0067240b616ffc7011b1472074244189a23ba
scripts/a63-package-evidence.mjs	2594	545a5445bba2d1c26141dea119b745004c246caa1214a853e42b2e769bf1a471
scripts/a63-staging-program-orchestrator.mjs	12451	cbd1a3499051fc57131bf39aad4bcf9ee564b9acb964e188cf365f57c579ca85
scripts/a64-historical-control-metadata-recovery.mjs	5909	96612d488262a48483faa09c39045e365bbeb4a2be73255ee098bb4621b68811
scripts/a77-clean-root-governance-intake.mjs	2847	910493834dcca937b0d1ec3919c3b482f40d44ac1a7d204f9b870b9fceeabd37
scripts/a80-frozen-local-release-candidate.mjs	2647	446504a5ad61f0d0646d6ac994455f2a47364f85f4680eda503ad3366103793e
scripts/a98-email-storage-kms-acceptance.mjs	31595	e36edf231e684500738901639cf14b582acf0c4c19900307eec71753de301e73
scripts/check-i18n.mjs	3259	8a57b28d00530a382c371da3f57a4d39ba84e83b3c7d08f9aeac4f911fcd549b
scripts/check-runtime-env.mjs	1475	f1ddbaa34884ec9cb1a7356e99b60c392fa183def82f68ec509f513b0b72284e
scripts/closure/build-p32-profile-execution-receipts.py	12445	6200db47fccda6f3584b731099a34c796df55368281d3b08da82c3b6d97fa13a
scripts/closure/build-p33-paid-readiness.py	15224	208374edb56c53e03c0a3d6bd7d39e3affdf4a0e1e4c056d3f72a27abfbf8d7d
scripts/closure/build-p33-report.py	9664	a543ad95a74e6de67b2361f1d50bb82034f3f6d0376d19c38ebbfe3d605f776e
scripts/closure/build-p33-source-identity.py	2852	ee27cfec1961f941251fa5b0bedb4e9145524f4a00e954fa8cbc5f0567bf834d
scripts/closure/build-p34-handoff.py	4164	eedc457d1a73d0a9e1d92da27b30a1fdad79846586ffb8a4492c3bd14d3d78a2
scripts/closure/build-p34-internal-ai-dual-ledger.py	62981	403ed756ae53e6f64ae9d765e07dbe3e28c2d446075b1c198c98aa2524ffdea3
scripts/closure/build-p34-parent-diff.py	3649	685f650ed74ee7fa4089eb34a833eb973853114779f413008b102abe357d121e
scripts/closure/build-p34-source-identity.py	3161	0002a6b364272c0fe4baff027ff173b6c905fef37dd1c4ba6aa6349ed87c7022
scripts/closure/build-p34-static-screen.py	5797	e931f98c3b5c136924751130d35134a6ad4d615a9a73c9c91d2828a806ddf785
scripts/closure/build-p35-authority-handoff.py	7487	fdd91d378a73c4f92bbd2b04d258f0602546020b5064cd2bbf95f19b1ca77d28
scripts/closure/build-p35-evidence-availability-matrix.mjs	2154	d486b79d5f7e2a157163f3a4a4e50e74ccebb017f107990c3f18c80fbfe63285
scripts/closure/build-p35-internal-ai-availability-ledger.py	39952	3b39e604264065458269dd56f63e7ddc9c5921d23d3c66828182807493ecc3be
scripts/closure/build-p35-paid-readiness.py	4578	91c811c75ef5d3b0467951a77d52da66330c71674f7e61384c94fd8871bd59b3
scripts/closure/build-p35-parent-diff.py	2331	edfa62ad4f5ec2130113c3c5d40c72df99442c78fc4c09a6c40b8160d365db52
scripts/closure/build-p35-source-identity.py	3161	22269d3dad71aaa3c425f2832b9f286a5d44a1c8a25ac6b70d48e3dcfe6d586d
scripts/closure/build-p35-static-screen.py	7649	8e8fafc2009e1708817058bfe8a76a36367a16a135c7ed43b620b79de4157677
scripts/closure/build-p36-ai-final-output-revalidation.mjs	26236	12093fddffa80fa23583ddb41827c635d20f5d1a6fbd0b154812fb09a0a1e45a
scripts/closure/build-p36-browser-tier-runtime-profiles.mjs	21012	449a67efb8a600ffc9a898d1502f7c487984a99c200a684496539a50dd3c99fd
scripts/closure/build-p36-current-authority.mjs	34067	fffedc3d6c82e9df4f1b397461d6c7ab6e34ae2146573b572aa3b9ec3d804a34
scripts/closure/build-p36-current-byte-build-gates.mjs	50758	8cfda41720b4bd96273ab5ce3e5633d3c2be7599fffc4425b7d380d59c99715e
scripts/closure/build-p36-current-evidence-availability-matrix.mjs	3379	99ef2584694cde314d2f45223903ed510f32d96973893bc02ad82ba3f448dd39
scripts/closure/build-p36-internal-final-tier-campaign.mjs	42714	dc3e4c7dc323c2fb777b7086b0d38d9e4ffb5e804ce29afcd334c53e1380d6fd
scripts/closure/build-p36-source-identity.py	8751	46f3058a42e19a92dd9bbed396fe6daa1ab8adde08a2d6df80d8492e1807fd81
scripts/closure/build-p37-a85-current-source-binding.py	8003	471efaf4f23b34875d5c392032606807a1f61c43777a3f6de0098739f617872e
scripts/closure/build-p37-current-state.py	21212	2b4cbc8a5b7646d2811aa31e35de88d720f0f5caaf6789c84c3dd46fbd7af4de
scripts/closure/build-p37-source-identity.py	12666	becb73058b87fd60fd420e5432a9e8260b8aa83118ebcba13bf4ae5f7d77e2d7
scripts/closure/build-p38-current-state.py	26561	5ef0b9b7cc6061a3feac556c61b2d86fd390d7c0921b613a9039962f22ea4b9a
scripts/closure/build-p38-source-identity.py	12925	e2b20a3d82a512d6e1915fe40e455ef4dac115ab77a9ad0787a6ab20ced611f6
scripts/closure/build-p39-current-state.py	37739	d0f5e24b505cda83f8ef1099d7ed22154c20424616ccfe12a2f6bb11ce6cd007
scripts/closure/build-p39-source-identity.py	14287	3400e301bc83f644c33c435197d2faac799cd1f59ee12dd269137d7b70b8a9d0
scripts/closure/build-p40-current-state.py	21151	d86d5e024a41c67e7749f9d0ccede73344a6ee7f25b3a21b461c0d54c2128b13
scripts/closure/build-p40-source-identity.py	14316	87928278c1a3068744371d4459e3aac563c577a805aa0689c28fa4fbef9044aa
scripts/closure/build-p41-current-state.py	22857	13a865e6131b0a1a3e981a1b15ffe1d2214faef61d87bb09cee0b5f227995cc7
scripts/closure/build-p41-source-identity.py	14250	24c40ac0b412f9561f6d0e82ace9a68fa609409fc0ed58834af1287e5f7449aa
scripts/closure/build-p42-current-state.py	12085	d47f0917a67d390eef4abadcbcd8730078e093d003ee12440821fc4d31e9ab88
scripts/closure/build-p42-source-identity.py	14358	aa2532e52e5371d70f755277a19ed0c78d0910d34bb05679bbfaa4103021de09
scripts/closure/package-p33-current-source.py	7071	80ef2a43956b038e3a021b14c20cf037eb2a20a73b2279f6eeccba55bc367465
scripts/closure/package-p34-current-source.py	7565	1a46f307fe7ea40ea7b8072c2a098bb04a918423215095fec288684f409c9195
scripts/closure/package-p35-current-source.py	7787	25dea06d7fc6f3ce99afebb7fbea64e1a3e32b2cbc878b149b780be42611cbc5
scripts/closure/package-p36-current-source.py	40756	b809d549c85ff8e52eaad4786b6c5656182792bef2a6d3e6a8d1ec9f61c0181c
scripts/closure/package-p37-current-source.py	30136	b90f65bc377139acce89c9e58afe1fb291becaa8baf23e40f5c254274fab9788
scripts/closure/package-p38-current-source.py	36513	d42570f6b3742eb35eea8ad3cfa94066b580d0491ad68cfa6928c77231625eee
scripts/closure/package-p39-current-source.py	45207	89393cadebdc65988e350163b19d30b34fc6d5efdbabece3c549c4caeb393004
scripts/closure/package-p40-current-source.py	28486	964e41bd7de9b6381d9998df8b337e87ba9291e7a392d66befb02b2cea281ce9
scripts/closure/package-p41-current-source.py	30872	9b5e0863c62d2083407b7b32cf0059ed50f2db0911dedd63f5140acfd4a6cf78
scripts/closure/package-p42-current-source.py	14929	c86d555970b731fc882fb9e35a61a0e40df91b174c7679145f13bcbd7b965d9f
scripts/closure/run-p32-selected-current-source-tests.py	2570	4e0b462aed9f531773ea40a3d68c264e543b59ce8530c61d303f94d774e2ada3
scripts/closure/run-p33-paid-tests.py	4899	27c14a24962b869fa99e75922d38afae3a9ef2292d481593c602ae21a447d485
scripts/closure/run-p36-bounded-convergence.mjs	17533	1fcd39f0ee7252f8a0a48db4c688e3ef78c2ca29b998c9f3f7a4645a14e18317
scripts/closure/verify-p32-profile-execution-receipts.py	6895	641c20635ab3e28b4a7a84f1b6fcc0bdd420d108f236621b65f1dbe20497828f
scripts/closure/verify-p33-paid-readiness.py	6562	0f8843a65d54adc04e6d0194c314ac18cfd1389b039b0f1554c56e136cc2dad7
scripts/closure/verify-p34-internal-ai-dual-ledger.py	18310	bf4ea3d10d801333857b17b2348d0a15661e735ac9defef0cc890bd499ed322a
scripts/closure/verify-p35-internal-ai-availability-ledger.py	12020	36a3ca29aef863bd3704207e9a1fc14e66651a37a2872b935b2537124907c8bc
scripts/closure/verify-p37-p36-package-completeness.py	6780	e7c76e51d53fed5e8c179302a4486de626832b7558a5a4dcf5b32dee479767b1
scripts/contracts/angel-runtime-proof-plane-pass4692.txt	198187	8546887c6a24669b85eab71904e4fe877f371f552f2fc7af4ad1df8f7b1f49dd
scripts/contracts/angel-stream-legacy-pass-markers-pass4694.ts.txt	14455	01c941de87ef4b1826f052268dc22e9b3a0a2daf72525f14544ba43731653631
scripts/contracts/audit-watch-full-proof-runtime-pass4691.txt	178513	d138752ab063be8c4baa569057ac29d9c204fdeca923fa456f7c516c41feffba
scripts/contracts/lens-report-http-proof-plane-pass4692.txt	124169	8e17a6c7472b8c95d20768e6328ab9ea8aeb4c694c49f686f5eaf69fc2ada584
scripts/contracts/market-integrity-report-legacy-proof-plane-pass4693.ts.txt	95624	6b021db1a8d1b4613ab0a7b42e383db5e366dd2747ac7a218e603dacfbcd63b4
scripts/contracts/pass4695/account-operations-eager-router-legacy.ts.txt	5294	605c4ed9471b95e1c61249810c0bf536bfba01f0b8eb011218591afbed6756e3
scripts/contracts/pass4695/real-markets-catalog-legacy-route.ts.txt	13997	b72103703ffaf8375495934a700931e51c2e99aace9a259fd8e8c43f06a7f39e
scripts/contracts/pass4696/admin-ai-legacy-route.ts.txt	22588	01576d8d4a377fda30ee6340ba241750269b1752f8e46b4f98c358fab1b3b186
scripts/contracts/pass4696/source-sync-legacy-route.ts.txt	73534	27b2de1e3a0d6b894c4de1dba726c66c137908b0650f04f80fd0858cdec57054
scripts/contracts/pass4698/market-integrity-readiness-legacy-route.ts.txt	2998	368411c8cf6f0f1bd957270bf1fd2481cdd8582cc5224cce084e1cd4f7a55a62
scripts/contracts/pro-audit-pdf-runtime-proof-plane-pass4692.txt	194801	76e92a468ac8fdf8ed8cdca1d2b412ba5da56e5ddb3d0d4c06b49bcad63647f2
scripts/contracts/real-markets-legacy-proof-plane-pass4691.txt	124076	57cfe45eb6984eea083ec30d0ee72f622255edd628a5e8105826ade6298a6c2d
scripts/contracts/report-access-legacy-proof-plane-pass4693.ts.txt	27377	5358a1e7bc9ab79a1fcab7801fedad0fa10961d28fda9a1e044d5a7568dbf79b
scripts/contracts/vlm-route-legacy-full-proof-pass4694.ts.txt	88783	44cd480f21329a4555b55446501b042f38ba984931f0734324522d83b7149a0b
scripts/create-production-clean-zip.mjs	7389	604bb054e5663a46b5ab5ed0df65c9dd6d9980b3d26e817de093a8f7a434a691
scripts/deployment/build-command-contract.mjs	890	06d39b2279f3110989d6a3231aadcba17b3442dfd1ad1842fd916d508a0b9906
scripts/deployment/common.mjs	2192	ad40de98d429a0e39188af1939adb9394b8f8f8abd5fe6216c8e5c45288faaab
scripts/deployment/local-loopback-tls-proxy.mjs	3681	73fb4531f51ffdfdc2eccfd9f4ee3ec3edf059b5344ad688cc1fee1cc388e27b
scripts/deployment/preflight.mjs	2784	b5d7e8eb644cb9fe6a7769dac6cfb6e8c05dc41707dc983ee04606f26b564825
scripts/deployment/production-smoke-evidence.mjs	4548	d974886573a7f457248622b912fbb7a303d1d1e02b439528c1e7ab2f2ee1f211
scripts/deployment/production-smoke-network.mjs	5156	f7566897663b5b3de1d391f8957ae9707177e52f531b6e167f8c9e7de71516ad
scripts/deployment/recover-orphan-build-lock.mjs	1948	371b4a79e0ed3e7c5cd713181ceabca07d8f9a2215b6ed1afe93c9482c413f1b
scripts/deployment/run-build-watchdog.mjs	15110	c151afe24f587eda32e0c10361612a32bda91da612337e6ae02b6ba0a5b11ce9
scripts/deployment/run-production-smoke.mjs	11305	f7692811de33635a7a0dcf12ad16fc39bf9771db97abf4c5905b6279602354ca
scripts/deployment/run-segmented-build.mjs	19784	b54f649e16e1de7ef8db2d959c8b06c76b11c76676fbde54b45e7d8155c08979
scripts/deployment/test-build-watchdog-boundaries.mjs	5077	2ad92e1a5ff29b6b4316c34c02bf2749bb95418a337d6782019feb162aa6a880
scripts/deployment/test-linux-process-tree-watchdog.mjs	2676	3696ed5fb495b3964f8173845db055669f74f85826e19097c89cfd11ab51ab02
scripts/deployment/test-next-env-build-contract.mjs	2267	8c141cbadd6a4623fab921a80ffdd76e3446b137844fec692558e526decef2f2
scripts/deployment/test-orphan-build-lock-recovery.mjs	14406	b6fc66db6e1b2adfe4aceef2b32aa3a6759671e9e941476e02f25ffbd9ff9116
scripts/deployment/test-production-smoke-contract.mjs	19095	d24cbc9200638510c25b37b0e0c9253f0e79930e9db1736155badecba3b03e97
scripts/deployment/test-sanitized-build-environment.mjs	2629	75a4059b4d0bb0f2299cfa753ae97394fdac664e05cd04213be31f2e994e95a7
scripts/deployment/test-segmented-build-compat.mjs	1803	57394f41dfd59b18997f32f6c5670ddda45c93ac7ec28f5e88d138b637341e34
scripts/deployment/test-segmented-build-integrity.mjs	22795	0517059b22d097a3c8ddbd91caee9f3e007893afc9a8e3bc44300a5bb061c7a9
scripts/deployment/test-standalone-runtime-closure.mjs	4050	2ad3b3887d2800a27b75b38f80d7e4e88a96d0d5f7e87374b04a2c8845712535
scripts/deployment/verify-segmented-build-lock-boundary.mjs	2041	cb9e46b76b74a94eb8c788c56e9025afb3539737e15b53d5af085e8dd0dce81a
scripts/eval-vlm-brain.ts	13580	a07b283df2240cdf22ba7c36f7af930cefc13331d97eaaadd2d6e4f46b5b7f93
scripts/generate-vlm-receipt-ed25519-keys.mjs	4246	abba0d1fad70423ae0e7d2ea46461c562aa81988a082b8e4730adea8489ddf3f
scripts/import-products.ts	2211	a1b30fd6b12ed327267d081c6adfc7f78bb3cea45b65ff77ba2e808e9bc6d56c
scripts/lib/a42-dev-runtime-policy.mjs	8433	822e399406bff6d5f3c9d16c4d5ce5fcd452e68dd2dde29b3d1a59d413bdc565
scripts/lib/a47-safe-zip.mjs	7383	017eecfaac5a83a6f0390c526e0e69ed7ca6fb585c2c0e2ed24779d366e72022
scripts/lib/a57-canary-validation.mjs	8826	a7c09cdf72ee8a6ae86b40f88e8e1e499311cd849350e43a9ae01c7d72ce106a
scripts/lib/css-module-purity.mjs	2464	c3ffd5b78652db0aaf12e2d42cebabcd010977b00c521040bdf7476d08429888
scripts/lib/current-route-contract.ts	2698	fbb9d146970b31c616394d790aba7c906a6f1382ebb91473294c055539ceab1a
scripts/lib/load-typescript.cjs	1325	a6c8ff554f5a7a1ced5d1e8a7f96ec24632ba6a81ba7f49daa1d8cb2c036dfa9
scripts/lib/pass4671-stage-runner.mjs	5867	704fba0b83f0bd92cf74c22f1c615ed4d458fc37f86aa8e8d95bdd13363cf789
scripts/lib/pass4673-frozen-source.mjs	7384	832f0e50794e43337d2ce36a9f61c3f6981d21d464b7bef496d208a014575b78
scripts/lib/pass4683-deployment-lifecycle.cjs	3052	af6c5cb4ad1221da748097cc53d2f5dc6af2285d80654ba871033f19ce6c7cf3
scripts/lib/pass4683-operational-safety.cjs	2379	fff9a3cc06048cd7b6a6f9ab532c9c3a7e7f6d9504bee294b496d81259d9c2da
scripts/lib/pass4684-gateway-ingress-limits.cjs	2172	91944bc0e105029b6e3f5388c42ef3f15c30f0eb3192b26d81c0ea295466f114
scripts/lib/pass4691-build-watchdog.mjs	2021	4baa2fd03121b49a30c63ae8fe80bd31d05a8a23974293bf1b03b50f6efaf40b
scripts/lib/pass4692-build-watchdog.mjs	2021	2cc4f82149a4cfc2bcdf54b4a0adf68369e33febd73db93d7cc88adad974d02b
scripts/lib/pass4693-build-watchdog.mjs	2021	13244f77598553aae32581d9c68c0a525d8b9c941975c7dcf775bb64e47e76de
scripts/lib/pass4694-build-watchdog.mjs	2021	1fae8c932a8b182b812a1da455ecac3c44c31ce9fc62af2b907aaeb84c140e67
scripts/lib/pass4695-build-watchdog.mjs	2021	b72f3fe7b34a616a1a29f9c8bad2d130d582b869d2500df3f6f94ffac25d5ed2
scripts/lib/started-server-smoke.mjs	11482	cb0bf56e04c0f96d963ba1134d5433768b7c250085433ff1a88d4b67e59fddd7
scripts/lib/velmere-runtime-contract.mjs	5375	e804656303fcdc05409a2c974eacf64ee58b86bed7fc8ab6efcbb0e55b0cbbda
scripts/pass11/audit-full-tree.mjs	15584	292ebce04c8c77bcdb09e3d7518135d079022097e94d7bb8bf00184c69f89acb
scripts/pass11/audit-offline-install-coverage.mjs	8152	2af3476a1a23df77e377203b02f239deb6eb05743aad48094d38ed8511294201
scripts/pass11/offline-ts-loader.mjs	5747	152775d20c6725736ab9f82c0ce9383b129498e572b86ce992b75b144def31d6
scripts/pass11/register-offline-ts-loader.mjs	104	b86482614e4a57150e1fcabc6dc9f11f1cb2092d9539566b13b36a62c8cabbdf
scripts/pass11/shims/next-server.mjs	2573	d5b349569db07c33f23935879da077ef3d4f9418bba7e79132683807dfa7df2d
scripts/pass11/shims/stripe.mjs	207	c72cf436c8653e4df66663e73d9a4ac110cf926dbb8b6c7bd075a1ea63f096ea
scripts/pass11/shims/supabase-js.mjs	285	6c05b1d44dc9ad86debb699237289db8bd92aa81fd24b34b7d3e8bb278a19567
scripts/pass11/test-offline-ts-loader.ts	404	08f1c10ee438e48bbc6589d9164afceda02771a7c9d4296bb80aa8a7dc9c9668
scripts/pass11/test-supabase-service-rest.ts	4162	900747fa76c06d01cdb57e3a2be1305f34ce2da1f4115293b5bb4f187bc38376
scripts/pass12/audit-full-tree.mjs	15584	867239e97e8f672abbb0d5437470efd20f4b7fadad0554b33d228b839c435d6b
scripts/pass12/audit-offline-install-coverage.mjs	8152	d055beb4945738220c31ecbc9764c0f04321a9a63dc7dacc0583b38adbea2545
scripts/pass12/shim-next-intl-middleware.mjs	871	0455939c5159b4955e87ad68847abea581bf1c260c5f10b160c4dc5b79fc6a56
scripts/pass12/shim-next-intl-routing.mjs	375	f62c67219c70922be78a6bc7cb6c45d49f59be386b8f1d3f7f899a78b74a7c9c
scripts/pass12/test-routing-single-dom-contract.mjs	4770	3ec873bf1f2b6f24776bf91ed90a058878d41fc0c403a2977107355f6c18028e
scripts/pass13/audit-full-tree.mjs	16501	e7e283a81113f8a57476a7f6b50876dbf16366a2e76620e8265f6d105d7ce849
scripts/pass13/common.mjs	2364	83618087a59c82b0b1b13194891a41f44a1d8700654843168d5a0c5132bb2967
scripts/pass13/eslint-cli-runtime.mjs	4689	d6cff510b00fef539ea9a24e18df41ccec758cbe0f9b5d623dbb0ae9d5f4bf78
scripts/pass13/eslint-partition-plan.mjs	2852	ba288151db52fc9b56b40f08103b5e6a917c4643a534837b55532d2aaf3f217b
scripts/pass13/merge-partitioned-eslint-shards.mjs	6924	33e7c7a1588a9b4ff70af982ee7ca3183a3b9e37523476e3df3e3b09be374f04
scripts/pass13/run-build-watchdog.mjs	1732	e54f32956e001b73fb18cf9f84780d50a01b4528bc9d1663d5c6b7bf2606ce70
scripts/pass13/run-partitioned-eslint.mjs	11481	a2d61619204f0fa8a38c90e5635f45bec9c21934e87bdc4793a15b07a5ddb92a
scripts/pass13/run-partitioned-typescript.mjs	6384	34a846a2cf63d4ee0b0cce4ff74fc20ef9b5fd08bc51337597e285134cb0bb33
scripts/pass13/test-eslint-partition-plan.mjs	1997	4232dc3e778ea680314da619074e7d79f412da9271f3701162a85e2041938e46
scripts/pass13/test-source-tree-boundary.mjs	1907	d2d4cdd103c8f21c4134203ca7decb519326883b4ee39c48eab1221022a0f4e0
scripts/pass14/audit-clean-source.mjs	12043	fdc8ebd61cc540294e26b7136ea31368194cf8d3752eaeea943e29df61780463
scripts/pass14/audit-database-contract.mjs	9449	e5798534c86fb38bac687b49ad76067bb0ad92226305e93ed3e45e7b876d4f46
scripts/pass14/audit-i18n-semantic-parity.mjs	3185	e9dcb0f672c6cdc255bf990544a186313e2093e568c4c70c2132dd62f0558a2f
scripts/pass14/audit-runner-contract.mjs	2279	b158c01e65b387010c5fce75ea5d35ecdc9b03371eb88d806a35091bdf89cf3c
scripts/pass14/profile-build-graph.mjs	9042	057618fe685b36d19e5ee33222ea92d095da12289b964b6c16472020865b98b1
scripts/pass14/run-build-watchdog.mjs	7143	7c730c63e9f5b19ee310a37511012b0e719005e22e39c70295806ac6bfbccb2f
scripts/pass14/run-gate.mjs	4389	20f29540988f8755133e1a69b821718217d412438dec4138ced66a21f3eff4b4
scripts/pass14/verify-migration-versions.mjs	1829	a2bfec44f7bbad39ffcbdcd22b3148fc72b7c6aaeae413d8e5a119b7f174dcb9
scripts/pass14/verify-retired-fixture-routes.mjs	1664	babf58693756243f630578c2e89dfc1bbd3f09fcbd48842196113ff3ff8119f2
scripts/pass14/verify-visual-freeze.mjs	1073	2e60f4dd80eac6b2621e0264d6b91fea62790bae84be31705cb202fad4cb2438
scripts/pass15/audit-runner-contract.mjs	2279	b01d5a0a04e94c876172da5b7636a66e233f5391ee7fd1d6c8b07c191b85027d
scripts/pass15/build-route-export-ast-registry.mjs	2449	b643288a5e87ba6a4fefdb59a7c0019b3dc1ca8e1ae9a01ff322ce0a0237ec31
scripts/pass15/profile-lazy-build-surface.mjs	7690	fb94abf9dace6d81692495f38d990cec028224545febc6c0e5f2a5feafa7de14
scripts/pass15/rebaseline-lazy-route-shell-manifest.mjs	5336	485a92a35da57daf7dcc836b8c0402727eec55b12d5beb0d07575b148eec6126
scripts/pass15/rebaseline-route-dispatch-manifest.mjs	3634	b72cd9837a9b9bc72aec1e5e1b3bacaf89b6d2e1c9306fff56f65ef11a54a59a
scripts/pass15/route-module-ast.mjs	14386	042ec9b8c520b9d17ee735171cfd128281965ba8f5e69aba27441f42b9c11229
scripts/pass15/run-build-watchdog.mjs	7143	27e3d933062a1cb1463eea5dab3ff49af1d1927d3c405fbcb6bddc0b2effaa91
scripts/pass15/run-gate.mjs	5661	1f6d1f3a8d1b910964251ceaa09019ffb2787a6a29518073df57ad34971f1658
scripts/pass15/run-typescript-syntax-scan.mjs	3057	275f8f12316e369db164261e07800cfbeab894b54f911876f398876037013d03
scripts/pass15/test-route-dispatch-manifest-tamper.mjs	2574	674314f7027bba5027f9d46104d5ed1c1972e221473882094bc949e2cf0e28b1
scripts/pass15/test-route-method-ast-equivalence.mjs	3479	6e9468bb0f614f670d6b6736feb4cd6f442307dcbbf56bc25c68e576b5629808
scripts/pass15/verify-lazy-route-shells.mjs	4446	5a7468499c2b2861bccd9ae7f78b4de2f643bfc783de7b8659c9dcd034760590
scripts/pass15/verify-route-dispatch-consolidation.mjs	8953	20ee3303894f9a2436f7bd082bef47ffae16d35e34ab6864e6e31f6d404c4716
scripts/pass15/verify-route-export-ast-registry.mjs	3720	b6bbacdde0d2d2b64c3a151368b67207409eae2534408b7b5497f5db2febb0d2
scripts/pass16/audit-clean-source.mjs	12006	b1b045aa7569b9d1a60a0dd5b3e0c29a0f1fe2be52dfd32cf0235778f9350b88
scripts/pass16/audit-current-product-readiness.mjs	5346	454e3aabf5fc3b604b9a21be0fbdd395c27b7977d5e9aa0065e17fcd66322190
scripts/pass16/audit-runner-contract.mjs	2279	ccd59e5ff17e90d382f3a359cf49523cf5e06671c18ce0bedc280c23319f2acd
scripts/pass16/run-gate.mjs	5617	c31f9e786f52e1206d1a7c621eb0eb6c6b345137aca7fc1ecc9d0c2309b9eea7
scripts/pass16/run-typescript-syntax-scan.mjs	3057	2edf99151bd397a40765449ffc456c1ea09c03647baa4e8b0fad717b7d88f21d
scripts/pass16/test-worldclass-output-scorer.mjs	4419	a69d41eb9acf7dd48defd46278c170d5084c4a7b0bb8162514232619e097d133
scripts/pass16/verify-worldclass-corpus.mjs	9605	d2500fbaef45b77c2e848cd2380d2349da5ac8d40f70b305db1efc7112f12d2a
scripts/pass16/verify-worldclass-output-contract.mjs	4537	7d5fe54605a69024e62d80d621ee710d76ca195d9cd77a8607b58115f4a9d430
scripts/pass17/audit-clean-source.mjs	12006	5941196bf068f56798f873f2529d565f10e06630056ef0391fcec6beb2838adf
scripts/pass17/audit-current-product-readiness.mjs	6696	c76c7bb11f7b3942872a2d73379c821d2b720dbe2c33274d78e3f6fe8a8644d4
scripts/pass17/audit-runner-contract.mjs	2279	de217d8b3f30e466aded324331f5ff485214a0cd83290fdf699f8c16be105d82
scripts/pass17/run-gate.mjs	5617	79aaf3d300253d3a1d2ea9fef1d4b5252adf0096a13a270c1abea7095cbdc84f
scripts/pass17/run-typescript-syntax-scan.mjs	3132	9fc3ec125784397d24e613f86a3b9639f1887b0a1b935de6b39f06514abb53e9
scripts/pass17/test-market-output-adapter-boundaries.mjs	6409	c231b8a041285ab06900d7b307267f0f707d2161522b3348149eb8bf7e32e0d5
scripts/pass17/verify-market-output-adapters.mjs	13850	544b4e746a6592a4ce917cfee2b9e1c0a1d6bbeb5e33d85d1ae04126be9be692
scripts/pass18/audit-clean-source.mjs	12006	33361361e72483d833f1ae862d44f9fb405c3a957e511ff6959e417f3467b462
scripts/pass18/audit-current-product-readiness.mjs	8094	366360d963b8bc6eeb8e52c71a923a68de8aae34580d821f35f037e63784d033
scripts/pass18/audit-runner-contract.mjs	2279	8a3aa1cb98fcbafbd8435ec57539659af138349eca6e5631eb29488da97defcb
scripts/pass18/run-gate.mjs	5617	4738b15a01173325c7c994ac4660baa84fe37fa81978d0c92697485e45932a47
scripts/pass18/run-typescript-syntax-scan.mjs	3057	46a16a73680c53c77e1833755bf1e62f8d3645054c14f4922e73512f8033f141
scripts/pass18/test-audit-lens-output-adapter-boundaries.mjs	11610	9ede498f897484ba637e91f173a863e9d9f82bd8ef86ce1571382f7260373d36
scripts/pass18/verify-audit-lens-output-adapters.mjs	20467	edb1593d4b7ea4e60c73a7f2c88c53d0eb26406befcdbb3da83e43ba38a3d17a
scripts/pass19/audit-clean-source.mjs	12006	b28a722af332e183e34155e19b6168c245e81a24cf2d2027c2438685f67e5c72
scripts/pass19/audit-current-product-readiness.mjs	3904	2e04e4b4d749a057b7e27c6369752f1665ca92d610ae817e3771e12d98ee652d
scripts/pass19/audit-runner-contract.mjs	2279	262a9a1254de6e8b3c8dd4a689b86a22f5cfae54334000622d849c1db53f5ccd
scripts/pass19/run-gate.mjs	5617	f04990120c2f57837cf9df0059f7479fc2b8616d192a85059f33d7f8a5fa684b
scripts/pass19/run-typescript-syntax-scan.mjs	3057	0833aebfcd916fc8eddc12ac624e31b8af32d56f28e0819803debeca92004ce8
scripts/pass19/test-brain-angel-output-adapter-boundaries.mjs	6983	7292fddc321f3a22da5ce01a1841fc732f8d1d8eb6cec96ca8d9b8814101a942
scripts/pass19/verify-brain-angel-output-adapters.mjs	13746	547fe031d8f8a2d661239c9532bc28e403e3e23a535aaf70c5e3d85af036f213
scripts/pass20/audit-clean-source.mjs	12006	10e38eb5dab054efc0ed6b6a27541e2b757eb5cb4b301f8ee22d57a80138a5fd
scripts/pass20/audit-current-product-readiness.mjs	4545	a0b17d58fb032c3d8fd4c70beb1c70477a536a95b75e9c0c139adae5dfaa1728
scripts/pass20/audit-i18n-release-readiness.mjs	5808	76f692b532447c6dcc74326f452c55eac4cceb2c4ee629b517c5d21277903a44
scripts/pass20/audit-runner-contract.mjs	1938	147d886f57c8812c99394611cb9b9ad130204c8e65e10fe497798001545e4109
scripts/pass20/build-data-license-matrix.mjs	5546	d1b9d0239ee9a2dcb5798e56eff191d248569dc3451fa4427b0920fbada4be31
scripts/pass20/run-gate.mjs	5617	f8cf5a90fda647cac484968baf862f1461978fdcc789c8f1d8296411cf7b3769
scripts/pass20/run-typescript-syntax-scan.mjs	3059	46254c65e93253808c8bb1b757a9b395b861f15c72c8e457eddb502bd39ef5f1
scripts/pass20/test-data-license-boundaries.mjs	6033	1fae116d1bdb2e3acb54c15270dfe4f2e611f770f99587146fadbb0992e15122
scripts/pass20/verify-data-license-eligibility.mjs	3629	00dc4ab54067dc5b52c672827495500c4baba3c68b5f2936215b8b588564fd71
scripts/pass21/audit-clean-source.mjs	12006	e5d95fe85de5a8bb39d2b2ba35e9759c62baf796afb565aacdbb960f9bb6b9f0
scripts/pass21/audit-current-product-readiness.mjs	6918	faf067000f465cc045d2df15b43449878f653899d6ad0d93433c57e0ce0053ae
scripts/pass21/audit-i18n-release-readiness.mjs	6185	f05700079b26857b73b398bb7866f48a28cc529b091813e3ef5d38c58d48df65
scripts/pass21/audit-merchant-legal-readiness.mjs	2363	b8fb0a9c7dfbff8534eca77e9b604f747770540abb2ce86ee6b50316817ab116
scripts/pass21/audit-provider-rights-registry.mjs	2846	3e0fa1fbfec73caf4e02a0f3cd15c2d39499702562ef64cd7583102ee8e2374c
scripts/pass21/audit-runner-contract.mjs	1938	9bcf38c0712fbf27ff9453343c6cbcfe57936a3e2e8bcae74eade3300d3e18e4
scripts/pass21/run-gate.mjs	5617	a8e2918a07c9b1c393be7440e01c657b2e4c516d4d6ee02e750aba870fa3382a
scripts/pass21/run-typescript-syntax-scan.mjs	3059	c45d265ed5f7a1e31309578718b29b65adc32b93bd05eab03b707b728b60204a
scripts/pass21/test-provider-legal-rls-boundaries.mjs	4511	56eba15fae7170e6919ede53690913dfb33cc3d80b9e88f6ae5bbca4ece2f639
scripts/pass21/verify-rls-classification.mjs	1717	85b8dbea19d39d524aa91d1204944adac0a5912d705af11c6d2299e9806cedd4
scripts/pass22/apply-i18n-wave-2.mjs	20274	232d7d75632425a8cd75aaab1ba9c634cb3f2696025cf8751986ff5e24a39cfd
scripts/pass22/apply-i18n-wave-3.mjs	18928	6525cab3d59b00618728f61c4e0e937e5aedc7c9ee3f7d4c5d814349bb2d5d01
scripts/pass22/apply-i18n-wave-4.mjs	16733	5b017359743c9a689fed06415d77e93811f7526eca6eb19736f8487519f3f331
scripts/pass22/apply-i18n-wave.mjs	23813	ff17a680e0ef604c49881067ff8ec46f86be026bcaa4a1ad8312919ba59a3412
scripts/pass22/audit-clean-source.mjs	12006	f11f7006489e64c5bcf36443ba888d1de1b3f3c59f339f52f9c6703ecbc789cd
scripts/pass22/audit-current-product-readiness.mjs	5767	df17e650058cb268339842b9478a01d209ba376ee8e3ab2b35490f6c5393f475
scripts/pass22/audit-i18n-release-readiness.mjs	6185	3128a00afe0ebf51d481a624b2df56b3f1a661db4369163468afc85976e6cc2b
scripts/pass22/audit-runner-contract.mjs	1938	9c97338ce4818b9f1f62e56c98431356917147c8f59858019a01b7565789d018
scripts/pass22/run-gate.mjs	5617	d76e13a436566d9183e53504bd7890546a7216ddca85965d512422510f2de17b
scripts/pass22/run-typescript-syntax-scan.mjs	2936	0bc78bdd2f225c69316ce45e6fde42d2ae937836a9c333e8eed1a57b368e4b32
scripts/pass22/test-provider-rights-rls-boundaries.mjs	4102	059ec6fac9539e29bf71357ac280b00a6f45e3143012755d80ada18e9f7ca514
scripts/pass22/test-provider-rights-runtime.mjs	4423	646e6d53dae612e4330c263da802184e3be9993b9cec304c4dfa0e715aecfbd4
scripts/pass22/verify-owner-operator-rls.mjs	5649	94fa50ef60bc2551a2bcc9ff3bd905b8b8844ca830460889f1bc809c0083bd34
scripts/pass22/verify-provider-rights-evidence.mjs	5390	1071b3e65439659765e9d8e57a12f019c284f0896a75e2fb0069487bcc83e6cf
scripts/pass23/apply-i18n-final-wave.mjs	2758	feaac5e6724cd182b31d05693fe2a9297cf4e172c0a5640ac8a1415c8f3e7067
scripts/pass23/audit-clean-source.mjs	13201	1382179bfeed6b77dbc3b6c0db815d4680bde52cf030560ca3097e1d590c4962
scripts/pass23/audit-current-product-readiness.mjs	7395	62a006300ad7f44792d4b6331f4d733205f6112e55578db819b6fbcfcea0d5b5
scripts/pass23/audit-i18n-release-readiness.mjs	6363	e3ce15ccecc98bd7968f7de0f96a499dfbc94975c48f3601b8a980c8e77680c5
scripts/pass23/audit-runner-contract.mjs	2077	a74369ee4d3d07bcafe4cfe4293dda78ca8baf2e10c65dde3100d86ec2a80dd2
scripts/pass23/import-provider-rights-evidence.mjs	2390	9a2c47bd95a551af83d6a88580d87f3ff0aacc77a88890153f914fcacb7850ed
scripts/pass23/reconcile-provider-rights-evidence.mjs	2577	4e0fde5500c81a0cfbf8f9b7ea47f16463e325d3b2ea6171c82e836025444e00
scripts/pass23/run-gate.mjs	5809	7e0629f78c5c8f7b4d1320dd1b2fc854e9433e919d367fc7a5ac363a105a6490
scripts/pass23/run-rls-staging-harness.mjs	2586	1443411df778b11da4ae30b262d451341a1850617c61b4fea5f79bd4080b899f
scripts/pass23/run-typescript-syntax-scan.mjs	3056	663682d15b14e560bdbec8b5be9c635582398f8186372cf79d95db5ad1d9e039
scripts/pass23/test-merchant-legal-intake-boundaries.mjs	3819	348cb9ca1ed8056fb5c22c71ddb778b1d62e95e775725ba9c441702c23c9f601
scripts/pass23/test-provider-rights-import-boundaries.mjs	4528	f696ecb4d0e718ece2173693ccf46f843d6654bf6f92c87f9dcc9700f0edb2fb
scripts/pass23/verify-merchant-legal-intake.mjs	2350	eb02892b1f9cb1c46f960cc2456232cbf6d41bb5676dbc8d4efa1790a87a3d0b
scripts/pass23/verify-native-review-overflow-preparation.mjs	2273	63dc84b0462224da13741c041aef01e920b36bd835aa72b7b52c68d1e8736adb
scripts/pass23/verify-rls-staging-harness.mjs	2654	d9782721add5d74ef1c3ad669fd6b66986aeb03c306c68cb031e2010595eecfb
scripts/pass24/audit-local-cache-coverage.mjs	1432	5ca3e48f58ee3695da8228065ec6d1a21d6150537dc38ee1b4f9bf89f5036d9c
scripts/pass24/build-runtime-requirements.mjs	926	bebe32893bb3aa155a81d4697fc60497c0c7578e82c73c39253a51fe5fac30f7
scripts/pass24/import-exact-runtime.mjs	6300	93e113b782d8cccd129447defec915b08c503315486d84d1a47c1b20b5b2a353
scripts/pass24/materialize-exact-cache.mjs	4518	7b4563acace9477d5060cc13bb3452e53dcb8677c294f70f5bcb5f003d618fc0
scripts/pass24/repair-lockfile-target-metadata.mjs	1441	865c82f80db67483c89d278d2dbf79f250984cd21c9b1cb22c11571befdfac7a
scripts/pass24/run-exact-milestone.mjs	4695	29c8e9aca682346cceaf932d9283bf134dfdc2099e98d50bb9a5f295dcec1f3c
scripts/pass24/run-gate.mjs	2417	5b5a11878b91d175081235755dc44b966802d8e3982940eb4c58c613e291b7f8
scripts/pass24/runtime-lib.mjs	11726	540e4351effcd4773b51f6db98befb4fefa477bfda6737f46258f760b1b6abff
scripts/pass24/test-exact-toolchain-surfaces.mjs	1908	61cc331ffc0e53f14f2e1c3c5ed824fc15107a9f8056a0376a3504c695991639
scripts/pass24/test-runtime-acquisition-boundaries.mjs	2716	0ae581c3375c457c557c990ce20321ca7f2e6371a5ae7250e6a9510a2e60ca06
scripts/pass24/test-target-tuple-contract.mjs	2495	c5429658355d698462cebdd5cdb029c6eaafe6335d042e4a86546c7b9a8df77e
scripts/pass24/verify-exact-runtime.mjs	1868	9009fb83d9f29484be9d8360181d98231ad150b44de3f6907fbc5bedbdf9b8ad
scripts/pass25/audit-prebuild-readiness.mjs	7411	9acdb34735c799c653ed96fdc9655df9fa73966b180362a889a531ef813bb78d
scripts/pass25/common.mjs	2263	1594586acc16200402a74031e64d53bf7542f1c6c2da4f56846078f319812fe7
scripts/pass25/run-build-watchdog.mjs	13191	71a5b0850c3ecbb97657ecec62014ebb81bbc67c11be1d304717bab8869442f2
scripts/pass25/run-gate.mjs	4114	36412aec74eb60fdcc525ca9965cbc5d106fbc6cfd10d1bb2d92c0658d52a3ec
scripts/pass25/test-build-watchdog-boundaries.mjs	3139	a4e7b22f7c64d69540104dc4b8c008b4584df9be019ad14e4c52e2c39d8689a9
scripts/pass25/verify-build-profile-contract.mjs	7133	798df3ada05d87c5a45e3873b6cc09dbce4ac38195023658a0212e168364cf70
scripts/pass26/audit-ci-contract.mjs	4747	22bc842a3b6e5bb99024899a24108553f7b745ecc3399ee8f80c8921de0d1c6a
scripts/pass26/build-package-payload-manifest.mjs	1183	e87c270ef45b36f83281c03d5c3a6fa194d5ab26be55f8ae51aeec42a8e1fdbd
scripts/pass26/build-runtime-cache-bundle.mjs	3260	baf3e45ad42ffdb6434b6acfdd6f16bfb90c4e5462a17505fdf656f3f4508775
scripts/pass26/import-runtime-cache-bundle.mjs	2332	fbf3e5b791826980eb25a03d571734938254f9358394c6202b570f93933e6051
scripts/pass26/run-gate.mjs	2041	7f6dc0c2d024bd92a40b76079997014b14c11ba68c7f292a80e2d953fc48bdbe
scripts/pass26/runtime-bundle-lib.mjs	6871	b32b7e2eb895815c004d8a51ff82184184ec1acee7257ebce7dcddab0a8d1476
scripts/pass26/source-boundary.mjs	2227	3cc436a5994e6124b41e712d8d343c848be032a62992f18d0859eb6b1be64e11
scripts/pass26/test-runtime-bundle-boundaries.mjs	2520	4022153f38543b6fbf27c38f714065dd4d7f3641ad648c3634d083d81a6db284
scripts/pass26/verify-runtime-cache-bundle.mjs	497	c8b72c520dcbc1a558f1bb6568f59b1756dd2768f9904cd4999af0a90e6181b7
scripts/pass32/test-account-artifact-route-hardening.ts	3151	eb51535a123f6d872117567f52c48f3f937e7b7210ed44a78f2cf40412633e01
scripts/pass32/test-paid-surface-truth.ts	1228	6d389e58e9654430e967e40e7164a1221d8a9e91fe20aac554644a492d950842
scripts/pass32/test-payment-auth-hardening.ts	4468	0413a573b5f7259e37610516499d130ca17c321073d8df9ff5e8220e5a384e91
scripts/pass35/a15-test-fixtures.mjs	5712	57f554933f81443d6ca6b78bb65d5739213c958a69b563d6046dca942c2f9aad
scripts/pass35/a16-test-fixtures.mjs	2206	2325719e1fea6ef4bf4f7ca81db83134ddbc827e8b109c7ebdaa170a7917c50c
scripts/pass35/a45-browser-http-evidence.mjs	5874	4ffa928b27c52afd36ae345195257ff850b3b3079cf4c9aa35f1209868947c36
scripts/pass35/a45-browser-qa-fixture.mjs	24424	1ec46d596b39ab24bd3ba1d8dc690495709532cfc3b5646682d023aa0f1f484d
scripts/pass35/aggregate-a24-regression-segments.mjs	2710	11d069f089876e64b22061d88d95914a46d3329207f658726c89e33389c72470
scripts/pass35/aggregate-a25-regression-segments.mjs	2739	45015ffb0d5b313887b5bda715f435bd22c1a24f56f431e395c9554433aefa5c
scripts/pass35/aggregate-a26-regression-segments.mjs	2738	7e47e3c6c5c4a7a5337edcdb4154673ad0a9475707889cb56a3f9392cd43e5cc
scripts/pass35/aggregate-a27-regression-segments.mjs	2738	e565b83a6664aad1a492517f9acebd63d677f2b20fe1d6833defad00385c1185
scripts/pass35/aggregate-a28-regression-segments.mjs	2738	00265b2e41abc835e341263baeaf02321560a6d124cc236b229cf0d4c0bcd4b7
scripts/pass35/aggregate-a29-regression-segments.mjs	2738	aea49bc91d2a88b28c0c9cdba427097ebdb377eb623cc4eb653a8271a9d48a67
scripts/pass35/aggregate-a30-regression-segments.mjs	2738	542fd8977a59155e232e5cdfd5b4bc1d203ef36a4008f30e84ac6e4ce7399ec8
scripts/pass35/aggregate-a31-regression-segments.mjs	2738	0baccfda7ebb978d0b8fc5d42a90fd1b3841dfe1b3911f153f8c8b5dbccbc7b7
scripts/pass35/aggregate-a32-regression-segments.mjs	2738	006dbcd6439351b64eaa324eb7cb4a703949cbc64a22bed1439fdb8c218fffba
scripts/pass35/assurance-customer-evidence.mjs	19167	dafd94df1908ca542f7d8404ecb633654ad3ec2d2e557d879861e97f39f4de03
scripts/pass35/audit-economic-adversarial-engine.mjs	16259	5feb0446fdef2ebc357df17d98032ebcdf2796c1d391ef162c6ca971a0bd4c0c
scripts/pass35/audit-execution-envelope.mjs	13648	4bbc863c6c8b7b61d471741647efcd11cf430e19444d5f766f9e09fdef2c27f0
scripts/pass35/audit-forge-adapter.mjs	11134	0cddb20f9bcafc9839caf73cc396bc479f42ccd5fcf09d94c5a13168f0a8a999
scripts/pass35/audit-fork-replay-adapter.mjs	18476	44c357037890373234c0157b31544ca64794d557499a1579f0828aefcfa03a48
scripts/pass35/audit-monitoring-handoff-adapter.mjs	7792	4d964d5e5c6719ec1e3c9fed8539bc467ec31efa3104e6964ab4ed660039c6d8
scripts/pass35/audit-remediation-retest-adapter.mjs	9354	b8b3fec07a351564a1db735eef58bdedc9a901bb78e097823b5f5b9b9ed10c1f
scripts/pass35/audit-semgrep-adapter.mjs	9589	465471be73b1f94e52530d95d52757b79d0dfb8254e79a4440d1aadb4c6ec0cc
scripts/pass35/audit-slither-adapter.mjs	8664	6a9c388f7f1ee6cd454af8250937fe35b02eb7cef8f11008ba8438830955a718
scripts/pass35/benchmark-review-evidence.mjs	22244	783292127c53db0cd506a147cd834b6fadc777fe6780a8231f329c438325d32a
scripts/pass35/build-a10-market-roadmap.mjs	3574	9b3853b73c22af62ce5eb4af5ffdc09501414f66e49df45f96241134df4e3b1c
scripts/pass35/build-a11-market-impact-whale-roadmap.mjs	8095	d452d68df6ec26dcf5267defe7b5bdc2c62210c6d43c544b8b9e61a173da5b1e
scripts/pass35/build-a12-public-provider-roadmap.mjs	13527	b2bff032a4d2316fffddf6f1e5d95a652a9a68df5dc639c48a385d1de0cc92ad
scripts/pass35/build-a13-functional-runtime-roadmap.mjs	13694	26b024dd4e0dfe3ac54716beb10c71c1b1a9485d0693b27e3a4df00c5d725776
scripts/pass35/build-a14-market-execution-roadmap.mjs	14034	d20add2fd201c0017389beeca0c9cc406077561a371cfd87d14950bc26128706
scripts/pass35/build-a15-imported-snapshot-roadmap.mjs	18690	531fb461caa635e237c52ee69415c93b424ac4b1b9a6610eac16c4e88b92d4ba
scripts/pass35/build-a16-canonical-risk-roadmap.ts	21315	f57452011823c57422eea4c7d741ab4fe4fbeb4eb9fc7db31cba806ca34f0f00
scripts/pass35/build-a17-evidence-decision-roadmap.ts	28751	e7978cc5db4204b487f7c346d864b6cebe0f6cfebbaa996d3bca5f969c262e13
scripts/pass35/build-a18-tier-value-roadmap.mjs	25385	aee13a96d97b61ea0a021d17e3ad6c625d32077f883e670c72ece9c2cdfe7f46
scripts/pass35/build-a19-exact-runtime-audit-roadmap.mjs	29165	0f04b16487c2ed7b7856142a3fc053d87898b140ae8788dcb889c9c2456ce1fc
scripts/pass35/build-a20-case-bound-dependency-roadmap.mjs	17049	ac8ea1c916730323b3563097001ddc94afd95d91fc4e258176de989e9372d33e
scripts/pass35/build-a21-abstract-path-roadmap.mjs	21246	e5b0044bee5995283ab3cb0631b582a1573ef68ec70f0629bc01b0c14d0647c7
scripts/pass35/build-a22-severity-triage-roadmap.mjs	21688	c24016cc60233f41b7415926600b14f89a923e297ca6ad74820b4b5b0cd0368e
scripts/pass35/build-a23-remediation-closure-roadmap.mjs	21920	514d6e9167cfd2353afff517450c9cafdaf161f733042935336e095afb1cf049
scripts/pass35/build-a24-monitoring-lifecycle-roadmap.mjs	20660	7346400fe87f2d17912efe951ac7f2a77f57b464ea2031670133f03fedb21ede
scripts/pass35/build-a25-exact-test-evidence-roadmap.mjs	21333	3c97b0c50950966d3f3dfd32bb491a9e697d601ac664a43d722141689925e1fe
scripts/pass35/build-a26-fuzz-invariant-evidence-roadmap.mjs	20962	f88ccb29315661ebb0c013cd240e03e00677ed45d3d0d08609df99cf61ec8f9d
scripts/pass35/build-a27-fork-replay-evidence-roadmap.mjs	25397	49877ecce8c20658d51f2d859b84b38cd831fab0cd02812f7de70cdf22387ca3
scripts/pass35/build-a28-economic-adversarial-evidence-roadmap.mjs	25871	dcd2e85abb5ffb21e5e3d3af01728f2db6bfdce5e4f988027f49d16a8f9c9c67
scripts/pass35/build-a29-upgrade-deployment-operations-roadmap.mjs	25313	55b2971995b1a5374a7a57138c072160cc46c7d3b3dce8b95153df7f2722e8df
scripts/pass35/build-a30-threat-model-roadmap.mjs	24894	4218da6dcad9dd06954ae918eee232e36fd1667e9487c7c10ef8b49de7352f9b
scripts/pass35/build-a31-privilege-control-roadmap.mjs	25135	0bb6295d669b460a1b8ef6efa9c6bc43faa5d275bea5336d93a64763c001e0d3
scripts/pass35/build-a32-report-delivery-roadmap.mjs	22825	e3cb0506f0229ece76b09ecc0c4592ea4d16614a40b7972649d4f1be5c5a11a1
scripts/pass35/build-a57-source-manifest.mjs	3149	e246948804b7995a7b8da2c8ec03a5321086a567eb7bb887cf962d6ce660b8f5
scripts/pass35/build-a57r1-hardening-integrity.mjs	23051	9e3534dc1ebb288a3f89ed705776e07f96a74ee5054801a06119ab1867caffc6
scripts/pass35/build-a9-product-roadmap.mjs	5189	5894759738693bbe983017db4300888c7f9fa50df7c03372f0aa4af5ec1592df
scripts/pass35/build-audit-a4-synthetic-receipts.ts	2992	65d995b7b0f114d062bca6b7ab27c0ab36d6759417cb5e4ca65df410b60fdaf0
scripts/pass35/build-audit-a6-synthetic-receipts.ts	1595	3090943095d5f7a3a2e354f9b21e2b19e16186602bf21d6da1c86ad640fb14ce
scripts/pass35/build-audit-a7-synthetic-receipts.mjs	2322	614a51ebf8a184884274105141d0eea5c2004e3d440f9c8f97520b7b4a3ea52c
scripts/pass35/build-audit-a8-synthetic-receipts.mjs	4318	302a53862d12742f14ca0f28611199034ea38bf83afb0cb2b6f22cab7f11096d
scripts/pass35/build-current-status-roadmap.mjs	4901	dd29d4d5b2f62317ebd6a8fc81b5c951230d33b0c911b656166006c2512eef45
scripts/pass35/build-local-pdf-qa-summary.mjs	550	a4bd508e4aa455426c67ce693dcf49603c0d189d02a69e3f701bd16d73ff261b
scripts/pass35/build-market-runtime-coverage-contract.mjs	3475	23419e5ec2cca7c04e8bbe3eb4512b2b4283c77b8ce246ae29ab6220586083ac
scripts/pass35/build-paid-surface-policy.mjs	9736	ad9253ae61cdafbff00ac50f74073647ef9b4f4e1cbb1c31c97a3c6cde9484f3
scripts/pass35/build-readiness-dashboard.mjs	6778	cf9f979b2b479db870fe54bb68fbe67b491e324656d22704759bd7c62e6460a5
scripts/pass35/build-release-manifests.mjs	6177	0da042c14fa358aaf6adc3e1d91fae9337783567bf1a3a2bf375789ad6808dae
scripts/pass35/build-source-inventory.mjs	1604	e3e4f4df0feb439e933baca7789d0b2167a123049dc72c91568b6cc2f2a1c1c3
scripts/pass35/build-source-lifecycle-classification.mjs	610	b377edfeaede57ff6e3a39a83c95291babf37aeaadde414775b624f29583d68b
scripts/pass35/detached-package-verifier.mjs	18642	1ada33997133eb7b0e21e1a77c31ec1834f59905fa53fc7c2f09ce9f73307032
scripts/pass35/external-evidence-intake.mjs	17339	fb62c9990ce16bf313df61b354a76ce6a3b7fec99e3be15d959059db57912253
scripts/pass35/external-proof-register.mjs	8496	fa4074a9856b2424b3c3391eefa301d4a11ef60eb4a516ce805ce35ae786553c
scripts/pass35/generate-a17-packet-pdf-corpus.ts	3311	47f830e6f952c955a52dbfe8935d04fee63f287e0cc191ab7a48b0c15e23068e
scripts/pass35/generate-local-pdf-corpus.ts	14408	e291979dac2724c14248d8a1aaecf241cfdafce27464ea556a41099f52aeee02
scripts/pass35/governance-decision-verifier.mjs	17253	d8e60c81204941e78cc37f0682a80f3a54365a9816a75854b6457a4e458b7b01
scripts/pass35/local-pdf-qa-summary.mjs	7260	57009df461a667dfb3e813835a7d0a57e2ba0fa98a9d0416520a8d15c2f02a51
scripts/pass35/optimize-a39-css.mjs	8248	17822a8bedf76f0bbeffdd20c1f81460bcd8a84b060f3ed9f8260337079a6e7a
scripts/pass35/package-local-product-pdf-qa.mjs	4756	15ea8eb4e62b9771560a7563cd5718233268ccf2f7c86be16dfe21f2c2dad2e7
scripts/pass35/package-source-and-evidence.mjs	18832	96b37c5d9df23d18cd5df85f83b8ef3e451c77af5bb42c6e721ce20d303dc1ed
scripts/pass35/release-manifest-set.mjs	27613	3901c703e77e1c05ffb789cbd21ea6cdef1209323a16d1914bf3bfb52e4af090
scripts/pass35/render-a17-packet-pdf-qa.py	7258	7da0599e4e2d3761f729e7fb462e239c264deb9e8d85263b4cd45a2f24e9e225
scripts/pass35/render-local-pdf-qa.py	7395	ae1b77c50a17da1b017af1c29330221c6adf2b77c2c88e0fef2c75e972adf4a5
scripts/pass35/run-a17-nondestructive-regression.mjs	9545	878ef6fc390756fbee06ab194f890116b536d81dca1f0ef004fec4fdb18f3e96
scripts/pass35/run-a18-nondestructive-regression.mjs	9625	58890151fe7b901a10e20ad45604282053fba154b006dab6ae5960375bccca0f
scripts/pass35/run-a19-nondestructive-regression.mjs	9811	b319ef7e175faa79992183a46a58a88613e3fea611976445aef50433342e5f5a
scripts/pass35/run-a20-nondestructive-regression.mjs	9901	dbcb76c03e322f7385349b8bcb5556ecd84f673e54fce9324702977e20f0742f
scripts/pass35/run-a21-nondestructive-regression.mjs	10057	743b2e2ebb3be4d3ba98e4895722c3d0326addd05210ae807537e29fe9c65061
scripts/pass35/run-a22-nondestructive-regression.mjs	10228	414f9b204a63ad107d007399e93bf82138c2a3bc7c84ff5798c2348a713a4b7e
scripts/pass35/run-a23-nondestructive-regression.mjs	10388	f77c02dc3bc341805d3ef4590ccdd72e8ed80edd84e6960fc8579f182d0b4724
scripts/pass35/run-a24-nondestructive-regression.mjs	11397	13df7a22fe6041cd8e35e29a96ac9c01d14b982a77610e700e4c51b9f80262f5
scripts/pass35/run-a25-nondestructive-regression.mjs	11557	8a00f2567cd0dd95b658d610633cfded2c8411ea329907937175b848b5c27e96
scripts/pass35/run-a26-nondestructive-regression.mjs	11756	bbf3a937c93fd7270b2686f68fbef8ecf4be0358f363d4b3b15b457064baae74
scripts/pass35/run-a27-nondestructive-regression.mjs	11918	31a66dd319af4728c17880cb5533d0f035ea7046cd6a21148d2ba1446ca46065
scripts/pass35/run-a28-nondestructive-regression.mjs	12098	d36aac29cfc34c0c07b6a9388e440826b8cc334692f8e6b3bd544bb6298081b7
scripts/pass35/run-a29-nondestructive-regression.mjs	12278	20cfede3697136c4d3331f3eaa3c042bf1191f8258b4581d9958f3efe58acbf1
scripts/pass35/run-a30-nondestructive-regression.mjs	12424	fe2cee9a3912591556ccaa3c88ee09e999e5d7c13eac12027be97a4b89859736
scripts/pass35/run-a31-nondestructive-regression.mjs	12580	d124a2fd4b6a8895d0307680b5e2ea5f3e1e2d89acb58d94682b361b3af92cf6
scripts/pass35/run-a32-nondestructive-regression.mjs	12732	c08a6bb45694a72a1e2c2b895dfb91289901df7a4205c6413d6795e06c640eff
scripts/pass35/run-audit-a01-a05-case.ts	2532	5d8ee01a446237fa552fb24321c30ae950fc795d04e7593ed11d5071217956b8
scripts/pass35/run-audit-a4-slither-case.mjs	2034	3560c374c048e415da5a0d3baa3d7941cb84afb22d05953caa8220da5787dca2
scripts/pass35/run-audit-a4-solc-case.ts	2159	2e255c5735762dc49062fae376d3bb24506c6ea44b2611336b488f8de886c8d5
scripts/pass35/run-audit-a5-a06-case.ts	1750	27bc39af04093fe8b721f9257624dfd4b06097e4327ed3c58aa22e7baf4d8189
scripts/pass35/run-audit-a5-semgrep-case.mjs	1799	a9193b868495d6aea4d4bb138791fc34fbdbc37e3c0f0f659119e8f917a62b05
scripts/pass35/run-audit-a6-a08-case.ts	1723	d40eb84802a02f22239734d0b3b9a2cd2dc900f462cf06e90a24cba948196c9e
scripts/pass35/run-audit-a6-forge-case.mjs	1841	1ec40d2964ba1ce103c97bf15d6beefd8ee6d8d119858d1a0c36c0e19bea7ff6
scripts/pass35/run-audit-a7-fork-replay-case.mjs	1749	f08220843097781ce234fb48d80051658f5147da5af6ec78f2bc928ba5aa4436
scripts/pass35/source-inventory.mjs	18456	d3c46afa801b07ac1b9ab6835ee13100048aa5f7dc35f6940fa82a42ed5d003c
scripts/pass35/source-lifecycle-classifier.mjs	12878	e71fa0d88d68691c4dc3fc96bcf787ed516123734822f7de4658c8f72c3cee6e
scripts/pass35/sync-roadmap-current-status.mjs	8681	5bd3b5507878f97ca6ad49e175a7809c7f29a418891123be0bd78a93fec7619e
scripts/pass35/test-a12-control-plane.mjs	4736	da05007e356b0d21cf3ea7f0ed51abb8cd124e45f59879e74f35501c3a7e97e4
scripts/pass35/test-a12-public-provider-catalog-runtime.mjs	7456	ac9d0b096fdb6eeac9c8956582630b14a05f919c90beff11bbd07415fef9c50f
scripts/pass35/test-a12-public-whale-runtime.mjs	8969	1c2feaa6ec5eda67ff838490a502e3a9ca0c88e25d4371d234d3a6fe5181160b
scripts/pass35/test-a13-control-plane.mjs	6294	7f687085e451d1079c0f3e6f72125ecf0b291352b8b5b3c3c21605c78b3bf239
scripts/pass35/test-a13-market-target-scheduler.mjs	3570	1ea5bee68eeb0390141c5a38a43c9bee5e62c9e92a619554b5e23dc650668860
scripts/pass35/test-a13-public-fx-runtime.mjs	6296	1ccfcbd8598d93f60382d90d3c54186f300d3407a68c57a7cdcf6ce44c395e23
scripts/pass35/test-a13-whale-token-denominator.mjs	4813	984ffd5ed160de9adbd09d98d109da43912f0beb09f0ff9614d4eb3ae0b40d20
scripts/pass35/test-a14-control-plane.mjs	6555	93c47309e3a257401008a14fe8bc3710fc833a2f0533cf601a9f93efec5a660f
scripts/pass35/test-a14-full-catalog-execution-ledger.mjs	4249	efb33dec10891a74ada2370a63b78015af59486397934059deaac15fa2cee03e
scripts/pass35/test-a14-market-impact-full-denominator.mjs	5787	f82652a4ef29c88382e329744b83e7463da234fa4dcf8a7ea9b813fb1b947296
scripts/pass35/test-a14-public-securities-catalog-runtime.mjs	4685	784ce45f16c5d2d95e1de2b6d8e548ed17922a1aadaebbef17f9b7027f102b4b
scripts/pass35/test-a14-whale-binding-resolver.mjs	5064	812a8cd4f8364d7ba6e906f71d208d5241ebddc74d23782c96cb3d6e84e897b0
scripts/pass35/test-a15-control-plane.mjs	6474	105229cfd67c8f31604f6d920ab614341379374f77d082caa4c845a698790a10
scripts/pass35/test-a15-corporate-actions-calendar.mjs	3159	efb683d58353c44207361cc7b3077ec6f8ef2a12fe59952c92307e7854f83ddc
scripts/pass35/test-a15-ledger-denominator-bridge.mjs	3253	9175e37a7ae6c4145c60805ce6ca73bd60454f9d581d60ea6b8fa4e33f7be803
scripts/pass35/test-a15-order-book-import-replay.mjs	2571	0d130cb5daca91e486db2c08a6f6c2e1213e410f1a6a08e34445fd7ba04b3fd1
scripts/pass35/test-a15-public-securities-quote-history.mjs	2510	f3129f9b251b880d952955173b631f1bafa144e01656bd4a81799bc0998e8a24
scripts/pass35/test-a15-real-markets-tier-runtime.mjs	2886	c046d6624bf30b1a7d9cc96c489f20449fe58103d3f659a1ccabeb6447d4e536
scripts/pass35/test-a15-snapshot-evidence-bundle.mjs	2318	cca8504b06e785179e91a67e31a7f2a5d593f93730e194bbe33a00f54625bc82
scripts/pass35/test-a15-whale-evidence-bundle.mjs	2869	d84436c1e3a72b4c8b82069bfc6c1fdbd5f301a718563d6c94dfc25e39a8c554
scripts/pass35/test-a16-canonical-channel-parity.ts	1327	39fbce880a1de54c483ab39ed40bcd68f51b1a1ae536c65b693b6c1a9ad3d922
scripts/pass35/test-a16-control-plane.mjs	4845	7f925b0ffb7599a96f62c8f2028112b80da5841a9445da652e86af318a501317
scripts/pass35/test-a16-cross-asset-portfolio.mjs	1039	76fc1d94ee9b5b9b8dbe1396410927e19e5ea5fee64f7694bf46fd205ee7eeaa
scripts/pass35/test-a16-regime-stress.mjs	1017	adc54869d33d72a2434ab22229896f35e7f5d60370c48c16b24eb916056a86e1
scripts/pass35/test-a16-risk-prospective.mjs	1138	930732567ab3b3e8df294b656de068cbbcf2a1961f1c50bebb770354dac6a6e5
scripts/pass35/test-a17-control-plane.mjs	7282	b69bd535ce1d1c89d5ea1742d87c69de4f9a123ee76f1f0816473c22709eb282
scripts/pass35/test-a17-evidence-family-registry.mjs	2448	1f2942d25022a2a28af18887933eecf91cc8dbbc7622cc0dd5c07b29fddc0de8
scripts/pass35/test-a17-evidence-quality-decision.ts	5992	bc04ddd1453b72f7b423567b6dfaf6aa834e1a0edd19567373f634ca7f7c9641
scripts/pass35/test-a17-risk-calibration-evaluation.mjs	3852	d6370b6c8d908c56e54864ca13e94038174e02fede432aa0f0a2552ab831690b
scripts/pass35/test-a18-control-plane.mjs	7898	e92f68801b51d13cb827100222f5e93b36e32b2653008106e320d00baf82c12c
scripts/pass35/test-a18-tier-value-benchmark.mjs	4266	256995ed29ca25779591c80fde7447a0f8dac515403fc1281dedcf90e970296e
scripts/pass35/test-a19-audit-static-benchmark.mjs	1697	52c9fd5f1d3fd2b704d6be200a1e75d6fe2ba1d5db3154b166a4c88587616b71
scripts/pass35/test-a19-control-plane.mjs	9923	d2c19705cf5fced550556c7ed45c3222487de430ea5a90c17360ea732257a0a5
scripts/pass35/test-a19-exact-runtime-bootstrap.mjs	2994	3371ec725561c7defaca33adf27c8c99725e3a153e8585c60aedf698ac8ad10a
scripts/pass35/test-a20-case-bound-dependency.mjs	1961	c9cc694b081fd0a77d64440ec6a79f19081bb1efab3c7ba69edb694bcda204b1
scripts/pass35/test-a20-control-plane.mjs	2830	52bcd9c1a9565deea73fd91bc035c5cf9dfb2bb35a73243a1fd03e75e9f31132
scripts/pass35/test-a21-abstract-path.mjs	3924	88082e18f5846fe0e736e036dbc04ab7236a5525a366f0579f29426713ed805c
scripts/pass35/test-a21-control-plane.mjs	3796	6eb046fadc627dc88b3b6799d3b82c29c8141fca57a9f32c403605dc22ede963
scripts/pass35/test-a22-control-plane.mjs	4350	df355dd1912473a4bd0f576f54ca46dc4297fe5d1e6fb0a811e0248d78b2ee29
scripts/pass35/test-a22-severity-triage.mjs	5226	4c2fe1ab5ae719d10e6c0efb3e385e1b0143ff010fe288a6759f664308f6bd95
scripts/pass35/test-a23-control-plane.mjs	4835	e538914425ec133828e9eb55886a636f624d1147f29499cb04c3a78b31925f76
scripts/pass35/test-a23-remediation-closure.mjs	3059	3e9258c325ebb80915300ee1371e07f45091207eec8459a329c03ed4749873e2
scripts/pass35/test-a24-control-plane.mjs	5261	f21f79ae220571e46c3e890e9665cebb77877ceb7eb8819d359a379c8ed407fa
scripts/pass35/test-a24-monitoring-lifecycle.mjs	6564	90a66f1177ec0176ec3cf6f0b76e6b32eb465e5539e80504002667b00878799c
scripts/pass35/test-a25-control-plane.mjs	5382	36bd9811ce67298ed5351f69fa3eb5f7925c053e85990bf3078879c883fe58ee
scripts/pass35/test-a25-exact-test-evidence.mjs	4692	1e0848ab4075a54154f1fde0b93fa4c6dff815ad43a6fb674ee026da613aff41
scripts/pass35/test-a26-control-plane.mjs	5344	920088714b8ace3236deb2b18334ebec001237115986f39226ff8c6699957c77
scripts/pass35/test-a26-fuzz-invariant-evidence.mjs	5278	32af9d557deb08e9a69bd70d3248eea7688640789276c7655969df4c990d155a
scripts/pass35/test-a27-control-plane.mjs	5791	c5cc842a93e6375282d1b20dd21016399679314e12ae67cf23510a506a6001c3
scripts/pass35/test-a27-fork-replay-evidence.mjs	1250	3f53416030dcea1723bcef42d9eca10ce53a781ca9ebb35bb6e217b67b9d6a18
scripts/pass35/test-a28-control-plane.mjs	5935	77293b9a952e3398bf807ca3c9288ab7a1eec57ad31a157562779fbfcc8add7c
scripts/pass35/test-a28-economic-adversarial-evidence.mjs	1331	66cb7484f24025a01d04f1e8c73d305b8b8b18d1c1c4b7cbfc727f14c103684d
scripts/pass35/test-a29-control-plane.mjs	5934	e30cbf40cf05f980ba9bc15778b0ad02661e183800cafc91ea2127bd675e2fa6
scripts/pass35/test-a29-upgrade-deployment-operations.mjs	1518	339257a0230f4884ac35c05e62ca59f807221ca8a7d33cdac89fcfd3bbc0f138
scripts/pass35/test-a30-control-plane.mjs	5934	6059faee15341710f49165090f844bcbc9700a3d892fc649449efe0bc5c44bc5
scripts/pass35/test-a30-threat-model.mjs	1491	37e0e76d1e2e6ab0d00b84e991df14ab83ff0e9a80cd599abdf553b57b6e4c3c
scripts/pass35/test-a31-control-plane.mjs	5929	e4f39fca05add063ac5ca6e1dbf4e19fef1e30364ae53b2ef7a9a8efc4c3a18e
scripts/pass35/test-a31-privilege-control.mjs	1191	d918d1f0d84e72774996ea821daae49b02cd7826e4652effcb0f7f7ecdecf4eb
scripts/pass35/test-a32-control-plane.mjs	5542	1ac5877346f02e58d81bc7b3d5e6357715707468b30eee4d300e12f08d0891d5
scripts/pass35/test-a32-report-delivery.mjs	962	eaf4efc90a79a63b46fb49e8f9f1ebdbce4890e5cc27c7c4a5fbb51a0a2be8f6
scripts/pass35/test-a33-visual-merge.mjs	6413	47afab099a1195d19cb662347e2f89e57e3798b40cb0edf529958264c3b59118
scripts/pass35/test-a34-deep-visual-reconciliation.mjs	10168	c7de92b61d4330388161903ac23a7b93a37c4cfbff56738ad4c13ebd0b1ae14c
scripts/pass35/test-a35-visual-parity-closure.mjs	4005	5021ec63e518de45124eb8ccc5a2fd1bb628e2c4c77e7062f781c33a4336af7f
scripts/pass35/test-a36-active-visual-runtime-wiring.mjs	8593	87fa5c066d4dd69193c1c4cde80e005a95dc50e5f3a838d634411f7666d2d091
scripts/pass35/test-a37-visual-runtime-performance.mjs	10535	7ed046b1c69479c9114c4b195a34336e4ec2536ea936fcd74ca915db7e1de560
scripts/pass35/test-a38-client-runtime-lifecycle.mjs	16197	b850b0c40ce497a2736bf0ee6410bd64c4d4c587a14827a066a8db198c649182
scripts/pass35/test-a39-runtime-binding-css.mjs	13201	b05edfff0bedd285aeb4f460085d8204583be33c6c54adea45b5e70506e1e3f6
scripts/pass35/test-a40-session-temporal-visibility.mjs	11265	4153627eebd31e51d5c61ddef44da1e582d19125b724bf7d9b0c43c30d10d19c
scripts/pass35/test-a41-browser-shield-runtime-recovery.mjs	4242	3e0c4548c6142254fdd4c24b9d3f8c2931a5b7f29427b10b22be7a38ced54c4f
scripts/pass35/test-a42-dev-runtime-cache-recovery.mjs	21369	ac115f238b18de5300fabc63a33f31d4c700730b4a6f542f4f73fb275d39bebb
scripts/pass35/test-a42-runner-recovery-integration.mjs	5447	6f67f7e3558869954f7a4f816975120a6bd187f892164a1d0cb4459f5e179009
scripts/pass35/test-a42-windows-dev-runtime-recovery.mjs	5237	87b444f2f0105473616c186ac55bdbe2ec878be5a61a8e84f933cbcea0320050
scripts/pass35/test-a43-webpack-css-visual-runtime-recovery.mjs	4173	06b19bf5c6225cd4d25a9f9f744383f1e0d996667498ad865136b70c6abeeb68
scripts/pass35/test-a44-visual-master-engine-binding.mjs	10051	93c68e684a6f400f14c7689c1296e21e3286cafd2a9080cded0f20801bca2cff
scripts/pass35/test-a45-browser-qa-fixture.mjs	11208	5da94840712675de55b04e611be709e78edf00fb5a8ac9d7cc1340809ec6b86b
scripts/pass35/test-a45-exact-runtime-browser-acceptance.mjs	3383	5984dd5ca4b71098b86414f61e234056b18709b87afcc96a2acc0627ec46cb30
scripts/pass35/test-a46-customer-data-plane-acceptance.mjs	7644	17137b24738a12fd039a15cb58960b004015907f35fc46c446bbaab4284f1fb8
scripts/pass35/test-a46-data-plane-fixture.mjs	5007	f4101218bd0a9fb42ee798416a8261a2196bc12c3fe61684d9da7a78a5d78c5f
scripts/pass35/test-a47-acceptance-evidence-intake.mjs	6431	cd52c0f0a64eaf49f18e5d45a34b4e95a0091686f961ce564a4dd0a91c0e030c
scripts/pass35/test-a47-evidence-intake-fixture.mjs	10334	a535e697439d95676255fa7b8a66a0d3fc0c9e64fbb72fc8e1c8a258a58736e8
scripts/pass35/test-a48-staging-fixture.mjs	7364	b6f2e655ca06d12cafda7b672ffce937bde41cc1ca704d7cec9ff9518bd0ddd1
scripts/pass35/test-a48-staging-tenant-isolation.mjs	6477	128c65d552d87b7b3c7d5c9050e00e4d594ecb86346f088324465503056915a0
scripts/pass35/test-a49-stripe-fixture.mjs	9794	334c1332e6835a7ab37292a31f68b4ea537add4edaad46641618d4e371b47831
scripts/pass35/test-a49-stripe-payment-acceptance.mjs	5098	627bbe96afd4a2fd4cef7566340b98c60395913fdb79d44e190679b78d5668a2
scripts/pass35/test-a50-email-storage-kms-acceptance.mjs	6184	60369353caf42a403dbbdd1a1751353846de918ddfa9c5473f9480db235ac35c
scripts/pass35/test-a50-email-storage-kms-fixture.mjs	11957	d8ba149a52d2a092e631cd4686bcdbd62cb5464ed92420d04ea4b839787f4167
scripts/pass35/test-a51-backup-restore-rollback-provider-loss-acceptance.mjs	6355	8d9bac27d875811f706117ec431047dc0fbb37cde78c0fce16ef5461007a64fb
scripts/pass35/test-a51-backup-restore-rollback-provider-loss-fixture.mjs	9311	79f78f77bf69b945501541062d823f4e62bead363b10ca9fc53ff02b69b71856
scripts/pass35/test-a52-kill-switch-incident-customer-communication-acceptance.mjs	6404	6fad069473327854f6a1c1be3228196b2ad035642e929252436e810dc7f1cb70
scripts/pass35/test-a52-kill-switch-incident-customer-communication-fixture.mjs	9138	11ca7e3d8b10ed22eb36414880796176fb7f74f5783587bdfe27a1d048c5a5d1
scripts/pass35/test-a53-measured-slo-alert-ack-vendor-exit-acceptance.mjs	6611	ffbcc958042e44a08f06153e62fe3b52e62829ee364c8988eff970faaa0b9b87
scripts/pass35/test-a53-measured-slo-alert-ack-vendor-exit-fixture.mjs	10922	f633c65eb819ef90eb97b92f549a8c2d37f16e3f22b54e3ad1e76a735c0802a0
scripts/pass35/test-a54-strict-slo-alert-ack-vendor-exit-recovery-acceptance.mjs	8910	cfd7c3dfe5981b7f1edd312f6f0df54ce4bedc68a45afa7303096ee156ae90b3
scripts/pass35/test-a54-strict-slo-alert-ack-vendor-exit-recovery-fixture.mjs	24203	b487e7712112a20c1c5e778f1aeb28090504e1eb6a4ce26b912d854a319df48b
scripts/pass35/test-a55-independent-retest-legal-customer-release-acceptance.mjs	7875	f6f99740211c738fc368577bf34348bb112639b9e823b10c92753ada789e8dec
scripts/pass35/test-a55-independent-retest-legal-customer-release-fixture.mjs	17804	6548d826894c8ac0b35695e6552b48b3f3b7fe827d7fe45f2b92caec11e15fa9
scripts/pass35/test-a56-out-of-time-slo-vendor-exit-observation-acceptance.mjs	8824	a334ff0882bb8cf747b7546704e9f62a375f24fa4443467c448820aba2c915a4
scripts/pass35/test-a56-out-of-time-slo-vendor-exit-observation-fixture.mjs	21491	d7c39120e765e8e73be67115167d2be0a59d703599c015e6a4d7e971a1811ede
scripts/pass35/test-a57-controlled-canary-kill-switch-rollback-telemetry-acceptance.mjs	16230	7480bb16eaade53d47011ca0740a0d90c9c134adaa988f4fbe7cd6b095ec2511
scripts/pass35/test-a57-controlled-canary-kill-switch-rollback-telemetry-fixture.mjs	15383	148bfc6e59eb6730e4d3131153fe1efe833e993ebd5d4faceb1d67da791e5bd9
scripts/pass35/test-a9-visual-freeze.mjs	1222	54ef28a387b9567906f3d2bbb6d60ba51131f7cc1b8dde38d937697e91d1e574
scripts/pass35/test-assurance-customer-evidence.mjs	7359	715eb23561dda5ed0eb25ac3f11b2dae4c87f77d180b937902767c3dfd98d8c9
scripts/pass35/test-audit-a01-a05-engine.ts	5475	b6e94749b86a84fc444064408f4ee2cfaf2db8096fd39b16b8c36228b9804a1b
scripts/pass35/test-audit-a01-a05-runner-boundaries.mjs	2314	46625cdfa2d4545198e05c7800266137e243680d88cbb1da8d50e4d6d932f36e
scripts/pass35/test-audit-a4-chain-provider.ts	4676	12d7a0fedea2087a796262ebedde3744f2e29b4ecd523eeeda46360fe7921750
scripts/pass35/test-audit-a4-control-plane.mjs	4702	f7dd0f164da75f080e656a05ade15b2aa2345b2c5b613e32f4f3ab7aab9d8bc0
scripts/pass35/test-audit-a4-slither-adapter.mjs	2790	d418bfab428f42fa1f7700178c09c12bdb11ecaa93b48c4a5ecad5122d1beed1
scripts/pass35/test-audit-a4-solc-reproduction.ts	4567	81515cc223be1a10c83bb1047cfcc8e4c1154c66b3ab7c5a960cba86e45a9879
scripts/pass35/test-audit-a5-a06-bounded-path.ts	4921	72e30dc58a444606301da85d000e8b10dc32f1dfdcdf83b7d47a918e963c7f87
scripts/pass35/test-audit-a5-control-plane.mjs	3995	ce055fbeaa88cb64d3990398e46c1a691e6df112d001a1ca6321dbcbe7862439
scripts/pass35/test-audit-a5-semgrep-adapter.mjs	3554	2982e3c24dcbc569d7d342b3dfd3dc3b7e933138c444e381ba1a0c2885824353
scripts/pass35/test-audit-a6-a08-model-fuzz.ts	3734	61696211c625c68de9c2cb32f6fbbca562f158507806e61bbfc5f6f0c2de7382
scripts/pass35/test-audit-a6-control-plane.mjs	7404	bc08a6f53d76e2fa563e3fc4e9ab0b81522fb5eba4f359574cce087622826f3b
scripts/pass35/test-audit-a6-forge-adapter.mjs	4131	6ec7e0fc372afbc63de3c2675719e1dab28f29be9358cf3923b99b2e5f3c2a8c
scripts/pass35/test-audit-a6-runner-boundaries.mjs	2229	e6066dcd4ddce0a3321abcf342fa2cd4a8bac1b9fa2b2881986b074a0dca93d1
scripts/pass35/test-audit-a7-a08-foundry-plan.mjs	2926	a62522c586aa62fe6ce12142f8a4c6e6e28ca7cdf5d67ef97a84daec7b71a110
scripts/pass35/test-audit-a7-control-plane.mjs	7008	dd990475ba2c864228edac4c9ffbc02b7410f2f706995c0d6ad2ef88f8c32b96
scripts/pass35/test-audit-a7-fork-replay-adapter.mjs	4160	14413cc5e04f32794f40c4a2005e52ef480e6270b35c5971f7415282c63c5001
scripts/pass35/test-audit-a7-runner-boundaries.mjs	1925	951c200ad783c7c9c26e733a3eab2543200102d609a33aa1d397f32dc1717391
scripts/pass35/test-audit-a8-control-plane.mjs	6581	e78c8e437f54e88c0fcc9c88625d03bd1a0cdcf57a8036b412784cebf5fbd34e
scripts/pass35/test-audit-a8-economic-adversarial.mjs	4515	5518313d459f6603c7494bf12ee4ea6d9e080f667922fddda0dcabaf619a19bc
scripts/pass35/test-audit-a8-monitoring-handoff.mjs	3336	119dfa682fcf16c43125a891c4719554abeef3dd4ab56ad62367868371bf5b72
scripts/pass35/test-audit-a8-remediation-retest.mjs	3641	1b20fda8295a2facf17e83d5cdcaf2f15da705212893a722cae8c0ff0d48cdb5
scripts/pass35/test-audit-execution-envelope.mjs	4711	3068a74f297d6e8f1d90d8627b19a27e545fe9e388c6377fb1ecab021eb69f67
scripts/pass35/test-benchmark-review-evidence.mjs	11930	56bfc6b40f98521f4610582cbf9ea10e953fc294afcc8285bb40885f5ec84651
scripts/pass35/test-canonical-packet.ts	3089	bf9f2c283450216f3c540a9d1f6be40c20d657e7ac098695c1a40d364b63052b
scripts/pass35/test-common-implementation-digest.mjs	1470	ac7d5224d1faebb2d9f4821fdb41ed2da9be3faba5c36d342a4297a83587a5fa
scripts/pass35/test-current-status-register.mjs	6365	dfed9c3cab69397d704ec13b77f82c3d31aad179472366c6b8921363252f2909
scripts/pass35/test-detached-package-verifier.mjs	13807	585cefd3fd76ff31db8f2aeebf03e4e36664fcb8f4c90e43135b3639f4b5e68b
scripts/pass35/test-external-evidence-intake.mjs	7691	cabaaa246f9b28bd478bc458339d8b54d86e0e94e0275ce33bf3a0939ba910e5
scripts/pass35/test-external-proof-register.mjs	1679	8fac07a826f7e8a22dccab7ea4e8213af92f21ca6c9a757379d607763b880b06
scripts/pass35/test-governance-decision-verifier.mjs	6398	953cab77e1266cfe8d9bf3b1b8360a3f3f554be50c7e06fbebebb2458c329a1d
scripts/pass35/test-lens-tier-page-count.ts	6116	d13cc015c7f7cf759adaceaf0da610f48b71dadaa0e4c8b96d4c3bf86253801e
scripts/pass35/test-local-pdf-corpus.mjs	8263	ab3d4e1671e4b831a2132d3987b4d64def01b29256c25ab9cf625bddbe4ded5e
scripts/pass35/test-local-product-quality.mjs	13792	9050e6ee010ed52fa9f044b3558959a2acc130f4fb2da93bcaadfa7515e81fb0
scripts/pass35/test-market-impact-whale-runtime.ts	16162	f6f37ea2f4dffff75f82afd1b5c61f1568ff4dba91b4e762e2fafd6c736385c6
scripts/pass35/test-market-impact-whale-tier-contract.mjs	3533	9e282a859b09542e6eb6f59cb3f5f8bdc22382d571fc32ec7695dce626e238f1
scripts/pass35/test-market-runtime-coverage-contract.mjs	10089	a6181787f9696d5bb783e711c3e3dce0227a55a9033b89a9c10655e07a8c0f9b
scripts/pass35/test-offline-ts-loader-fallback.mjs	1606	c1ae04ddd12126e0a3d3fa3308180dedc248432263bed3721567c75f7bbc8e32
scripts/pass35/test-paid-ui-stop-sell.mjs	5693	11729fad0aec1f6f448962b897a2db0a09c54dd347c3ce675135f6faa04e7346
scripts/pass35/test-product-cell-readiness.mjs	6471	48a3dabcd50f173f835034f39f9560fd5e61e0169acb8fd9395ce664e82b253e
scripts/pass35/test-product-tier-content-contract.mjs	6350	efe10366016bae71fa5b1f626248004f59d947995ee27406b63bd367c653f3be
scripts/pass35/test-release-manifest-set.mjs	2696	c60256b15ffbb84d1c4058f8fde0a844ef7bad607729836cccc1f717f9fb4046
scripts/pass35/test-sha256-digest-compatibility.ts	1051	fbebc2482a951653e63fbab4cf13dc2c342fe7e1db7fc9a23f7fcb271663543d
scripts/pass35/test-source-lifecycle-classifier.mjs	3448	b38cbd553a588ace96657b912281f1c294bb01ef295e9b07c57581c05fc7141f
scripts/pass35/test-source-package-self-verification.mjs	11048	29cdd0d7be7daa645a8c7dd12e8ea2f712fdbfd6556b4f115f72233f42864018
scripts/pass35/test-transient-inventory-exclusion.mjs	1310	2af99aa971999ee2af6bb7791dd35ee294e1e243e205bc148d31b06a837f2190
scripts/pass35/test-zero-budget-functional-roadmap.mjs	13909	34fa0945626238bce3a213f0b0d540f450bc4675ff0d8e6af78939c4805cf896
scripts/pass35/verify-a17-packet-pdf-corpus.mjs	2819	57bce5ed7ef8ddd91feb3dd136ea0e95f9e85a25172efa56331b51b9bc76f3bc
scripts/pass35/verify-a17-packet-pdf-package-boundary.mjs	7639	c4b82f124aac16140fa0e72f56ad94b74fcd9df1a58172f32c4c8c5ec53dd190
scripts/pass35/verify-a17-packet-pdf-raster-package-boundary.mjs	113	febf9a0c35754d7acc16728ac4cd46ce64d3d7d589325e40fe4867482eca6f9f
scripts/pass35/verify-a17-packet-pdf-raster-receipt.mjs	2175	6480b10acef34a0f6febd3e59bc638f9297939556425cdc80c1172e566741f25
scripts/pass35/verify-a33-source-manifest.mjs	1389	4765c6699554c65a9a60488729f5dcd420a5cc5ab2ba83ca7a4d0b88a1404764
scripts/pass35/verify-a34-source-manifest.mjs	1926	6a1dc379da2ab99eb46339298ee898244e462f1839aa08e1404c761f91005643
scripts/pass35/verify-a47-source-manifest.mjs	1462	ef39755bc0defab0fc55b1ec46cefcfda553d2737a8b0ea929056087a92b9009
scripts/pass35/verify-a48-source-manifest.mjs	1204	73525b65d457513c99de0f59ff724413b2dbfc19b0e0a4debc836025efbdde41
scripts/pass35/verify-a49-source-manifest.mjs	912	ffa6fa518841862fc0bc7beed2dd6152077140ebc62e5fc46f7e2de106b8ba85
scripts/pass35/verify-a50-source-manifest.mjs	1105	df8212b1f4bf7208fa4f201e0b42b4569e66833a063fbef7c05157b0f2dd895c
scripts/pass35/verify-a51-source-manifest.mjs	1105	23355c71b3cbfc04947ac79e248cbd6e0d2dd705b0827934bbe1172c08a44a73
scripts/pass35/verify-a52-source-manifest.mjs	1105	db7808699e8e3ec92153b03e623f61f3bf4892f5877cd9731dec91312e402bfd
scripts/pass35/verify-a53-source-manifest.mjs	1105	8cfd83bfc76c66f65508ca696ea9a24883ecc591096de2f41d725a5f8fb48169
scripts/pass35/verify-a54-source-manifest.mjs	1711	1e590ff6f09afc30e3233201d8fc45158007b1c19ebccbd4cdbd357ef8be67ce
scripts/pass35/verify-a55-source-manifest.mjs	1691	9b8c471aeb03a2dc48a8d0b8f13bc6f210e9afa3ed3b91dcb8c8e0f4b75af273
scripts/pass35/verify-a56-source-manifest.mjs	1563	5c72fa7b692c865e924009223cd2025df54c0ea9fada9fdd3afd62df0cd53dae
scripts/pass35/verify-a57-source-manifest.mjs	5055	ccb2dc69cf442f67384e5633ef15c13b28380036c63856cfff75874352149e63
scripts/pass35/verify-control-plane.mjs	129069	64fe0f7c8c2c7e2891eabed323f827f1869fa022b127222afb19a2d824444ef9
scripts/pass35/verify-flagship-candidate.mjs	4734	26e01b9dcf6ef5e6d9a311cd28a8b9ebb8d024c6821ef53005b69b57793cc0b8
scripts/pass35/verify-local-pdf-corpus.mjs	20155	2a5f48cdde6e439983a3e82278176eddb2a092ec68a36d54d622d4c7518263f9
scripts/pass35/verify-local-product-quality.mjs	24693	b33b5e3624bd8aeac286366406459933841eb8a1a5d2d06bb6cb90b9a86eb49b
scripts/pass35/verify-release-manifests.mjs	2689	20b81f17273f901563cd4dc81b7436b484269bbab5239d79dbcacc47d4280a6b
scripts/pass35/verify-source-lifecycle-classification.mjs	1812	3214e3d5f3898431100958404e2a4430484954657c7b4b8c3af31d154509c301
scripts/pass36/a100-incident-kill-switch-customer-communication-boundary.mjs	22294	13b82fec39b1ac7fd2623ff0add1b58deabdf7ba5508ce8a000b54f8012c3fcc
scripts/pass36/a100-source-boundary.mjs	2568	03a01cd821bcb8257eb26a088e5626e203be1f380e40f6f93e42d72ffdca763a
scripts/pass36/a101-slo-vendor-exit-recovery-boundary.mjs	28464	0c5c706dcd99a6e4af62dc36c96358211f64e44f0b756ef80509d55317c18325
scripts/pass36/a101-source-boundary.mjs	2565	dee03c7d7f9c86881769ff928e0c3ce6a797e5e2b47da0db07d88277ec8a31f2
scripts/pass36/a102-repeated-slo-vendor-exit-observation-boundary.mjs	21789	1fadb16370681331c8dd1ae9d029c1e8d41a70ed223aeeacd80561747d6b19a8
scripts/pass36/a102r1-source-boundary.mjs	3652	ac9d53be8d078b70e005c609ad27bef06a1dcdef90a008179d449e5b29197442
scripts/pass36/a102r10-source-boundary.mjs	4205	7ae081486327e62f3cc1836984f685018580e5461d0f71a2c7e0b03d9f0be47d
scripts/pass36/a102r11-source-boundary.mjs	4189	5d5979c7f5625263f79bb819d0349601651f8e63ac947dcb1d4297a5fe2fd4e6
scripts/pass36/a102r12-source-boundary.mjs	4188	332616a245e91693bb14a749e294b2101425a9fc119746fd483c5d7dc16db7e8
scripts/pass36/a102r13-source-boundary.mjs	4192	ecd1de1ed1256495450bfff4361d5752de34ad36716bdb30e1d176c2240e5db0
scripts/pass36/a102r14-source-boundary.mjs	4221	f4e5364afbfa211692dd6ed81437642123c27301836b93f1a2360a887c53da58
scripts/pass36/a102r15-source-boundary.mjs	4238	dafc59478b405c28773e931c657d14e2ff4df9efb23f5a27679cba77fec86f9b
scripts/pass36/a102r16-source-boundary.mjs	4214	4b18e8ea876b341825e2937df18b0693ce8a77ddf9ca10e09f019b4cc44e2417
scripts/pass36/a102r17-source-boundary.mjs	4201	74a843750e04c3e682c598b8583e46a38ebafc66278b9f3736669a5150f04492
scripts/pass36/a102r18-source-boundary.mjs	4205	052de219bcf4516b9c10393474930c0f814888be410cf1f3c4babea587b8f2ab
scripts/pass36/a102r19-source-boundary.mjs	3643	8884dc319166bd4cf610a4ece46ef493af7259d2d4a1eda2d5ccf68506e7a874
scripts/pass36/a102r2-source-boundary.mjs	3924	edb80d9dac1ebf9f4b73e2fb144e25fc954bc0664e4ac7264ccabcc151c14ba9
scripts/pass36/a102r20-source-boundary.mjs	3661	00eee8bd326a72734d0c45b8f60028efc6742e43f915cae446a4296a0788eae7
scripts/pass36/a102r21-source-boundary.mjs	3650	a03e00968395d2573f38f964cf7446fe2e6dc91b12d8dd417fcfad96ffc61928
scripts/pass36/a102r22-source-boundary.mjs	3808	463c7ec03f2cba4efd7628cac65605c0611f0734bd57cf5a00076d2b875d3857
scripts/pass36/a102r23-source-boundary.mjs	3813	cdf10a1623b00fbc9d10c5d39cb4a9f1a07230de982dfc50ed96e62176267b1f
scripts/pass36/a102r24-source-boundary.mjs	3808	457e8aac5b81bc8bd516c5ef55611243302abbefba7cde536f1bf624e1645b63
scripts/pass36/a102r25-source-boundary.mjs	3812	247bfabd7ce2ed9554503eb416be4858233fce05a75772a5c7e8c85b935026d0
scripts/pass36/a102r26-source-boundary.mjs	3826	7043fdec1e658a175ba85c8beb8c4b9982ad51b95addbd94b5c80f5736b2275a
scripts/pass36/a102r27-source-boundary.mjs	3824	99e42a3373431fa318d93a75fbcc3d3bad6c182b8ad7f9b74495b0891dc62bdf
scripts/pass36/a102r28-source-boundary.mjs	3815	b6f91c5d80d0083d0dc53e00537726e341fc94903caeb01c755fecf698748059
scripts/pass36/a102r29-source-boundary.mjs	3837	c7259ab3d8a841ca54a228b707a0e42fcf8000deca0a1fcbcd874aa3f398c4c9
scripts/pass36/a102r3-source-boundary.mjs	4156	0b04e8a80c08e071c310021e623526db436a9ee16f86d3b45d31087e1a9b9876
scripts/pass36/a102r30-source-boundary.mjs	3833	b6048f33cb652752671cf73c5c2815692aa13834448d1ecf6c52649d041b2b30
scripts/pass36/a102r31-source-boundary.mjs	3811	6c4fbcae802ea209c323dcd5392f809645865d07ed4fdbecc39cc416b9ea5ced
scripts/pass36/a102r32-source-boundary.mjs	3815	1117f4d5d5cfa360a8a5a9dc37cb5df4c37c93d7f7d3439580c498d6423b563d
scripts/pass36/a102r33-source-boundary.mjs	3815	b61cb8e4eba42351d7d67f824bf4d4d416d571d1b8eb47431fe3b2a1c461d37e
scripts/pass36/a102r34-source-boundary.mjs	3817	df5f11fc9886072ca3d6500e4659ef1eea0370ea2a85ba4215d4484ad41c8360
scripts/pass36/a102r35-source-boundary.mjs	3814	e9c1159d7ffc4e5658a500e1f2e21cf80fb3c822e02ddff867d6ab2fab533146
scripts/pass36/a102r36-source-boundary.mjs	3198	db14da3d596595cc835d100d7b681483e47a3d70c9c2a1b686127feb9f3ac3e5
scripts/pass36/a102r38-source-boundary.mjs	3209	482d38a0ef240f07f57d343732c0e4d54f209f5b673e3e8697d68b88501adc53
scripts/pass36/a102r39-source-boundary.mjs	4668	f7057ae675e5f15aafbf0da7b2d2901436e0a96d13ed1223b52c228ff8f26c42
scripts/pass36/a102r4-source-boundary.mjs	4167	16fae7957f4a23ff7f6aaff85b5c82e118ac80f80ddd2aa843f1295698e84358
scripts/pass36/a102r40-source-boundary.mjs	1198	31bc610d1f698313220287c940b2570d70e5ad8c0dc9d35c3fe331e591dd8650
scripts/pass36/a102r41-source-boundary.mjs	1539	5e95a70f2cd8a0848aaaabeb3f226037449f91710387f08191781c7b7eadbb91
scripts/pass36/a102r42-approved-change-policy.mjs	7106	ac36bd69d4705e58a8cd42c34aae717bce841c4fd92fde016c9bddccfa14c897
scripts/pass36/a102r42-source-boundary.mjs	2254	a524ebe675ed3ce8fe8e35befe214ed6f9179267faebfd3de223da7888bb7e41
scripts/pass36/a102r44p10-local-e2e-worker.mjs	3265	f19f7b16121aa557e3976d00d7ec32d8d7fbfb262eda5673d364fb64d67ec02a
scripts/pass36/a102r44p12-real-provider-diagnostic-lib.mjs	10875	6977d9d0fa12955d2984ac028269c3f54381fb27393194dc612bf47b943dd9cb
scripts/pass36/a102r44p13-external-accuracy-policy-lib.mjs	3124	09accca7dd155ca26866c1cc11ab40a2a978c8ef7a7ac35ed61488fc4b5f5f8d
scripts/pass36/a102r44p23-disposable-lifecycle-worker.mjs	452	7e88abb0e2a93529e9d10452ebc2a8f5547f3a568d5a5eb5eeeb851ea9ad052f
scripts/pass36/a102r44p25-exact-windows-admission.mjs	1130	a13c3c2860e10e0615663c299cba92d2a4b0d0b66baeafcbc634ea5555325a09
scripts/pass36/a102r44p25-external-evidence-lib.mjs	3768	3f9d2cb84fa69f8a520c80be0d93699fa785ab81650b1b2eb7d0d945a7d91044
scripts/pass36/a102r44p25-staging-admission-lib.mjs	5559	65b5e93af6d366649bab17853ce962ed47a652f456fa2966adf7b87db9ce86be
scripts/pass36/a102r44p25-staging-admission.mjs	670	886a15188281c2dd8e820b05a20fa9b4623b3757d49ce2b98c30ccdb970cbd47
scripts/pass36/a102r44p25-windows-admission-lib.mjs	2091	3daa6508d445574c62173df6f0e508cd0ff2cb2511d3c088fdd831d2e3de74f6
scripts/pass36/a102r44p26-exact-runtime-bridge-admission.mjs	2359	71e1648f9625cd0bf6435a7522a1a49e7c1d6fecbcb0f8040dd62e257bd7083c
scripts/pass36/a102r44p26-import-external-staging-evidence.mjs	3497	a8f09fee80cd775812194f6c72aa4f840550d582bf39f46cc3e284b5cc26b7c9
scripts/pass36/a102r44p26-staging-semantic-lib.mjs	5368	0b56cdd3225e57f3db1c23591ba364be2a054e2752ab22724046b78f1137c3be
scripts/pass36/a102r44p26-trusted-external-evidence-lib.mjs	4886	6f9ab82c8f5f1534bc1c125e7a7c32e41f2a4888bb2a98e8e4e4baa15edb4af9
scripts/pass36/a102r44p27-admission-race-worker.mjs	1064	35b793cd019eb9d1fff322625015b4b08fdca8dabbc2e20af81edbf627fc8638
scripts/pass36/a102r44p27-external-evidence-admission-journal.mjs	17709	b275e41c1c0be151191d0c0ddce0b630891797b55b04f8dbe77d5c5194bf660f
scripts/pass36/a102r44p27-import-external-staging-evidence.mjs	10454	5233eba7d1019c35f2bbe3af378f27f3787335a74cce5be9acef37d386f5a715
scripts/pass36/a102r44p27-trusted-external-evidence-lib.mjs	10512	a123d411b88739c0adc8173c44c91a407b3c26afaef570e934201b47e96b17f8
scripts/pass36/a102r44p29-72h-watchdog-lib.mjs	4589	fe847db3fc7636b22f42648c0bee991e29e471c10f9953fd53720b3cc78c0d93
scripts/pass36/a102r44p29-evidence-quarantine-lib.mjs	5536	e6d7f7fa62f0d8d5fb3ea91bd67ed8676370612dc63f740e2e35c8d422fd64ca
scripts/pass36/a102r44p29-trust-anchor-lib.mjs	6313	da982aa9ce84805238fe2a7d73e4eb18fa53ce40db321d67fab65a1164a29414
scripts/pass36/a102r44p9-local-e2e-worker.mjs	3264	1d85154809a5bcba642004527b07e37d5fc609931e3e36545c284ba409b2a75e
scripts/pass36/a102r5-source-boundary.mjs	4181	0d134a6798b1b4572be37f5dda875c6c69b9ce0c81fad3e3553154e7ce280c33
scripts/pass36/a102r6-source-boundary.mjs	4201	2cd8307a261a2a81f4c1a7df55e99d9f04c920e2049784a3eab53e604565eae2
scripts/pass36/a102r7-source-boundary.mjs	4209	692546552a0061b112332704ab3f7dbcd1156b51f28daa49dc68bc52b9e39439
scripts/pass36/a102r8-source-boundary.mjs	4192	623d864b403e6ef95fc7707a22de41a187acca01702173888acb8016277f4f83
scripts/pass36/a102r9-source-boundary.mjs	4196	c38f22fa7a6719b8e17702431cf4336f4ad850bd9d1279e396113a507d2a1f69
scripts/pass36/a58-result-validator.mjs	2465	a8eace80eda669eb22681d58573bf9de5b473f4d72e3487e040cd32385fee3f1
scripts/pass36/a59-current-css-dedup-lib.mjs	9506	5e32daaec05c70352969ac2d8001c1e361d3aeac49574ce9aaae89cf80b42fbf
scripts/pass36/a59-current-identity-lib.mjs	11559	dd33c4437ffc91c2d632947d58fbf120bf50a8afcd6c70cc444451c6d081e137
scripts/pass36/a59-external-receipt-boundary.mjs	4110	2c4516519b57d3957003eca763e4a7756258648a55074807dc9636156ed59ea4
scripts/pass36/a61-historical-artifact-recovery-lib.mjs	9444	a6d7a1ea7664a5d0c35d99a331e8966ad882da4a13b24d3065c75774a35eef06
scripts/pass36/a62-offline-runtime-dependency-lib.mjs	18888	1a200ad4969fb4afd6ef74a6b19a9f571b322905fb585a9bece9311c4c0baa40
scripts/pass36/a62-playwright-browser-smoke.mjs	1058	2e584118dfbdb4241529b898300d66b6c6875d8547164cf8194e9dc9c729c1f2
scripts/pass36/a62_browser_bundle_zip.py	1180	337ced8a6cf423f07ec2e933c1fd2ed39dbc22c5fc047db6f86a39c97daf36c2
scripts/pass36/a62_deterministic_zip.py	1189	8d03396769c7b3adaeba1c7d8ad2ace630f820aa56db563865e125c1f6dc7f5a
scripts/pass36/a62_safe_tar.py	4644	495cb9a41ce28a3c335c57a39dc946ca60e975d9fefb1c62d3a30c5eaafd63b2
scripts/pass36/a63-staging-program-lib.mjs	15520	07f8185a1b8fdac9f1bd7cbd2e51bc3cad3e190cc9910c1c0929498ad052c235
scripts/pass36/a64-historical-control-metadata-recovery-lib.mjs	5758	ae337e5988d6b60bd4c99a5a1f1c73e6fdc9be62a69786e68cd53fcdb324d1bf
scripts/pass36/a76-release-truth-authority-lib.mjs	13151	bc024c8c5ec286e4c326924a02b268992e0fc568464b64ebcb95d706c88e864d
scripts/pass36/a77-clean-root-migration-lib.mjs	17098	89ed58a0010381d0e986167949ea5e12319f15ad5eee06ee7529517b8633f3cc
scripts/pass36/a78-exact-runtime-bootstrap-lib.mjs	9723	101d04e1d2f51c05d3ceb5725cdb892ce58a1835b451f873d7a6b78a4673e08b
scripts/pass36/a79-exact-build-browser-lib.mjs	57048	2581b18b6212f3191171e1083465bf1a5a227f391e8ee603df6979af1909bbb4
scripts/pass36/a80-release-candidate-freeze-lib.mjs	12123	8b0bd91963da46431416ae6d0e002c6ba67beb9af1f93e237d6cd850660f242c
scripts/pass36/a80r1-two-phase-release-controller-lib.mjs	19318	ad59fc5c0e01606b63638d9d6ed06565a87b0c191306465fc52d310bfdb49935
scripts/pass36/a80r1-two-phase-release-controller.mjs	1632	8aa0b5e6b80d7c8b599531d75d55913d92d60c296ca36c4eb75de415d90bd78b
scripts/pass36/a94r1-source-boundary.mjs	10637	d1817e8164305dd55c81b82054ff3d2fb3fc87ca71401f8c6d45b5657852a018
scripts/pass36/a94r2-source-boundary.mjs	10922	8dc563566fee8cfc7d9a00a9cbf37fa5a3dd928e2d683c09ba84792c34ae1a66
scripts/pass36/a95-source-boundary.mjs	2563	e50e9d55ee391ca7d40715213798192fc16eb543e82140bc408d07c0c095ce44
scripts/pass36/a95-staging-subject-admission.mjs	1753	fb0720eb77273d526fb88a1485e14d65a6fde8a498eb583dc1cf58927f0c6f68
scripts/pass36/a95-staging-subject-lib.mjs	17644	b6d76e168fc40088a80f3e62b139b6fe141faba4e10f41926a39eed956b235ed
scripts/pass36/a96-rls-staging-lib.mjs	6381	be2463cda0b18acee1eaae177418600ec065c2ecd43a7aecedd10bb584409c3e
scripts/pass36/a96-rls-tenant-isolation.mjs	10516	b5d657892c9412b129cc7aaaaebfcc43daa4f544d34fe02f59f92cfd83ef6af1
scripts/pass36/a96-source-boundary.mjs	2569	335631b589eda4a02991f80b4579f79093a9e2dfb03225142e880bee472e2bb9
scripts/pass36/a97-source-boundary.mjs	2565	1af6254b2e13d51bb3be17f680cb38e9a6e35a85e0be8c9b0f3402a14d4d8ad5
scripts/pass36/a97r1-source-boundary.mjs	2565	6f3963203413b8288600857a0422e398761d47ac8a8d856867b4d428a833c10a
scripts/pass36/a98-email-storage-kms-boundary.mjs	17060	dd794d0c781ae54243f80f1da22ed3cd21c5f91e0fe7f48369e18393d79dd3fd
scripts/pass36/a98-source-boundary.mjs	2563	4f454ceb766f6db2cf2f3a9ad9d18f962a8126b3037f1d63fa983f3118c96476
scripts/pass36/a99-backup-restore-provider-loss-boundary.mjs	27313	9edd34eeff3603537ebc2ea50dc843c649618d6fa12cc78cd502084c015bac6c
scripts/pass36/a99-source-boundary.mjs	2562	75b8b37c1b5c94161592dc51f9b58b7ead6e8e22d6c7e4b219b22aa4a785e3f5
scripts/pass36/aggregate-a102r44p30-eslint-shards.mjs	4519	142e64dac5ad93ca5416a80ecdbc0566215bc40ddd89d56b21955e52ab8e7cb1
scripts/pass36/block-retired-staging-command.mjs	765	24290b786815d4b74e7671baf0b01949915401a75d567db7a7a7674843e92c69
scripts/pass36/build-a100-current-root-descendant-manifest.mjs	2317	8b7f7b5539a57f0dfdea2615a2aa303fe8879bf1a02d6b91dcd8d0241b4649c2
scripts/pass36/build-a101-current-root-descendant-manifest.mjs	2352	4aac9b25853ee606dd6336da47b8e77b94a207782c0b0ad7d08fbeb23d27588a
scripts/pass36/build-a102r1-current-root-descendant-manifest.mjs	2187	f644ccf9ec4c8a83679eec34cdf0fbd2bd0f1618abb47d8a59d0fe71fbffcb55
scripts/pass36/build-a102r10-current-root-descendant-manifest.mjs	2888	1e116c590504fa87833d8f3ce54bf258cfb51546efbeba8edacf4dbfea80b08a
scripts/pass36/build-a102r10-local-regression-receipt.mjs	4671	9a918bd70f6e179f3a49848cece6641607da22eaa933eec03a7f7152af952038
scripts/pass36/build-a102r11-current-root-descendant-manifest.mjs	3056	7522f2246924844b9d4d7e1b4f368e634e1716526943d2ea383eb0b9891c9df7
scripts/pass36/build-a102r12-current-root-descendant-manifest.mjs	3070	445e2cc4eb4565dea8e2cebd2ab2bf665fb5d471b700cfdcd8f99bbd2c9b3971
scripts/pass36/build-a102r13-current-root-descendant-manifest.mjs	2720	392e6f5ee32db18a98739317f5b04a0f790cf89ad568d8682a859e4387c966ca
scripts/pass36/build-a102r14-current-root-descendant-manifest.mjs	2366	5cef9beff9181e860f7396425cf883b87ae04e52dc11d199ea1c97631cc98996
scripts/pass36/build-a102r14-local-regression-receipt.mjs	4402	bc76a78773892ea37ec0e86e1562b5d9abfc721da34d91c9d84a9f9878b729b0
scripts/pass36/build-a102r15-current-root-descendant-manifest.mjs	2620	7c112967a16c3aff13c66a474c02cb177a5f6efff6f2149dde8f5ef0bd359ac7
scripts/pass36/build-a102r15-local-regression-receipt.mjs	5338	1e35267ad36999cd9b5b9e954e05d69f0a216bbd765fb0b37e9f6701fa7a233a
scripts/pass36/build-a102r16-current-root-descendant-manifest.mjs	2710	4f55668da2c4c8448c5b89cf4b25af53919ce885dc0f3512fe2f089448a6bf96
scripts/pass36/build-a102r16-local-regression-receipt.mjs	5128	47bfefafb76056416250646a7ed58689c41bc6ffa46cffd8afd62eaf2d368487
scripts/pass36/build-a102r17-current-root-descendant-manifest.mjs	2924	e9edacdaef0b75cc80456952e61f2af2d07953edd52b745cb93ce7c519e68f42
scripts/pass36/build-a102r17-local-regression-receipt.mjs	5219	11b1fac59e0bf168ea493607c639dbded41c2a58b1722a86d99d12a8fa1350ae
scripts/pass36/build-a102r18-current-root-descendant-manifest.mjs	2301	5c5f0d227b3e93f43f80ca6012394bad9f74162720c412dff5af26a9e7055b9f
scripts/pass36/build-a102r18-local-regression-receipt.mjs	4915	539c8a0bc6dde6df2339c2be858c445b0658549b72743250bcac8d68e4960c20
scripts/pass36/build-a102r19-current-root-descendant-manifest.mjs	2380	14320e16df18d0280d4657c61e81027ed023865c8d5556381838b174b96a01d7
scripts/pass36/build-a102r19-local-regression-receipt.mjs	5060	9dd9997ae7224e2539cd50126aef6598a606c4164447700a5de033d7f81ddda2
scripts/pass36/build-a102r2-current-root-descendant-manifest.mjs	2482	a1ae07ed47a0b05bdca09e40beb1f90133bf738dd858ae2b3802af5f9d7ccbe0
scripts/pass36/build-a102r20-current-root-descendant-manifest.mjs	2596	3f94889ac084fb6254298776ed74542f0307fbb09a32f0220cefc9b01f66709b
scripts/pass36/build-a102r20-local-regression-receipt.mjs	5262	196f779c586885625842d6cb3fdb8ce75c9e2433c4630cdb814bd459e904ba1a
scripts/pass36/build-a102r21-current-root-descendant-manifest.mjs	2686	048115be8f79899cb495a6492ab36edaaee9e0b7532369c77ba7d02128c4e992
scripts/pass36/build-a102r21-local-regression-receipt.mjs	5161	f66aefd9abd5cac6362c91f1a37ad7488487c8939fa6302950f40cb401d74945
scripts/pass36/build-a102r22-current-root-descendant-manifest.mjs	2520	c407579043ad5335b07122d7c69b5836fbc6deb68b70a642a86304f1d0b67582
scripts/pass36/build-a102r23-current-root-descendant-manifest.mjs	2489	02c18609f955663fc3e9972cb2673c587d46a1b24f98517b61ecebb7b83cd146
scripts/pass36/build-a102r24-current-root-descendant-manifest.mjs	2593	6ffe0c08e57e94e7bff6130a84dfdbeb899f8bcbf6c0b45fb67454e57d8e6f4d
scripts/pass36/build-a102r25-current-root-descendant-manifest.mjs	2514	3b4695730459c16d819f8d1d288671482f2a7fe35485a5331bc4775f42d3eb6f
scripts/pass36/build-a102r26-current-root-descendant-manifest.mjs	2840	d5adc2f342eb042a7b0b6a7a37df41d400be7e81e481268285c317e3ec6a62ba
scripts/pass36/build-a102r26-local-regression-receipt.mjs	7972	6386131eb363701ab3c1016d35dee3d3545e03e748ad27be13f8ffe74cec42fa
scripts/pass36/build-a102r27-current-root-descendant-manifest.mjs	2556	50225165fc0594db37468c6113e8c032c9362106f7b4557ea7bd9c6dfd992e2c
scripts/pass36/build-a102r27-local-regression-receipt.mjs	7557	99d724ffa9bbaae5b41442947f64406a6c89db4e43fe25d8217123e118c888a1
scripts/pass36/build-a102r28-current-root-descendant-manifest.mjs	2552	e91d59ef0d65765444918d0407f5b429d28eff160976b5e441fe3d0b6b3ae29f
scripts/pass36/build-a102r28-local-regression-receipt.mjs	7779	889d57fc4404b28b8c09ccff218e4b4d74527dc41a8665691e537ac5ada77eb6
scripts/pass36/build-a102r29-current-root-descendant-manifest.mjs	2492	2da0a0904672647ab5572e6992c2b58fbbf01b433fd5ff33e374f56bec2379e3
scripts/pass36/build-a102r29-local-regression-receipt.mjs	7926	7fee6a76ab5d9aedd5178d3f1642d6fb7ad6db474fe0bda33dcbc4d5551bb231
scripts/pass36/build-a102r3-current-root-descendant-manifest.mjs	2765	76278e3f63bddb290dede9eeb81f780441dbe4e54b7748bc002508c21248ad3a
scripts/pass36/build-a102r30-current-root-descendant-manifest.mjs	2575	5da8750b6e1450d3a47ab9aaa680af06f7cc7160593e49c272a1de890e7fee02
scripts/pass36/build-a102r30-local-regression-receipt.mjs	8261	f2ba2beaf2c286fcdb74429941072ac8e64df30c93f1bf2a68757fa945041def
scripts/pass36/build-a102r31-current-root-descendant-manifest.mjs	2493	28bb18eefdfdb480dfa1320bdd249989e52fa54723dc5fcf1b4bf3f2b7c27707
scripts/pass36/build-a102r31-local-regression-receipt.mjs	8369	0b866b053460f9f7ae0848b9349e8d35ddc0bc23a74efafd855d16165807d3f0
scripts/pass36/build-a102r32-current-root-descendant-manifest.mjs	2428	7dcfcde091cf1f347852361b09a60490dd9df617135ad9d8de180a1965353c83
scripts/pass36/build-a102r32-local-regression-receipt.mjs	8516	4f025edba4d08b55902e50a0c55fd849958c54439a9fce439646fa094402c08b
scripts/pass36/build-a102r33-current-root-descendant-manifest.mjs	2405	a73e67b83507c5f8791188bd91c3fef0f1e232c128d830fd15cae1b592890cae
scripts/pass36/build-a102r33-local-regression-receipt.mjs	8472	b2afb4c899490270d668a4c5de949c147d57a1182cb5456a8f70fca65fee1d72
scripts/pass36/build-a102r34-current-root-descendant-manifest.mjs	2436	6503791d2f76e46a1628d739579a2a6a871ad4e726dc018957b1690c538330dc
scripts/pass36/build-a102r34-local-regression-receipt.mjs	8096	ebb6e752bfb6a5805499f626a2dffeb1133650c5ce046516dcfdfe52db1f10bf
scripts/pass36/build-a102r35-current-root-descendant-manifest.mjs	2413	4b034c9229289efad3aa2a1da40a74fc007f7a91e327c9dc242ca7a19ef04726
scripts/pass36/build-a102r35-local-regression-receipt.mjs	8234	09acfe1aff1f15837c3c645595716f0175932ca6fb95cbcfa37f2cdf0bcbb615
scripts/pass36/build-a102r36-current-root-descendant-manifest.mjs	2345	9e25e98cedb84303afdeb2a0bf7d386220ca9578a532a5aaac9573ab7f2bd14c
scripts/pass36/build-a102r36-local-regression-receipt.mjs	5151	651a38990d3673a5707f5ceae8f7de03236037afbe02c42e3de1bbedbfe52792
scripts/pass36/build-a102r38-current-root-descendant-manifest.mjs	2417	0d25b8898d40b10e1c70cfbd19519403092ad6c1c0d45203d2c1ea8bfd4e95e8
scripts/pass36/build-a102r38-local-regression-receipt.mjs	5608	c23956dc75af136e617723c6ec17b30850540a2820c53d98567d21624daed616
scripts/pass36/build-a102r39-current-root-descendant-manifest.mjs	3609	cfbb2f3de179736d801175255a6d86d8b9b8226b99262ccc73c3b0ddb1ab9ac7
scripts/pass36/build-a102r39-local-regression-receipt.mjs	6209	a2329d18f83a8e3e8639ebc0e49c728dc79a443694b429cfaaab54d35edcdfdb
scripts/pass36/build-a102r4-current-root-descendant-manifest.mjs	2781	ed39d6845b7b3d9c577412fa7c419ae0dd446a40572b654c109124ee8d34076b
scripts/pass36/build-a102r4-local-regression-receipt.mjs	6107	ddcf0373b185a567d29b8e123208641dd3045e4696cb5867cc7d2cbf2fd5e1c5
scripts/pass36/build-a102r40-current-root-descendant-manifest.mjs	3588	6de89148ee4363b35092934db44c3a6b2a208b161c2c0997b99c020f1ed33293
scripts/pass36/build-a102r40-local-regression-receipt.mjs	7972	3c6f986d2b5ea1901d0699fbf76f290b04ab48db657b2fe8b320f0104f7928a6
scripts/pass36/build-a102r41-approved-current-source-changes.mjs	5834	91de1d23fa88bf03207f8210ec14dec268d627a15aee030075baf939ccc94ad8
scripts/pass36/build-a102r41-authority-files.mjs	98657	3dd42364d5f123cbdbad510c9e679d3debef772caba598c7fc7ce9d8d9db79ff
scripts/pass36/build-a102r41-current-root-descendant-manifest.mjs	4546	2e09f75283623fd13539242fbe9befb4b058da8e7209477c378ccb3839739429
scripts/pass36/build-a102r41-external-integrity-seal.mjs	2679	5f3fe808ffde1370615548f5ac12471e0873ea5f166cd91d7cd9f364eee9e075
scripts/pass36/build-a102r42-approved-current-source-changes.mjs	7481	2ee2bb61c6ce4a0757583daca2defeb2bec9ed1ce6e9561c9a5db19fa0744beb
scripts/pass36/build-a102r42-authority-files.mjs	69184	a67316074fbdb6f47bb8dcf6d6805725e27e2f4d55db091af0f12cd66c74b3c2
scripts/pass36/build-a102r42-current-root-descendant-manifest.mjs	12753	cee14fe95ba00c07517dd6e86b434cfebdd0b8b4df0993dc27f74428b577a3cd
scripts/pass36/build-a102r43-ui-performance-authority.mjs	11244	8c6f2568ebea8bde8901b10770c779efb31561f7547574627971b05be31e3f03
scripts/pass36/build-a102r44-final-ui-polish-authority.mjs	22396	066f2b82adc3572d37523ff6d90981a025e3ba2faddebdfa155b3789678eecd6
scripts/pass36/build-a102r44p10-source-manifest.mjs	3351	f0b97316285633d6f739a011ad9e567a319be328f8152162998222e1294c8b46
scripts/pass36/build-a102r44p11-source-manifest.mjs	3387	34e4dd6a488c587d04d1d40700473383ffeaa4dc777f8a4c1dd62454d842652b
scripts/pass36/build-a102r44p12-approved-source-changes.mjs	7371	55a09de213b08bbbdce5a8f45971cb0b0ed2f8c64256e1d9fc052256c5684758
scripts/pass36/build-a102r44p12-source-manifest.mjs	3386	10011496febca9c4c221ea78af232c24f26382977e334bfde9c83f8e803975b9
scripts/pass36/build-a102r44p13-approved-source-changes.mjs	5339	87aa1b760d698106cd3f5efa571682a92b11e9eb0686d8594e1638e882ad1217
scripts/pass36/build-a102r44p13-source-manifest.mjs	2889	bf951e6766552ad9620ca0aa6a3dcb14c55c17895729b8b90fe56b8f97eedec6
scripts/pass36/build-a102r44p19-commercial-readiness-matrix.mjs	1449	ed1b2121e5b5ef95b49a8384e993ea60ce682ef773a8e61add0c985e43049984
scripts/pass36/build-a102r44p21-field-commercial-readiness-matrix.mjs	1814	1e6a569e2da49ba39e2f6a45dd46540b9f3433ca28d4c05bada85e7bd350d113
scripts/pass36/build-a102r44p22-cross-asset-customer-stress-matrix.mjs	4516	de9d95f14cfec1a2f6802a743378288e67600177fa9feea28a32419bfb23b730
scripts/pass36/build-a102r44p22-ruthless-customer-matrix.mjs	6541	1d0f5bde20f0cc6411c39c41c1a65ae6dcb164a728dba8b4a861d1e7b8ec3000
scripts/pass36/build-a102r44p22-ruthless-product-tier-table.mjs	4618	92649536620e1e1665fa039b855edabddea6d19d919d0ab55f2b644a4464d813
scripts/pass36/build-a102r44p23-lifecycle-persona-matrix.mjs	2499	4907de3a9b06a3d1171e5de9f72f4bd47bc3eddfa7e63563d1ff61c4df7d6e1a
scripts/pass36/build-a102r44p3-source-manifest.mjs	5371	abe4d111fa720b8e16ffedc9c7c3c48ef9b4bb373b59b002ad1a40bed5a628a8
scripts/pass36/build-a102r44p34-dynamic-product-scorecard.mjs	524	a828da668ca3c71e48f8033d085dfacd50c9297e32251a345c1f733860893e43
scripts/pass36/build-a102r44p34-psychology-customer-matrix.mjs	7031	9e826ff87973c4d53a13b87d193eeca7a09e5cd435c252cecdd38a351f5aeefa
scripts/pass36/build-a102r44p35-dynamic-product-scorecard.mjs	586	fca111f998b6574e384ac06ab44ffaebf7890f46314d2c097b0d6d496cfb854d
scripts/pass36/build-a102r44p35-standalone-psychology-matrix.mjs	5010	5f123853f551bbaa9dacb2abe21aaa11adbc5775af75d2949a7377277a8702fd
scripts/pass36/build-a102r44p37-source-manifest.mjs	2986	d7a04ca35fe6cf72521b1219289cc63836b034b96f5f43df99e9073b4b6adc0a
scripts/pass36/build-a102r44p38-source-manifest.mjs	3058	b0ca8f65f003d521d9cd4d3d358fb624a1cfb6ba2e7390e39b865524b17df1b9
scripts/pass36/build-a102r44p39-source-manifest.mjs	3075	5cd98ac23fc62a02a351010a5f9d0e51e575df9f8b1976bf8bf8071043d27c57
scripts/pass36/build-a102r44p4-source-manifest.mjs	4133	8374ecdc8d4919e646b523d024becb56d74652575d2e4fc8c01f7329773cc2bb
scripts/pass36/build-a102r44p41-source-manifest.mjs	2991	b00ab518ae6ffc9e4db846048b4da039b5fe340473e4822805d6f17da43dbaa1
scripts/pass36/build-a102r44p43-source-manifest.mjs	3009	cf344de3f74d6612da2a7dcad6dd45e4899a1ae4db9129d3a723bbbe88d658d0
scripts/pass36/build-a102r44p44-approved-source-changes.mjs	2505	a4a845d391ffd74a1dd59131e80a07b0bbf3658cae4fd03601447dd5cb8c284c
scripts/pass36/build-a102r44p44-source-manifest.mjs	1264	4b3da3b29eb6a77fd31c0aeae7cc9d5097085582aabf3dcbe52af03f38e22f40
scripts/pass36/build-a102r44p45-approved-source-changes.mjs	2128	af436ba5d6830bc8687caf8873cc9cd8958eefd8227cb5aa69aab9b8ca26f71d
scripts/pass36/build-a102r44p45-source-manifest.mjs	1223	9028a928d8ed7b79591de3209b1d49b312e430be2014776278b07e85d1e7c5a1
scripts/pass36/build-a102r44p46-approved-changes.mjs	3946	8c2dddabed86bbe895730ff8f62f8b085d685b469299318693f3524eeeafaba2
scripts/pass36/build-a102r44p46-current-pointers.mjs	8172	0f22841f65bf6dceecf438396056202e8ec1b4b1cdf45f8d6a5acb5b095ba680
scripts/pass36/build-a102r44p46-source-manifest.mjs	2267	c75605a0ddd3a94ba917211fdb9d2bfbfc63e906bbee33528c3dfe54b91f85b7
scripts/pass36/build-a102r44p5-source-manifest.mjs	4111	a0754a367497cbb0f71e67b48e07e7ef17d1ee2f373d515af0b30f9e8af87d88
scripts/pass36/build-a102r44p7-blind-adjudication-packets.py	6377	c16072569cc9bee69cae1c2b437c652c24f3b4bd19f10bb7930b37260c9f7e5d
scripts/pass36/build-a102r44p8-source-manifest.mjs	3920	c40d54b39246159ad3b1e5f555e872ef5e5f33ca5eeb6bcb9f841705eb84c125
scripts/pass36/build-a102r5-current-root-descendant-manifest.mjs	2792	846ede16ce5ea289bf0e18e842324bac17a273b3594a6123b4f17d0abff3edf4
scripts/pass36/build-a102r5-local-regression-receipt.mjs	6970	10e7346d127d626aaaabdb39cf518623f4f0ba955b7e4ea7902e58e29680d47d
scripts/pass36/build-a102r6-current-root-descendant-manifest.mjs	2795	2dea76944892291abb73f05441c5af15e5d169bd26a89677c16289d1f9c43f17
scripts/pass36/build-a102r6-local-regression-receipt.mjs	7369	f9e06dbb5854b2cd3e5cd12935207befec4515c32e35f849b6c24e0c6fb42645
scripts/pass36/build-a102r7-current-root-descendant-manifest.mjs	2800	c712ef4e328c4af33fa26b564c5330ebae45505c878b1b1bf9b5915b17d89e17
scripts/pass36/build-a102r7-local-regression-receipt.mjs	7763	edf5695791c688bc2dd990001b23d447c3d9b6c93afe633d83cd4799dbe714a5
scripts/pass36/build-a102r8-current-root-descendant-manifest.mjs	2784	56d19c99e1dc4baa8c6b342bbe3a6e4c53cc3d8bd23de26ff5ec2d63edd47306
scripts/pass36/build-a102r8-local-regression-receipt.mjs	7860	df1de4738250ece0a98e910a4d4928d18146e2f08c95b69b3da638937ada297a
scripts/pass36/build-a102r9-current-root-descendant-manifest.mjs	3075	e841852ba8454edbb2720c72a16a32603d9c2cccbeccca6f117fe05268fb1813
scripts/pass36/build-a102r9-local-regression-receipt.mjs	6317	4640a4b7fe08c45f69ec5d643e631e1167c7115f5d5941a629b6440b6a61d420
scripts/pass36/build-a59-current-css-dedup-receipt.mjs	5145	b0060a5b998af9526cd1c3653915e70ab9b9fad552baf6a2650af67c5f703739
scripts/pass36/build-a62-dependency-bundle.mjs	4337	4c5f81b1123695fd0355519d1ab291e12e0310efeb8ed510508ac7292fc93c37
scripts/pass36/build-a62-playwright-browser-bundle.mjs	3748	ecdbe67575dc0b838f61e6de377e5c98152e709a03e292022a308b8ff32acca9
scripts/pass36/build-a77-clean-root-genesis.mjs	3348	e1f964fffce7db44345814b6cddaa5920c82a5a106f2b545d250d486157bf0a0
scripts/pass36/build-a78-current-root-descendant-manifest.mjs	1923	eb335868aca3a92e9393397ea86321c9367186c7f65ac2a198b60220168bb8b7
scripts/pass36/build-a78-local-artifact-availability-receipt.mjs	3590	5b08d6c419520cfa0263ab841f57c37ae1f92a51630a3900fcaead9e767dd9e8
scripts/pass36/build-a79-current-root-descendant-manifest.mjs	2274	aa938241ea86f6685baaf91aa7bc5323a5d2217383f2fc25a6f4ba8b8c089483
scripts/pass36/build-a80-current-root-descendant-manifest.mjs	2263	4afd30c5eb5a8d3bd4193aa86e6e2d458b0ae192a4ca11cdc5cb9978951df560
scripts/pass36/build-a81-current-root-descendant-manifest.mjs	2816	4ecda2c5a7a7d74586c6238e4a40e9c614eac5c99bdf3c2007278d9e6fa53655
scripts/pass36/build-a82-current-root-descendant-manifest.mjs	2300	38674c76518a9acb51719b2745b8e09d75c9822d7c027abb14ebc6452abddce0
scripts/pass36/build-a83-current-root-descendant-manifest.mjs	2320	f4de9dc50420c5469ab7cb08d85759c9a29079fd8b0a2bc25d98ca794bf92949
scripts/pass36/build-a83-source-evidence-summary.mjs	26530	b66ccb7b8df1cb3a18734cd20992cc1b34c027083cc203b4d43c5e6ebd7bfd61
scripts/pass36/build-a84-current-root-descendant-manifest.mjs	2766	ed50534b5aa91bfaedb96d89f8ce788535f24f01be4aeaa759daaa34849c4f7a
scripts/pass36/build-a85-current-root-descendant-manifest.mjs	2734	43ce4c18812666cccaa9cfe8a9f11c22a6730ec7f68c5759d863965d5b9bb15f
scripts/pass36/build-a86-current-root-descendant-manifest.mjs	2942	0fd8c144e8ff8fea8218ca2133f19c800ff30fbf18fb8ce541d424135c6e3733
scripts/pass36/build-a87-current-root-descendant-manifest.mjs	3186	e4518562531eeef74ae8ffc4f3a0c5f5579ccb7ea042ee35154a200122af92eb
scripts/pass36/build-a88-current-root-descendant-manifest.mjs	2933	e42b68f833482146c2f31f75c12e812fa21f57b69bf50104fef593ff1fa3fbfe
scripts/pass36/build-a88r1-current-root-descendant-manifest.mjs	3460	8ed49b15ad31a57240597815f41202c988fbfac518e54cdda7169cfa7a2d4723
scripts/pass36/build-a89-current-root-descendant-manifest.mjs	3131	d57e129a5ff7aceb55b6317ec70603a7f6ae4ae51f4599fbb943bebf087348a6
scripts/pass36/build-a94r1-action-required-descendant.mjs	2807	ea6651bc990da31625c01abf0204aa7dfaacc82a68bbe93f61a542f69a12868a
scripts/pass36/build-a94r2-action-required-descendant.mjs	2833	c2622251263fc0bdba5046ab63a7619745b1ed9d8d64a90811cbfa7aa1912bfc
scripts/pass36/build-a94r2-change-set-summary.py	4070	ebb0db5da66b6c0d57563d8b9e91d4faca307673bf23345a4388fb84e64cf0b9
scripts/pass36/build-a95-current-root-descendant-manifest.mjs	1719	968fb0c938da83b017f0b06db42e8d4231470bd58e1cbaf139e6dc06fa81b1c3
scripts/pass36/build-a96-current-root-descendant-manifest.mjs	2014	8c774566e32eb581da26789412c22ba1b4ea1cb861e6aa63620110046c318709
scripts/pass36/build-a97-current-root-descendant-manifest.mjs	1852	11f714f984e02ed18de620084a4752a54a4e0ec7609e25190550a3568a7d3592
scripts/pass36/build-a97r1-current-root-descendant-manifest.mjs	2049	b8d2cd81eb44d8114df3b74789301f514296fcd1f13d559315046f331b40ea35
scripts/pass36/build-a98-current-root-descendant-manifest.mjs	1940	4f0d848b851f73d675d010ab65cb6f9a36b212b6a6722b4d99f6a1df2c7ffa00
scripts/pass36/build-a99-current-root-descendant-manifest.mjs	2307	3b322818450e93d3a1125b423d9100667020ac0e4b873fef8487834386e7afb1
scripts/pass36/compact-a59-css.py	8441	5be6ea1dae840e66bc9df89b2562bfd4aa732b55431644b0064cd5b9996d3ecc
scripts/pass36/current-source-authority-lib.mjs	40541	e5cc9d0006cf509ea5605a758250ac100ee59dc489682412bc12e022102a8e49
scripts/pass36/descriptor-bound-regular-file.mjs	2206	0caa6dad3c40532413815f2ef744d3c796e77b31c0cc6f0aa48e34863c50c03b
scripts/pass36/external/r44p31/r44p31-external-ci-storage-kms-email.yml.txt	9907	eefd1c431fadb35f5b3df4cbb8b35401cc293c8a209b6614b4a06c4522a53439
scripts/pass36/external/r44p31/requirements.txt	14	5f3e322872951a58eebc0588c8a4a6b1f91634c90069190cf7a69649aba881aa
scripts/pass36/external/r44p31/run_external_storage_kms_email.py	18288	d686d755c2eea02e07bb6f393ef1b13b12d8b3c43580e49c891f164b40dab7e6
scripts/pass36/external/r44p31/verify_external_storage_kms_email.py	5504	85b6b97493e07d3343cb6ce916910b5a5720b85da0690e7d6d1664c5192e79ba
scripts/pass36/external/r44p32/README_TRUTH_BOUNDARY.md	664	99dce98221ff52b57f01066ce80ca73b5891af73a96787e1c2cfbf0b62aeceaa
scripts/pass36/external/r44p32/execute_local_stripe_lifecycle.py	5089	eff5a7fdbf2aec3a36d174f666628aa7a3017f3a15860c74fe9554501d7e6ac3
scripts/pass36/external/r44p32/local_stripe_api_fixture.py	4565	d60fc2406884afd3ecf3294dcfa85ca86c6ed0c282491d16f57b37c78cf01d09
scripts/pass36/external/r44p32/run_local_stripe_lifecycle.py	40686	282689860c39f7e092ffa071b4138274b52f65c94651206f2c1acdde45c2a903
scripts/pass36/external/r44p32/verify_local_stripe_lifecycle.py	8916	3caf8c08c236e34457beaddb3253cc14656f671f2d391bc52bd23481be0bc754
scripts/pass36/external/r44p33/README_TRUTH_BOUNDARY.md	614	0a46c409adc0ad6b1df6957fb7a746b56970f4cf5982315e2fa7cac96cd1e775
scripts/pass36/external/r44p33/WORKFLOW_SNAPSHOT_METADATA.json	1183	04116a8be5aeda13e13f39a98379b301b1d2c176c8f5bbc7407cb713ae1df353
scripts/pass36/external/r44p33/run_external_stripe_mock_protocol.snapshot.mjs	21572	ae301ddf746f1974ce3ea730642dbd07f854ef01ac957b7ef853a52a8d7f1721
scripts/pass36/external/r44p33/verify_external_stripe_mock_protocol.snapshot.mjs	8903	01db598141ea153caf2968bbeb55f84b7db4da2610e0d40925770c0c9c085296
scripts/pass36/finalize-a59-css-receipt.mjs	2476	52ef1d04af6806cc17b604dd40bcab5621c62c36ab02d3da631b312643dc39cb
scripts/pass36/generate-a102r44p2-sku-pdf-samples.ts	5092	c9ab099ca4b6fe9a99d177f6ccd309f9f3be055c0190104db15a909a76f8024e
scripts/pass36/generate-a102r44p39-compiler-packet-pdfs.py	3810	5fc15b03fe2e8cfd5a4272e5f8fb7284602ff7ea1fe84a194c408fb52470e097
scripts/pass36/generate-a102r44p4-official-tool-tier-packets.py	13573	c2f5df253e352269f3e68069eb438c6a483b3e5534ff60513391d0e168de791e
scripts/pass36/generate-a102r44p7-advanced-evidence-packets.py	30105	04aa818f3beececba66792dcab5682ec95d784d56ec008b666c241e437af169f
scripts/pass36/generate-a102r44p8-accuracy-customer-truth-packets.py	16062	5121980ca9d9c2684881f44dd82b95f467786d35a662aebbcb7da4f15d3af828
scripts/pass36/generate-a83-browser-lens-pdf-corpus.ts	1722	ea399a004ba4b6ba92e9b8a4dfdfa4dda0b7f2612cfdeaac816cb41ae4b2d941
scripts/pass36/historical-descendant-chain-lib.mjs	26503	57943c8b829e172d52044f599183497f0a4658db959978b7dd538f377a706a94
scripts/pass36/package-a100-deterministic.py	7022	62caaf8b4005a807e1d53748a5c515e0ee5ca5fa040db7cba5ec06306bd14a59
scripts/pass36/package-a101-deterministic.py	7019	fe62f67811e1759a7de297c9260a41608452299f0dabc9e942b9fd5848d48349
scripts/pass36/package-a102r1-deterministic.py	9450	913d4cd29162800815ae11c7f5a455b0c4e29bcd812298875614ffc781ec86b1
scripts/pass36/package-a102r10-deterministic.mjs	24776	a513e77f1f7b3d5d368a8929f06c6fadef785bb06e0b8ef7b82358ada1fb7495
scripts/pass36/package-a102r11-deterministic.mjs	24759	415686462fcbcc42b07c14ceeb998516ed185f7124a1c401c0dbd47fa5c374d8
scripts/pass36/package-a102r12-deterministic.mjs	24758	bdaa6025c99bfa84656b4f84de5a4c2d0622b3db183dc1ed956f1c2cd02afa16
scripts/pass36/package-a102r13-deterministic.mjs	24762	aba16dc572ef83b87d40d36d85620f9f164eb44436c6d9c44d5df86b51552214
scripts/pass36/package-a102r14-deterministic.mjs	24791	88385b283e19e8a93e49effdbae14fba3d1525903c2e873dc01c0e1e52cc2a02
scripts/pass36/package-a102r15-deterministic.mjs	24808	d122bd4c2fd41b5834ed9fe7963894e378980ff0b10146929658df671d52c545
scripts/pass36/package-a102r16-deterministic.mjs	24784	77036d89a06d590cb8602ada14cef3313f68055bfad3d4a32a10bb6712ee6d56
scripts/pass36/package-a102r17-deterministic.mjs	24771	2259f2d91701e7d97d12f7771293d8b153da619bbc5d0cb490204df05504dd71
scripts/pass36/package-a102r18-deterministic.mjs	24775	26dea85b235f490b67f5e7e1bffadd569a38a060f99dd218ffc40f4213c8bcc5
scripts/pass36/package-a102r19-deterministic.mjs	24777	b06abb69314813bde43d96b15317354e945ec109c81cd2473c11fdb790534ad3
scripts/pass36/package-a102r2-deterministic.mjs	24660	e0560d8ae4353928eb7527080ea5f69c530620d5c45587978f77e5d634669f67
scripts/pass36/package-a102r20-deterministic.mjs	24795	3168a4f40cad0918286e829fd7d7f93300ccc8c3bf5131b26ace84345a190ff7
scripts/pass36/package-a102r21-deterministic.mjs	24784	28dd4118838b94d0e0bf5998dedd1415a41f81c40a9ac161f70aa2731cd2cf42
scripts/pass36/package-a102r23-deterministic.mjs	24765	662b717b4e2033ac4ec8a8b76e353d885ddff3d4b65a5222c337118a3b778cc1
scripts/pass36/package-a102r24-deterministic.mjs	24760	8133664c70c3e5cf08045520c12a40ad46847dd51dff1bd76788f69077db06c1
scripts/pass36/package-a102r25-deterministic.mjs	24764	6398b3f57d0c0f4fef09eb4b5758ca7f75e338593bdc716cfd43ef4a44a42eba
scripts/pass36/package-a102r26-deterministic.mjs	24778	954aeccad056bbafc9f56ab8b65d4ce428811d74271f50534919b8f93ee2ad87
scripts/pass36/package-a102r27-deterministic.mjs	24776	9c6c26bcaae8a58b638296dc945c179e9a359bb089d931a8f85105575cf28c29
scripts/pass36/package-a102r28-deterministic.mjs	24767	f9cb90ee85b904c4131ca5b29e6f56202f165c4f2fb1d8e01adc578872efb88c
scripts/pass36/package-a102r29-deterministic.mjs	24789	59c8133690b5cdd68dbbd690684e7259dbfe68c28e425aeb44e658e588223995
scripts/pass36/package-a102r3-deterministic.mjs	24646	0250163599d44c140939d070adec119672c5e2ab44efbb4863f7cc6c552defe6
scripts/pass36/package-a102r30-deterministic.mjs	24785	3f6627a8514312b66fdefda63afe1ed08c5bf0a59e1af2e5763b0ef5d810206b
scripts/pass36/package-a102r31-deterministic.mjs	24763	853e5a38d507ecd0238f65367b3853181ab94a997100d5ef0ecd1b6ecdd60afd
scripts/pass36/package-a102r32-deterministic.mjs	24767	2b66bcabd6c5f6bca5712c9d61bcc105347862fc3a2274757cca7d9b11a1e8c2
scripts/pass36/package-a102r33-deterministic.mjs	24767	995cefa4de7f9e05af7337dba66cffdbc84ce92b41809a835868965c12b71e89
scripts/pass36/package-a102r34-deterministic.mjs	24769	58b8f8457df7eeaaee5ea5dfcb332e66d16dcefa2bcc817d4540e9159f7eeb2f
scripts/pass36/package-a102r35-deterministic.mjs	24766	fc45c19e43419bd9478901dad67a3b330980ecbf518ea7dcd7af6f67086d959d
scripts/pass36/package-a102r36-deterministic.mjs	24760	c6cc66247edc5fa90b2c5d4d5243accc2968f14449310076548a7c3b6fde4a7d
scripts/pass36/package-a102r38-deterministic.mjs	24771	ed58e5decfad35ff856553c8355274026da1b6c654fb438321ee69b058ef0779
scripts/pass36/package-a102r39-deterministic.mjs	25485	07b55ba29bd1697c7851bd7281364fa36ea26d7a6bdbbb27a1be9090659f4fc1
scripts/pass36/package-a102r4-deterministic.mjs	24657	8bae604fb9b05c4b5a85e741d99bb9c7ddc460bd1823fe2aaa2143d6736090a7
scripts/pass36/package-a102r40-deterministic.mjs	25555	e42b1e7b20cec5b8a31f23530a764b38d5e09218fe15208cab8e0233a110730f
scripts/pass36/package-a102r41-deterministic.mjs	18091	bc2d4964a58d5d94543b07d761771debf60c06aefef9d36277e70c06f0e9959b
scripts/pass36/package-a102r42-deterministic.mjs	21032	4978c3b0fd7ebeb9ad686dfecf000c76af198d574d23f10b5c91f1c5d2d8e915
scripts/pass36/package-a102r44-deterministic.mjs	10404	8e37c7bbb7f82f0404e435ae84833cea291e5bb894631f89aba814c16732d266
scripts/pass36/package-a102r44p46-deterministic.mjs	12588	649e5bb37c6cfeb9b3b3f4560bb707b60b9d5ba67ccd85295409a749a749502c
scripts/pass36/package-a102r5-deterministic.mjs	24671	6b7df7815a73592c45fa1d43f9ee97423b84668906861f3bf58ce50da5017c33
scripts/pass36/package-a102r6-deterministic.mjs	24691	31fad87d418a1d88718f5e19a938f7a8e9c77f95ccdf2bf0152d334d6a4f36e1
scripts/pass36/package-a102r7-deterministic.mjs	24699	481cdf3c5504b05033168e73d4cda026313cde9a806d24dea7f4cda836463276
scripts/pass36/package-a102r8-deterministic.mjs	24682	067e78b7ad6192e558d9df0442425df502db06b40a14c9b51d0c9f13aa893b0e
scripts/pass36/package-a102r9-deterministic.mjs	24686	0feb3822e2f5b6735ec874f424bf8c5b6008a23b9bae4479e4c6b33cb16134aa
scripts/pass36/package-a94r2-deterministic.py	6987	7890a14cb7427dc702e90cd39fe5298093f7054cb1a461469c8eecf3d158a1e2
scripts/pass36/package-a95-deterministic.py	7017	0fea18985a940e9eddb1fdd71e224b394b9b8b27dd18e901f1e3da4c5dd48171
scripts/pass36/package-a96-deterministic.py	7023	ce7991af13453bde94515414be92df9aee36cac17dab3d4a6a943ae2ec61c775
scripts/pass36/package-a97-deterministic.py	7019	82084b541fe2cf7b1a20e7b11bb95f86e91d18b7c06b50fd40b5be7349743aa4
scripts/pass36/package-a97r1-deterministic.py	7019	894cc8eb9e12bbd0d41b80cf749c4aff39754a21c0ee10daee99a1d33047e6e1
scripts/pass36/package-a98-deterministic.py	7013	1122ebd20e666c491de8f8ed934e72293861b4d97337850589356fc87095020c
scripts/pass36/package-a99-deterministic.py	7012	715c0981e6db59709da94a899e088b63d71b47cca76822de93027c714f090b3f
scripts/pass36/portable-symlink-negative-fixture.mjs	1491	91e27b6d797376859d57b4628642792d50970cd7b55059a0f0fe2f0cdbc93ad5
scripts/pass36/posix-process-group-broker.mjs	13734	c9483a21110b403a96dd0eaa7e81d1d0f5ca0b739f96e1d7495c1442ddc3e1a2
scripts/pass36/probe-a102r44p2-official-audit-toolchain.mjs	2840	d24da60a6a5ec81cbd05e4be5c6ed428342047d917478ec0519110de343ff4f9
scripts/pass36/qa-a83-browser-lens-pdf-corpus.py	24177	1b55539d057dbc2ca9ae4a54706a40de6c37d9ab0d8543f27c2a1681f042b1fe
scripts/pass36/qa-a94r2-retained-pdf-corpus.py	18962	a152294070c3e407ac758589ba6228363fefc0c6cd22145589835cabcf8dabd7
scripts/pass36/r44p44-source-lib.mjs	2321	0eae6fa346526ecb99db6b79f78860240d26d64450c3829de6b3aa4486662036
scripts/pass36/r44p45-source-lib.mjs	2278	efd5f292572e5417f817aa1feb5d9ad6e23a27b7a1f7cb187f49c2193e7028fd
scripts/pass36/r44p46-a58-release-integrity-lib.mjs	18838	fcb8b62c9da1035b3d19d78234de9b63ea2624851506a7693a69b8e956bab3aa
scripts/pass36/r44p46-packaging-lib.mjs	24269	f38f9658d03aaf1858ae58313cd75dc47f3a15750edde3cfaa7b6bb2ac54d21c
scripts/pass36/render-a102r44p11-audit-pdf-corpus.py	38350	30b0fe07e54c6134b3dc82c1bc3e369cd81256628136f240e8bb069e43a2e39a
scripts/pass36/render-a102r44p2-automated-audit-pdf-corpus.py	28942	d83e331c61e6e2ddb3914dc97a8b7598bf900f2ea1e5fc726cd0c39041f3db62
scripts/pass36/render-a102r44p4-official-tool-audit-pdf-corpus.py	32059	d90ec76ea2518d1762b6d5881db73db1e33b7657fba1d2238be6d6f5fb0f9eb2
scripts/pass36/render-a102r44p7-advanced-evidence-pdf-corpus.py	34048	23537706c5541fee9efc2bdb44c42af22f0735c6bb469c7e977db58581bb7de8
scripts/pass36/render-a102r44p8-accuracy-customer-truth-pdf-corpus.py	37810	229cc634d2e57ee9cc066703e92aa2cee5676e7d6b89f8e3c87ff8dfa61e23b8
scripts/pass36/repair-a90-a59-tailwind-apply.mjs	1198	246d69f119f731e085db3c1a9bd643d7c958321f4a24d1d8f5e02b2d32d112bd
scripts/pass36/run-a102r41-frozen-local-regression.mjs	28028	eaf3bd632c788ef7ed760ba914265b1a62ff1371f6d532cccd7a11977d85bcc3
scripts/pass36/run-a102r42-frozen-local-regression.mjs	29719	fb19f397bfa259c89fa12c40a4435ac35e8acd8bc99820f37219e260dc63fbcd
scripts/pass36/run-a102r44p25-exact-windows-release.ps1	1985	e58aa250ad8de5af1c386e8870f592a084cf35a52d02ea622f22bd75f7db0679
scripts/pass36/run-a102r44p30-persistent-eslint-shard.mjs	8074	06c29ead9e8f55c502db507b8dc43a791311205e847693b09cef4b3f8808f251
scripts/pass36/run-a102r44p34-targeted-cycle.mjs	1290	7daa57bf050758bd5a38d409371343a526ad9f015bf0a61143ec58e58576834a
scripts/pass36/run-a102r44p35-targeted-cycle.mjs	2175	64f73c3c2ff0b8e8f6bf29173656b51b7b405b8e1db448f46356124b34c8d8da
scripts/pass36/run-a102r44p36-targeted-cycle.mjs	866	96667a413cf398fa1f56a91608154f2168c29efa0763e6d39d7ba1daf951239b
scripts/pass36/run-a102r44p38-compiler-ast-generalization.mjs	12189	9e437bbc2ad8a481e28f6cc29b4753360ccf5a454a2b08462a57b2f16a4757eb
scripts/pass36/run-a102r44p39-audit-integration.mjs	7879	1d58a5eee123b882bfb9b3600dea39b63dfe14f09d6f938c619a61d65e4ea725
scripts/pass36/run-a102r44p39-multifile-protocol-accuracy.mjs	4500	8b154d728381d605d7a3bd6a0b587a95d7bf09f1731f2e7a5d0024f1e37bcceb
scripts/pass36/run-a102r44p41-foundry-invariant-campaign.py	25518	7854a4f830f1d58dd669813280b09216cd07264e9f2ba55f7f312d87dea916ba
scripts/pass36/run-a102r44p43-public-balanced-holdout.mjs	14304	d84973e157d6896a9b6fb50f78ddf920b6843f39f71335f51ebc851665f7ab2e
scripts/pass36/run-a102r44p44-brutal-product-reality.py	49031	f6d09544ef4f4449f86d4c45451f726f6d99eefffd6828df77f58069f6b1590c
scripts/pass36/run-a102r44p45-ai-panels.mjs	14709	1381d11f02f71da5faa94f652785e802e26922d2ea37d21416c673060cd9c99a
scripts/pass36/run-a102r44p45-ai-panels.py	7226	ecacf004407a60fc80a00a88d4bf1e55bc310f8757f26fcc77374f32bb356d3a
scripts/pass36/run-a102r44p45-analyzer-overload.mjs	5102	35f605a4cc9d5bdb19395b481a2aa845fde6d9d7989722ce384b35c490a910b5
scripts/pass36/run-a102r44p45-interaction-context-accuracy.mjs	19693	4d879c7b25808bcfdd2298c9440877c35bb36c6dbe8f5b42f7b81f302aee1254
scripts/pass36/run-a102r44p46-legacy-multiplication-economic-sink.mjs	18637	87df1688a8ef09bc2d0524beb29369473260ead020d64c45e589e23ca6f5ec1a
scripts/pass36/run-a88-top-level-module-force-exit.mjs	1714	b5e036ba20676cb0fc2ed447f4dcaa2d603ea82e79aa6c24c5dc6bd73e9350a8
scripts/pass36/sanitized-child-process-boundary.mjs	2686	6e4aabaa519cc7d9e0f1d2a17103ad4271eeb7680ff4175889fcc21e2d2fac71
scripts/pass36/source-mode-policy.mjs	5156	eb061cde1fca4ccf21918aabc3307e85f269ec8fd1486b05150d8ead46bd16dc
scripts/pass36/strict-json-cli.mjs	4035	cde188b21f42ab29f2c587bda36a6735bc3d5a94bb78e3e538a06aafd79538d0
scripts/pass36/test-a100-incident-kill-switch-customer-communication-boundaries.ts	22122	01a35f22e77466dbe798c8e64c28795b0c432554e8ccae22ddbb238016d5cc86
scripts/pass36/test-a101-slo-vendor-exit-recovery-boundaries.mjs	28878	ad3e68c57f904f9b346ea0d406cd3635b2cba078b62d661749d18a66cb7a663e
scripts/pass36/test-a102-repeated-slo-vendor-exit-observation-boundaries.mjs	16727	1278b89b6a05d0ee5a889c75a3b9762c26309296fe3f0c80b470088e7573883b
scripts/pass36/test-a102r10-external-navigation-boundary.ts	11359	7ee25503c1351ed998b928b984d83a267e2010a940d491c71cad5973db98c0fe
scripts/pass36/test-a102r11-client-pdf-blob-boundary.ts	11156	b9910fccd00295af56464a792c14a28a4ba5c0b9431836211ac20a0686e6317f
scripts/pass36/test-a102r12-admin-product-draft-browser-state.ts	7321	6bd91b8d89fec2926e99590eb70789845a13642c70350e088c40e4b8c5a354ce
scripts/pass36/test-a102r13-operational-log-and-client-error-redaction.ts	9019	820b07c5153a31cd666fec43f2e343dd1b91c7fa5b22f47db9111b5c91e786b4
scripts/pass36/test-a102r14-browser-shield-handoff-boundary.ts	7129	ea943760280f65f3acb21422ddacf6216139c8ab60d09124c002d5f2b142851b
scripts/pass36/test-a102r15-asset-analysis-clipboard-redaction.ts	6780	b53e381c0e123b7ba9038b6171ee4380a98fc01404d6ce3569d61b9d6270cbf5
scripts/pass36/test-a102r16-cookie-consent-granular-expiry-privacy-boundary.ts	7585	09f21edf34ad6cec41a5030bd17c283db073edcbae992e6719dd6cccbd911f42
scripts/pass36/test-a102r17-browser-response-strict-json-error-redaction.ts	9893	eb7430347d4793ecc36ee11370b74299f2733d142000975b7e0f8df82a29531f
scripts/pass36/test-a102r18-public-community-system-clipboard-boundary.ts	8964	ce3b8d46ef220ba541d37ec6b156ceb5c4f2638ce63787d5bc6dc298692b6623
scripts/pass36/test-a102r19-css-customer-minimalism-boundary.mjs	5771	e079731389857e4675466748205bc3f839b61ae8353d08e6d50b954eb0630343
scripts/pass36/test-a102r2-local-p1-hardening.ts	14782	8e1d6d93fea38ed5bf2f1375ddbb5d6d93cdfddb251d1cccb814a6f19a0f761b
scripts/pass36/test-a102r2-market-publication-preflight.ts	4762	1f55ce8bee7a563567bb27a3ce834eb51dc23551bbc59e4c762fb6e3dd3b68c8
scripts/pass36/test-a102r2-provider-rights-egress-gate.ts	4496	5f2eca32fa3ce7f93ce084fddd0170d46d69bb474350785606008a931e6df5ed
scripts/pass36/test-a102r20-current-authority-readme-coherence.mjs	10871	1a501ae6840242701de1af7b32b2e862f2054fb1b8a59e329d8c6fb3bbc6241c
scripts/pass36/test-a102r21-customer-jargon-minimalism-boundary.mjs	14015	2aaa6660446b91ed07291e81fd5697f7191439fdd95679155ad367a135757ccb
scripts/pass36/test-a102r22-local-dev-runtime-data-transition-boundary.mjs	10482	f4db6722bb5acf225195a48c0de220fdcd7df38f4d8109f8cf6f5e0fff6af15e
scripts/pass36/test-a102r23-kline-prefetch-logo-boundary.mjs	7507	4be5c8210df546a1259965b792fbc902e5ff248c9e99d9e5663c2b4c7404eb86
scripts/pass36/test-a102r24-shared-catalog-reference-truth-boundary.mjs	8187	ff804b819dfa08f896ccdd171bf9239c0c8f2af47747b8be0e0174fada490562
scripts/pass36/test-a102r25-local-reference-market-intelligence-boundary.mjs	8359	8d39f1499ddc885e9c3f89c9d837beda18231f60fe8d4a4bb77ec8a7b640842c
scripts/pass36/test-a102r26-asset-detail-chart-runtime-boundary.mjs	6806	eec61f760b6e545a59bb9152b0d3458c6effe658e675fe541a80a8e4de54c395
scripts/pass36/test-a102r26-parent-market-intelligence-regression.mjs	3949	a4fb189a68dbcdd596252c4d2780138344ff4ad2160627b13b036332bfd9d332
scripts/pass36/test-a102r27-provider-symbol-chart-identity-boundary.mjs	4680	8f8a2d4fa6ad940a6ddfcfc8fbb72d1f2d490e71fefd5c67545690b1f36585fd
scripts/pass36/test-a102r28-chart-abort-reopen-and-cache-reset-race-boundary.mjs	4479	4859f1058f0a9e725711b55a10bf519adaefe36171d0864297921ee35efccafb
scripts/pass36/test-a102r29-canonical-asset-class-locale-independent-chart-route-cache-boundary.mjs	4491	8fa661c83256fbf362c159f12bc08fa7cf5b252cff70fe0b5f407e972cc35532
scripts/pass36/test-a102r30-chart-provider-cadence-session-evidence-truth.mjs	5428	2cd27ab64adca80342ac573d309222ab4a218a1c94e27fbfb45277e13fb54706
scripts/pass36/test-a102r31-route-transition-hash-focus-prefetch-accessibility-boundary.mjs	4295	3a568d3dce8f63eafc438bb7059f9dc852ca2b5f6fdca4d5135c904063ab8b89
scripts/pass36/test-a102r32-route-hash-timeout-prefetch-reentry-boundary.mjs	5819	21e7cbc29c8597e967d91f2c8451b41bdd0cfadb67f18c934171d2eed25d17f3
scripts/pass36/test-a102r33-dialog-focus-return-race-boundary.mjs	3383	3ec687f2d1ed2d8c46869fbfe5369e8d3903cc249ac4361bcebe4a15f514bd8e
scripts/pass36/test-a102r34-dialog-stack-top-layer-ownership-boundary.mjs	3931	004ffd1a425b7e81ee7f203510d5aef863decc9dfaaf26919278e0c32359d82e
scripts/pass36/test-a102r35-modal-scroll-lock-rapid-reopen-restore-race.mjs	5197	7e39c4aaea1bb44c003547eb6921a9992e39596ff935ba93362603aeee0f4192
scripts/pass36/test-a102r36-eslint-runner-portability.mjs	12855	e4c2f8a576df2cb3edf84f7307f864508a73bc3f9755c373715fa69acc11fb78
scripts/pass36/test-a102r38-production-smoke-evidence-uniqueness.mjs	7597	3d60067f219748b1b9aade76e1ff309feeb30e991c969127ec94a865a4aa5624
scripts/pass36/test-a102r38-source-audit-generated-next-types.mjs	4647	0205c08bf9a7b218808b93e628a68f7d284a33d65360a2ff2f236f74c84218bd
scripts/pass36/test-a102r39-cross-platform-source-mode-policy.mjs	5875	417438ed3863b0ab3099fa3c6252450663b2299d5a2c466aeb1d7d3fa2dc868b
scripts/pass36/test-a102r4-client-auth-fail-closed.ts	6408	c1567dd94b741b0dac4a7c4245bdfe7afa84c0bd4a383fc229820a314a5467aa
scripts/pass36/test-a102r40-current-source-authority-preflight.mjs	13766	9d7bc0426fcf86bc393b1f227c0350874e6f7cb3eb721cb3d9bc84dc5bda0656
scripts/pass36/test-a102r41-a80r1-two-phase-release-controller.mjs	17240	00e69a5a9b8c49d8f346aae7d0375d2f7515c190f371d91eaf8130e58afa0d8f
scripts/pass36/test-a102r41-account-operation-privacy-containment.ts	5052	b29bf2f151d7199483911a7ae8fa52da26887fa39bed34e059bc2e12eec2622a
scripts/pass36/test-a102r41-current-source-authority-preflight.mjs	20563	773fec746a7a215a47c308331d41ba2e754b2e04c8eb9b324766eb27a0d7203d
scripts/pass36/test-a102r41-entitlement-revocation-rls-remediation.mjs	4513	f1e2b2e824a8a61500bba264241fa7f53943e6ccceb9db25c3d2c4ed89a169b2
scripts/pass36/test-a102r41-external-command-containment-and-tool-spec.mjs	4859	4464acedef9ada851658b3a57e866197a8860b636caaf631d6f2ff50c7f7e0de
scripts/pass36/test-a102r41-historical-sparse-edge-ledger.mjs	6031	696fb4d1c94dfc67c7191a916d843797f283197f0ff04d64ebc33ad81f9c08e7
scripts/pass36/test-a102r41-package-portability-and-parser.mjs	11691	bab26c82047341950dc4b33986ddc9ad3be784242b550897e3cf51b00f8b344a
scripts/pass36/test-a102r41-paid-checkout-containment-and-browser-storage.ts	7145	8eeb6d4324f0f08ac696689e857bfe50d1863e8417347859044a974a790f7c83
scripts/pass36/test-a102r41-real-evidence-physical-boundary.mjs	6906	898018fc12e51d765494f8170665e8c063e6fb63e90196319c2a15aaf32ccb13
scripts/pass36/test-a102r41-real-intake-self-assertion-denial.ts	6929	a64704f56f6c99d9bcb34a8b641e961241e73b54305986f0cd1a4a30f2a5720f
scripts/pass36/test-a102r41-sanitized-child-process-boundary.mjs	3184	94b953da3a539f42266983bd4f0511a45d62dc5b124b76d801ef73794d064f0f
scripts/pass36/test-a102r42-a80r1-two-phase-release-controller.mjs	23350	16ee03b16325b13935c3f65abc0337a87db9229e7719ba1efe662621c9f1c11e
scripts/pass36/test-a102r42-current-source-authority-preflight.mjs	29583	adcf97a9510f8e068de63c9e55e1c1bc995484fb6956b62494cea20dec0dde3f
scripts/pass36/test-a102r42-package-portability-and-parser.mjs	12737	3da026c6a20b0ea526006e5e11063680faf27457dbf6cab36b513ea4df8cccff
scripts/pass36/test-a102r44-final-ui-polish-boundary.mjs	6377	d53fdf4a3a7d2e26a2bad950d3c33f039de7e04e28fabafa21d9a1dc5908eef1
scripts/pass36/test-a102r44-product-reality-wave1-patch.mjs	6648	f89a3b3d65583ecde53e8f7f946b307a293e52b9950519f257deacfb61ee111f
scripts/pass36/test-a102r44p12-browser-process-isolation.mjs	2478	ffb6074836bbdcadcdc1a0a7600186edcfcdfd06594dde3864da483f725290c0
scripts/pass36/test-a102r44p12-real-provider-diagnostic-boundary.ts	3307	6ac609f41cec8565fdbde9795126e53bd570353712eef951c6697a90ca7f15bb
scripts/pass36/test-a102r44p12-real-provider-diagnostic-tamper.mjs	4733	8ae220a2b0134b554df75c538d3017bbf3f4cbc217cc9dc1d6ed0cd02fa41e1f
scripts/pass36/test-a102r44p13-external-labeled-accuracy-tamper.mjs	1543	d818e6bc10b703d7a59257e66b2fb5320426671328456a86a8389519928e772c
scripts/pass36/test-a102r44p14-audit-tier-structured-findings.ts	3549	34efa6d47a5e6b8028e4d48d3dc2a34f5514cddb13e728e4022927cb7050b735
scripts/pass36/test-a102r44p15-generated-diagnostics-source-boundary.mjs	3539	5ee5ca615a8363ee834c3d406abf8d6ff587a36cb2fe3a8a9404807ea6f8c9d8
scripts/pass36/test-a102r44p15-source-audit-declaration-boundary.mjs	1923	4c91d6b2b33e8f03e4005aa1cf63f66bbdeecdea083e98dcad7068d0caeae851
scripts/pass36/test-a102r44p15-structured-reentrancy-generalization.mjs	6946	246fff65d9ddff7f132ef8f01bf9932fbf8d4a8531422bcbb0a13c6c23a3427c
scripts/pass36/test-a102r44p16-analysis-queue-migration.mjs	6704	27e57fde98f911abb493cf277eecb246f8a4624be9e97df2e008525e8b282808
scripts/pass36/test-a102r44p16-current-sku-truth.mjs	13795	b727c06b010ecaa230e36efd599c971032fd46ede2dd4a14b7cfab243f64257b
scripts/pass36/test-a102r44p17-real-provider-diagnostic-boundary.ts	5288	5b240d8e745ec246c5efe65d59fe0da66c0104a29f08ef588d042f3991437344
scripts/pass36/test-a102r44p18-market-output-rights-boundary.mjs	3350	bb62344060bd1626d5174a4a2d2db586a45e745fa7da38b66e02f8e416bddc14
scripts/pass36/test-a102r44p18-provider-rights-gate.mjs	5328	df5bfd4d1393ac7316f57a84b28d9d7f00ddc761adcf6b82eb8720f107a7171c
scripts/pass36/test-a102r44p19-commercial-readiness.mjs	6529	128f9c7d875d128174eea0ee4e92b24d0d37f9917eeb3a04c2cd725d5a7e026e
scripts/pass36/test-a102r44p2-automated-informational-sku-pdf-seal.ts	10123	eacd571cd1cbcb5df11e4371dbde8b1348ff84270aadbd5ab2fef7baba74b541
scripts/pass36/test-a102r44p2-official-audit-toolchain-admission.mjs	5584	8aa3a992a76bae9605f738ae6242044089ccd28e67758c6e14140a06236c42ce
scripts/pass36/test-a102r44p2-paid-informational-claim-boundary.mjs	7438	29aeb1ec0c39791441c7bb930605596dd0fa932c1b34f2fe0b1bb8c9ddd15b2d
scripts/pass36/test-a102r44p2-posix-official-tool-boundary.mjs	10356	2bc15e9781de119b4f83271f15e3a773b86ea7f2c59c147a9ed4dc6e86df5a7f
scripts/pass36/test-a102r44p20-packet-customer-language.py	1554	851a5d0fdca6c3f46f0612151201a46370c0245a7627c1ea5c36f7d54fc8bedd
scripts/pass36/test-a102r44p21-field-commercial-readiness.mjs	12349	c6f108fc133fa63b79dd8450f89f8c094e05e180b9cf2edc07e757a31c39853e
scripts/pass36/test-a102r44p22-community-clipboard-central-policy.mjs	3855	b0cd9103eb1b04c614c2082815a5d81d6cf97b9f3509f3811dd6bb8c2a5cb67e
scripts/pass36/test-a102r44p22-cross-asset-customer-stress-matrix.mjs	2265	abfe6406f6fa43e464e94d429ae346cf27a43a7cd126bdf575d7c104316a01be
scripts/pass36/test-a102r44p22-legal-data-alternatives.mjs	2877	b24ba7314eb2967d7fbeb55afac8e76b1a08d6cf748198e6e74c087083f7d363
scripts/pass36/test-a102r44p22-paid-entitlement-current-fail-closed.mjs	1812	8aaed24c74bc63a2e024bf4f99e32d3515d3f20735154dc89da173f2c9d1c7df
scripts/pass36/test-a102r44p22-preview-leakage-boundary.mjs	4244	0ef5300f60e5f08c761cb1a41d1eb0e58f787c70d5d150b426a90705e510dc3c
scripts/pass36/test-a102r44p22-preview-localization.mjs	3403	6ec6bb4fc53c64b40fd62938c2a0bf162a32cb6ed03efa2a6342c652c0f73dfd
scripts/pass36/test-a102r44p22-preview-ui-contract.mjs	3490	1972db136d8f770f565e4e797f56c1d0c22d7bfa525212e377ec50ab5fb239a7
scripts/pass36/test-a102r44p22-profile-fetch-auth-gate.mjs	1274	e401c1bdf02e7fe0c19c1610c6aaec1a5caa2828aba72a669a74a8bc4cb5ae0b
scripts/pass36/test-a102r44p22-risk-basic-calibration-split.mjs	3501	25d3d85006d2cfeab523872fa784b763a5291254e920d9917b78583836c1ca47
scripts/pass36/test-a102r44p22-ruthless-customer-matrix.mjs	2332	16b42e363b9c8757215b9685fad6e116309ca263ed3e6db31854d5d00b339339
scripts/pass36/test-a102r44p22-ruthless-product-tier-table.mjs	1878	ae2173bf194488b6a91182d8e03abae942d89095617c112881a98dbd6d6a58b3
scripts/pass36/test-a102r44p22-secure-paid-preview.mjs	6898	376c186b7ca30eaeeed9aa2db87991fa946bfc0ac1c60e75edab4928dfe4a071
scripts/pass36/test-a102r44p23-disposable-customer-lifecycle-e2e.mjs	23911	f89ce53fd64b4fa9f9d44981491c00e0a1d21e116256fae78ba42ea377bca1f6
scripts/pass36/test-a102r44p23-disposable-customer-lifecycle-repeatability.mjs	1428	1507f3ab7435c5d9ccdae6571742d29c8550bbaad9b53dda8b225ad982b612a5
scripts/pass36/test-a102r44p23-disposable-lifecycle-static-boundary.mjs	3624	f1616d80e4f6d026eaea94215fb603711a77ca8a2dd8b21255a6341edc3fad20
scripts/pass36/test-a102r44p23-lifecycle-persona-matrix.mjs	1532	e7d7049ababb7a771bfb850298684c7ea951147420f5939f8d37051387fea8f2
scripts/pass36/test-a102r44p24-single-writer-next-env-boundary.mjs	2602	9cc68cdeb62270218dc3f52b43ce0c86d8ce0095c13afc3fed9ef40aff06343c
scripts/pass36/test-a102r44p24-typescript-worker-output-boundary.mjs	1721	4a22e48531f75e7daf5d750c5f4cc1f512558160fa8fef465157ee48fe784bd6
scripts/pass36/test-a102r44p25-exact-windows-admission.mjs	2330	c5636ae86a8f402ad6afa6632dfb4d7491bc9d62cfae4887639b4e05959c22f8
scripts/pass36/test-a102r44p25-external-evidence.mjs	1946	4f4ba3651b9d394db2c49492366931d568ff2dd9e83a3202f3294199e6b375d1
scripts/pass36/test-a102r44p25-staging-admission.mjs	3427	c6448c3215d4bf94ba76202014bef41901b5ffe10652e2e6c44a9543e585aab8
scripts/pass36/test-a102r44p26-exact-runtime-bridge.mjs	1649	1bd4c35edc842a14ff1daf93c8b609cf338edad61660c0b234d8322d24a03b51
scripts/pass36/test-a102r44p26-external-evidence-import.mjs	5351	3efd9878f17669ece7de59aff45325cbf68556aeddb88782f2ff80782dfeb0dc
scripts/pass36/test-a102r44p26-staging-semantic.mjs	5274	a4c56ff3a6bb2c34e8294d11a13adfec723d58edf7086307adbf229df1b34c18
scripts/pass36/test-a102r44p26-trusted-external-evidence.mjs	3372	97ae4d3e6797003eb347b97151e7060e1125951fa4a8806badcfe14f6b099cf4
scripts/pass36/test-a102r44p27-admission-journal.mjs	7014	2af823164cdb62e9b2e48aee7ebfd6355759434261f563d9ec56788ac890d412
scripts/pass36/test-a102r44p27-concurrent-admission.mjs	3844	e032ca0f4d99cd9fe40e9621e1f9785e542588363eb467ba3fddd0e3ac1fd890
scripts/pass36/test-a102r44p27-envelope-hardening.mjs	5385	3f22edd0096074a84befb0df62b0b6f02f86d6557e2174255714808cd2bfe797
scripts/pass36/test-a102r44p27-external-evidence-import.mjs	13614	b7e269ab891b358290e0f994edeaccbfce1f17ced79e8ee0d1a22605738645c0
scripts/pass36/test-a102r44p28-external-ci-evidence.mjs	3708	b01248916c0bf63c2677acc7625e3751b99dbde2050477a43915a246986c8ce6
scripts/pass36/test-a102r44p29-72h-watchdog.mjs	3443	f58b5e396b2d84b30fa3426bb47deaae10dabca95275786b9caabead283a213f
scripts/pass36/test-a102r44p29-active-credential-literal-hygiene.mjs	1619	6fd19b70a0db041514dfe918ebeaccfaba313e2b79dfc13d1565a5c67e1cd1dd
scripts/pass36/test-a102r44p29-dual-control-trust-anchor.mjs	5626	71e2451f1177ca1a146d59c97457b458df1449a15d4e86cb49ad7b527bbcae74
scripts/pass36/test-a102r44p29-evidence-quarantine.mjs	6751	e7811abdb5045ca4119f3021ac17ab27c37b5cf2ebde422a7950f3b41558c067
scripts/pass36/test-a102r44p29-fork-reconciliation.mjs	2559	88a32fc1d9a5a75081253987b3aeda3c6b77a6603760426124c78232a5da23eb
scripts/pass36/test-a102r44p3-non-mutating-a85-a86.mjs	4989	bbf1842581396e022f5cdecc005f61382c0ff701798ca99a3a6b9bb5c444a46e
scripts/pass36/test-a102r44p3-product-data-ai-matrix.ts	13084	4da0fd1a549eff722ce2315e3f29ada9da33e9c0975b661bff06ef70a5ba4055
scripts/pass36/test-a102r44p30-browser-evidence-race-and-profile-migration.mjs	3581	f3be12c7390e1cacb74a5e23cc2977b616e9ece90b41bd6366eea90c0651b4e7
scripts/pass36/test-a102r44p30-chromium-full-page-screenshot-backend-migration.mjs	2520	21d8c2e6eac32ccf45e25b3028a56630dea5efdcfe6eab27b10b5e31fbfa38b9
scripts/pass36/test-a102r44p30-eslint-batching-migration.mjs	4494	5015ae6a47c4d3fcea2834816c476493d3dfe87dd27b55f73093698be6ed6907
scripts/pass36/test-a102r44p30-inherited-eslint-cleanup-migration.mjs	3105	5641323d806803964bb40f06de3e09c7ccb66d229c628fe70369ea405953e283
scripts/pass36/test-a102r44p30-runtime-package-input-binding.mjs	2109	19f354d7c2d1759fc81e42116cc964d622dec77cbfcf28764d8c691b4c133e16
scripts/pass36/test-a102r44p31-external-ci-storage-kms-email-tamper.mjs	3234	950a11756711d7b77440a2628dba700bd5981cf01e32e2adf71379d2bcb9ccb2
scripts/pass36/test-a102r44p32-local-stripe-evidence-tamper.mjs	4082	8bb93404b14ba8b7052956564d3f0e0f84127c46be1a247b1d722c1ab7157304
scripts/pass36/test-a102r44p33-external-ci-stripe-mock-tamper.mjs	3613	6c7eee4158a13d70844ad62af20e3cf907067b8cda1b06f4cf254ca93cff3b1d
scripts/pass36/test-a102r44p34-dynamic-product-scorecard.mjs	1565	8221a427a6976e71fd7bdaa4515919c6b4d0576a3918f12cc02e315d58a8c243
scripts/pass36/test-a102r44p34-product-topology-contract.mjs	1525	ed02cb85e1b14d204acc64dd51cda0def76013f3303ad94a7e18a713b5a45d31
scripts/pass36/test-a102r44p34-psychology-customer-matrix.mjs	1434	0735bdbaa03bd12611b3b66b08e9284ec68951c7b6fd6de120bbb42041244b08
scripts/pass36/test-a102r44p35-active-route-contract.mjs	4337	7fb615b9ccdfe5abe1a38a7cf0bf78efb82a9f994aea892330624978831518c5
scripts/pass36/test-a102r44p35-active-standalone-contract.mjs	3379	c9e98980c692646abfc252de422fabb0b8337a716bd3ec20030e43863f48a9de
scripts/pass36/test-a102r44p35-dynamic-product-scorecard.mjs	2381	31686596e304a1b0f3166ac6e3bb96c6b1d88d530cf90496a3002af7d4149dd9
scripts/pass36/test-a102r44p35-product-topology-contract.mjs	1739	3a491d927f1c177e202bbeee4bff90a348ed4c22b493911abf386a3783a74474
scripts/pass36/test-a102r44p35-standalone-customer-truth-runtime.mjs	14910	5f449bb6d5d4abc0ebae20f4dda99be25d1b9f45b3c8dbe9486775e56210bd45
scripts/pass36/test-a102r44p35-standalone-decision-support.mjs	10121	3cf3da590dbb64f0a9be98eff8f802394d5039d5a9d42eb25a0bb7fdc006e39d
scripts/pass36/test-a102r44p35-standalone-product-truth.mjs	13150	425c617c5eef0c9ae2f734ab2e098905ce4c010f0f39a7cf690efba24b448b23
scripts/pass36/test-a102r44p35-standalone-psychology-matrix.mjs	2197	9d7a9d69d7bd58b59d841696fc9469119b0e2fea4cff3a029c50b2b7099bcb7d
scripts/pass36/test-a102r44p37-customer-truth-repair.mjs	2172	a6172fe49c80923b06a7fc16641bac0dc1f96bf86130dabdd7d32ab4a3a7ef8c
scripts/pass36/test-a102r44p37-static-policy.mjs	4315	947244199debcb1442fdc8f111d0bf10775738924cdbc1a50a93c213a70531a0
scripts/pass36/test-a102r44p38-audit-compiler-ast-adapter.mjs	5600	4754e0ddcb85c158f016f34c9523756efb9dfd6d22f225cdd659b31116cec1bd
scripts/pass36/test-a102r44p38-compiler-ast-generalization.mjs	14891	c024d82356e71306a40e63e0b663bca04e46cb481f8b59bbca2d0e0f2f9b6e77
scripts/pass36/test-a102r44p38-compiler-ast-input-boundary.mjs	6649	4d8b07f554ef3ca39f4a72a2d7a0935d502da33f2df0bb6256bc981f3afa1d5d
scripts/pass36/test-a102r44p38-compiler-ast-repeatability.mjs	3503	967bc557c9b6860243dec8c243654efea14a443bcecf38a002391eaf4338e2be
scripts/pass36/test-a102r44p38-pass16-compiler-ast-rebaseline.mjs	10844	517363fb41e8246265790c766e025bc0e2a1651f6f841c923549847cfc180134
scripts/pass36/test-a102r44p38-static-policy.mjs	3217	e738bcc11b1ffdd64a0996c42f9e16aefbd6334a4e05416a77b2d53d342d0678
scripts/pass36/test-a102r44p38-targeted-typescript.mjs	3274	fbc5dbfeecdf1a2647fcee412cd7172bba95a2808e4a6661d68bee002edb8178
scripts/pass36/test-a102r44p39-canonical-packet-boundary.mjs	2272	7f7fbcaad03319b11ea03e496b3e5f406a61ca967d85d500d30506a374714416
scripts/pass36/test-a102r44p39-deployment-binding.mjs	5070	d17a25fb7da759aa2517a0fe320e641330e0da0e916abd95f91beb2e1df1dd87
scripts/pass36/test-a102r44p39-external-accuracy-registry.mjs	1483	4a2133692f30093453d2ab7fff00eaec940b247c6e98bc79e5cafc8e8cdf3951
scripts/pass36/test-a102r44p39-packet-tamper.mjs	2112	a575840a81b811649afff728ac485484371e6903839280213e20cff5d9662182
scripts/pass36/test-a102r44p39-r44p38-baseline-regression.mjs	2399	d33ae2f570201357cbb726be35ae656e128b753962acb89232fba135b49aa79e
scripts/pass36/test-a102r44p39-static-policy.mjs	3350	8279f74c31545050e1336600dc586f6c1bf7e2315056402fc849eb4d7df1d0b9
scripts/pass36/test-a102r44p39-targeted-pdfs.py	2790	33f550b37dc9a80859a74b4611fe79ac17152e59dcb32f33d21e131733872699
scripts/pass36/test-a102r44p39-targeted-typescript.mjs	2245	fa8d83a21e5d7c504ea42a3483a3815f4690dd6fee21ffb7d5ffd26c35f591ae
scripts/pass36/test-a102r44p4-official-tool-evidence-tamper.mjs	2556	9bfcae8daaa79cb00d7cf9b33c1e088c453e2fcf19a6e16ed2afff08ff57407e
scripts/pass36/test-a102r44p41-foundry-evidence-tamper.mjs	1948	7b787c55b4b0a2db7889ff7205b39f52be8c357f8094d3bed11319461a3700aa
scripts/pass36/test-a102r44p41-static-policy.mjs	2960	c89cdbc3abe5687bb0bfb9cf1577b3cbe28afba31474c6cf2aba732eebad89ae
scripts/pass36/test-a102r44p43-public-balanced-holdout-tamper.mjs	4319	2410e7ef7bc7688f4cb57bf9c937f3d083291d448f69687ac30b01edd732ee85
scripts/pass36/test-a102r44p43-static-policy.mjs	3322	e5233c80a2d3c9e0ca4bf3692a2f5c4c6bafb8320b04d5fb1806a1ea7c04b5f4
scripts/pass36/test-a102r44p43-targeted-typescript.mjs	3089	88e8e8c055a0a874e35108400cf1a142cd904e4313263b697098c01955808bc1
scripts/pass36/test-a102r44p44-angel-120.ts	18097	3f9ca0f707704655995c19c78c939b114810474f494a498f52cfa8e84ac0031f
scripts/pass36/test-a102r44p44-pdf-width-wrapping.ts	2584	16ba43545e7bbe0ffd02e7829613842fb241718bbe382e76dab5d03e2d6e9f77
scripts/pass36/test-a102r44p44-product-truth-security.mjs	6035	f7f5592e4fb9a2c84c9f5d2d52052036ea2233162826743c5578208ec1bf5485
scripts/pass36/test-a102r44p44-static-policy.mjs	2835	462361f6e5ee74a74f857da41ca09994f19d521bc9178ee6d43272ebb8277660
scripts/pass36/test-a102r44p45-analyzer-resilience.mjs	4761	aa995d63abc3728e2dfe6c0ad7c7237ae8ba0e034da6ff475a5c9efd6addef11
scripts/pass36/test-a102r44p45-context-qualified-reentrancy.mjs	6706	5ebf6ff54d260440ae6e3fc57b7f414173e729f8da508d3e18696e26a969e08c
scripts/pass36/test-a102r44p45-interaction-context-tamper.mjs	2691	45af5ff40f4e09a7c7966ed4d458494794f8985c3cf5a89784d33a883faecb39
scripts/pass36/test-a102r44p45-static-policy.mjs	1781	dac12d5bec4c42f36650f58d867d5c07241ebfa682862610bb25229ac74d511a
scripts/pass36/test-a102r44p46-a58-result-validator.mjs	11566	dea275afa773d600934b0e6078e3024753f5eca7a6fccf0af330c87b366911d3
scripts/pass36/test-a102r44p46-current-source-authority-preflight.mjs	10857	22ba8bcdb048865230980cfb02e71c9d8fc5c977cfd16d953af3c84b7992eed8
scripts/pass36/test-a102r44p46-packaging-adversarial.mjs	18197	6aa4ea43d14faf0c7f8477dc72da7fdc8f8f80f426b27a9e9c841af16035eb1d
scripts/pass36/test-a102r44p5-exact-npm-lockfile-migration-tamper.mjs	3423	6f923d21ae528f05640a070972a981bba38b5aaea3cc9f8040cc73ea50fcf8ff
scripts/pass36/test-a102r44p8-basic-end-to-end.py	2745	62de63b18cbeaf6c1e438453e5f7560963a1480287d4c7e510a871769fad65f4
scripts/pass36/test-a102r44p8-pdf-semantic-coverage.py	1593	5b96c72895b36c50b95a5afd4195290cf7fac4a3792ebbe43d52fe3241aad93a
scripts/pass36/test-a102r5-paid-entitlement-browser-secret-boundary.ts	8861	c479ff37be4a4f8f75a06d34a1855e670fe3248f14797e4f09bca8428751642d
scripts/pass36/test-a102r6-private-account-browser-state-boundary.ts	5787	dd129c8946549d07221c393b8dcb8ff3d5a13676a80a852ec123c1c280e83d65
scripts/pass36/test-a102r7-mobile-wallet-deeplink-privacy-boundary.ts	8606	b8340d168f37635da7eb7e87a81e2fa85ed8908cb8783f8fc20254a7dd3413bc
scripts/pass36/test-a102r8-checkout-customer-browser-privacy-boundary.ts	7575	76ba87ab8c288182a9c4045d68a9eed0f7f12d8c433eccaf1554824bfd54776b
scripts/pass36/test-a102r9-system-clipboard-private-export-boundary.ts	8651	5dd22b96e709869c0009b049923997febe256404e30b3a4e0c498f4c8c9be8ff
scripts/pass36/test-a58-release-integrity.mjs	18181	2d21e8f6916d1448a06de9d253b43c40aa0084f94215b258e47e8a4afd488981
scripts/pass36/test-a59-build-graph-route-css-budget-recovery.mjs	16876	6a70881acc95823979ade0579f133299fdd6cf0fbd224d4fdd89b597d8800e6c
scripts/pass36/test-a59-current-identity-adversarial.mjs	13079	e79464241a10c1d4eed8cc458db4e71c50bc6be87b3ddf927e3fdce3a8ddb18e
scripts/pass36/test-a59-external-receipt-boundary.mjs	5117	ba3287925662f6386cb44221427bc311e883bc13fef3d5e2b7de1ad346051399
scripts/pass36/test-a60-exact-final-byte-build-browser-acceptance.mjs	24957	8091755b0ada609dcbfb7d7414c0b68cbb45faf93800e91d6941a5472fa9487f
scripts/pass36/test-a61-historical-artifact-recovery.mjs	11013	eea2a0ba711e07800501546a5ee39ba87d4adbddd93cc1ba603838927be448dd
scripts/pass36/test-a62-offline-exact-runtime-dependency-bootstrap.mjs	17340	568451868fe700c56e18a6208c005fec3eb1db89fe49389e3ac236c558601c84
scripts/pass36/test-a63-staging-program-orchestrator.mjs	8241	7f2bfc0e5276f997f1187381f5bd133901b733a7ba62637cbadfdec8d1422d31
scripts/pass36/test-a64-historical-control-metadata-recovery.mjs	2953	eb3dd7d7adc82ba86ac1cc8bd6b814ba0fa2eb6ae4abccf22f6e496bfc92e869
scripts/pass36/test-a65-external-command-trust-boundary.mjs	13736	e7be3d4ee53b7f4ac4d27350808dbf762d521703a749427bf8dd46a0c077a925
scripts/pass36/test-a66-audit-tool-execution-boundary.mjs	11025	c966d04f17c3d240fc6eab27edc80ebb884199ce84e50931e98e4903eafe9949
scripts/pass36/test-a67-network-egress-trust-boundary.mjs	8801	03efd4d0e9220d38ea0de40215a9d4dcb73cd3257bdbfee4e993a1861c1fcb5b
scripts/pass36/test-a68-filesystem-persistence-trust-boundary.mjs	9629	3686fd050d87a6c478996de542c1acc75eca0f08f8be8afd92d4842dbc506a75
scripts/pass36/test-a69-structured-data-deserialization-boundary.mjs	6232	2bc698390c91f69d6755b44b6bc73f41ac8d4670f50d1d6d09f0f8890177fd54
scripts/pass36/test-a70-multipart-upload-boundary.mjs	11015	e728dfa7ada4ae01bbc8cd83435faddad3cd7e1e19682976bf26f3966fc71e16
scripts/pass36/test-a71-release-signature-trust-boundary.mjs	19260	58e4741786cd007463d39ffb41c2fbc6a7afcfa9490a64e7219e81801d323ad8
scripts/pass36/test-a72-download-response-boundary.mjs	7606	39f81b0ba7e48e4bd63d52372e56edc08577fd8f92632e1d89a70c328fe4858e
scripts/pass36/test-a73-cookie-session-boundary.mjs	14199	ef2b8a77afc36733d82cbf12f3c43a29c3cb98ad0bfb6f5f67299bf8d36506b2
scripts/pass36/test-a74-navigation-redirect-boundary.mjs	12150	fe4123cb6ea010c445ea7e52c2ee287a4a3443fb6debd77693956efd0f42cd13
scripts/pass36/test-a75-trusted-request-client-identity-boundary.mjs	10906	0de5a9729b518b3e5004e2c19ac783c7d96d1fe3c96e1c5c71041bfe9b24e440
scripts/pass36/test-a76-current-release-roadmap-regulatory-truth-authority.mjs	322	ea53b81c9d4ea6bbbbcd0b099e4722193b8c83697fe2f00f899f34e311be794b
scripts/pass36/test-a77-clean-root-migration.mjs	8530	ffc60fb4be5dac263b67e0994e8540bc35aab1fc3a55370734d9b52c4a49c05d
scripts/pass36/test-a78-exact-runtime-lockfile-browser-bootstrap.mjs	7557	ea7b76e34410c1fc7bb0f11adeb866b3fb10c82bc24d2d0426140c5d1372703d
scripts/pass36/test-a79-exact-final-byte-build-browser-evidence-binding.mjs	14286	19b50b1beab3a43f97c77e7a976035b7b5b612c2b832310c504aa0d5790abff1
scripts/pass36/test-a80-frozen-local-release-candidate-admission.mjs	10029	758c14ce0f53e11861ff3ee29026a2234115e06daaaedd1ff51547520c4f43c1
scripts/pass36/test-a81-canonical-mega-matrix-orchestrator.ts	7391	9cb57fc7401ad2084acb62fcda8227703c95bf84ddb6c7e034c65c6d1788496d
scripts/pass36/test-a82-audit-real-contract-matrix.mjs	5350	37744645409e80da5654640586ed121fe489882b7b623f67eb62d7f5a68ff2eb
scripts/pass36/test-a83-browser-lens-pdf-real-packet-matrix.ts	4912	2bbefa35e87e9fc3d4c8f46431c3d2c19c6897a2d51bd396d93777bd19304d74
scripts/pass36/test-a84-shield-full-catalog-tier-matrix.ts	7107	2a7367f23ea92316c9ef19398839e75d0436cc4e74c9ae462cc27d901a8b4fea
scripts/pass36/test-a85-shield-pro-map-full-depth-matrix.ts	7380	0e06d3687ebfadc52f4070186574aa4f8bb38be604002e3ca68d50744df6209f
scripts/pass36/test-a86-real-markets-cross-asset-matrix.ts	7265	9a80c220d13bac0577730ea038b69e14ff662beb47c02e2cf4ab6f65b1502ab2
scripts/pass36/test-a87-market-impact-whale-watch-matrix.ts	7215	3628cde0634a3b3b809a4111ae891a8d5ab95ce396824a2f68228865ff6bc371
scripts/pass36/test-a88-brain-angel-risk-eval.ts	9734	b14632592132ce79d53529697610ef04394f6d37084226444edd84e3f75b7366
scripts/pass36/test-a88r1-route-preflight.ts	9860	6af88b499a27cc65f303c85a7f5a9ea00437f3e1d4f80ba521dd182f2220d2bc
scripts/pass36/test-a88r1-semantic-route-privacy-pdf.ts	11125	2e26a85f26d49669b993c96f75e9c97c99599b5e1d35d6e750307f01c14b30cc
scripts/pass36/test-a88r2-behavioral-handler-mutations.ts	31209	cba87f9bf91773c7339fe2decd2c764187b42f894a15889c298611af2dea55bd
scripts/pass36/test-a89-account-auth-tenant-privacy-red-team.ts	22482	786c58fdcced3919ca98206db335e7cdc4a15be0cad28fb5675dd2ff7930286f
scripts/pass36/test-a90-provider-route-budgets.ts	9390	f803e88b6b364668fabf1ab404d6f7268327b465f9a2bf526883d788bcc7b950
scripts/pass36/test-a91-contact-route-behavior.ts	6759	719b75a9c77165ac105cfb46d64182b0a9f699802e5a366239ecd014a0400745
scripts/pass36/test-a91-durable-file-boundary.mjs	4124	8a4f5e5257b20215c64836fab10135b01b2b98c4c8e7d4fa4aac8cd3e7848d57
scripts/pass36/test-a91-request-content-boundaries.ts	7517	4dd90a2b367e1d2198d11b94393557224e0e66475838c4d5fce137eb6a13a6bc
scripts/pass36/test-a94-css-parser-corruption-boundary.mjs	6750	b54ceb354f3a3a3602c22272b59b2db98ea5792445df8fa1949a3d6021b378ae
scripts/pass36/test-a94r1-source-clean-boundary.mjs	6037	030a30e502617ee7ad514450de2c4de32493e153ac2f115734d16a9a05f69f65
scripts/pass36/test-a94r2-cross-surface-value-truth.mjs	5944	751d0b655f1b9fe23cf90c1c77dc97c0c7794a41055bd9c9773cbc55d923005f
scripts/pass36/test-a95-staging-subject-admission.mjs	10859	34dd613278d72a65520a5e333ed412492c61f0cb79c5cf62e2aade16b20efd4c
scripts/pass36/test-a96-rls-tenant-isolation.mjs	9908	7e299a7e18b83309e42f6022f27177a5cfa5baae271aecfbe67d0b428a013b5e
scripts/pass36/test-a97-stripe-payment-boundaries.mjs	8579	f5f48102653789c9ad8aa1ad45d5879c694aa5e79277c829148ea09d11c8f6e6
scripts/pass36/test-a97-stripe-webhook-ingress.ts	5000	cc6d482dc2652a4d664a28c2d8d5c7da98e06dd32a762a97cf96384dcf26c2b9
scripts/pass36/test-a97-vlm-paid-handler-preflight.ts	2682	33b76454e4632d88e2da9d065616e4fda482f5f6c1705840dbe85feeb3c4be7a
scripts/pass36/test-a97r1-payment-operator-assertions.ts	14169	5d0d774b3707f93d39aa62902a1de79e519c2b0596849f734d847d834dfa0ba3
scripts/pass36/test-a98-email-storage-kms-boundaries.mjs	11882	738536ac1b3180379346bbb1d8055801055c7ad5f35677ccff956001bf8816c5
scripts/pass36/test-a98-email-storage-kms-fixture.mjs	12674	9424b03e43799b3ea9d3edea3367d20f99d9c9ce988b5c1e46c00e37359df48b
scripts/pass36/test-a99-backup-restore-provider-loss-boundaries.mjs	23888	54bd596317aa0c023acf2531d92360ae80c5d94127b0acc8669d474b64c72c4d
scripts/pass36/test-historical-descendant-sparse-checkpoint.mjs	10321	c4be2a0cdb5ecce36d72bf827c5e9ae6719e7ca01ac30815f1c241ee38838c85
scripts/pass36/test-p32-a85-current-byte-revalidation.ts	6348	dc222bbb3d92e507456974394fb74d380bdc2e7e67eac04c57be3e79145bf7c9
scripts/pass36/test-retired-staging-commands-fail-closed.mjs	884	86b91a18a57fa7f6b6700557f8ba3e38285b57b8e45283d3fa2572fe538ee728
scripts/pass36/triage-a61-critical-offline-gate.mjs	4003	430f5637c662db58c1bbade8b61335e30acaef3e612c5ffce4a456edcedef65d
scripts/pass36/verify-a100-action-required-authority.mjs	4614	56a8b8df18b29c49bf5fc9349c4e38a0c76668b1b20e396833f69a4d24d65485
scripts/pass36/verify-a100-clean-unpack.py	12475	794a6ccb7b115a2825c5c279fb863e8019ae49acf7fec2d45d76f49f31f2c070
scripts/pass36/verify-a100-current-root-descendant.mjs	2788	1a37d285e743af0a4677c35481851945400174f256270cf3e55107cc82612eed
scripts/pass36/verify-a100-final-package.py	5783	53a7490da762c48f32ea4e31381bc0f8266631040752920dc1335338afe7008a
scripts/pass36/verify-a100-incident-kill-switch-customer-communication-boundaries.mjs	4990	93c105677942317e2136ebc09f945efa832ecb22d912a92390aea1990242475d
scripts/pass36/verify-a101-action-required-authority.mjs	5821	c6e78afa2eb3d244bc21da5969277e39cc57b66590e10778612bbc1b2f02d739
scripts/pass36/verify-a101-clean-unpack.py	12960	b6e4e8533410d8c53437222f4da6723a5468e1b7eeda296391b5592eab889b1b
scripts/pass36/verify-a101-current-root-descendant.mjs	2693	d80af44d159f0afbc4ad02ba9d6a62a9e4110a43acfb65e5f9f5332e51ba220c
scripts/pass36/verify-a101-final-package.py	5776	2e738c1e1c4c3e6e90f481c9b9effbd0b46e2a04630e08663c7a16716d76d4cf
scripts/pass36/verify-a101-slo-vendor-exit-recovery-boundaries.mjs	6368	5e5ae42116560b991fa019f7d3f41bdc980fa7cef7b21cc56e4ee953afcb2b34
scripts/pass36/verify-a102r1-action-required-authority.mjs	6810	d3116bcd687da3b19d1d256422a8a925a621ef62e289f5dc82701233088a7653
scripts/pass36/verify-a102r1-clean-unpack.py	18578	ed72c5833a35b5893b7b5384226544b12acad5fb285ffa14cb4381dda8f542a7
scripts/pass36/verify-a102r1-current-root-descendant.mjs	2877	fb07a0b6395eb3011a64137593f411bfd44c88ec5773111eb049174867d35972
scripts/pass36/verify-a102r1-final-package.py	7824	53ea62939f5a4231af6cf1be5ba09f5823d71e6234edc648edfef81ccdb357cb
scripts/pass36/verify-a102r10-action-required-authority.mjs	8601	e4cc3e2876541f4cef47e4dc96680ba5a184ae4b3433c373c74a07ec540bc82d
scripts/pass36/verify-a102r10-approved-external-navigation-changes.mjs	2713	60644e7e68d80eb9df73d08ebcfbcf7b022c983bb08a7bfa668135f855623523
scripts/pass36/verify-a102r10-clean-unpack-tail.mjs	12824	ae36292ec13399822e560359c13c19a29eaea036a2ea27bf1aa5125d086b9372
scripts/pass36/verify-a102r10-clean-unpack.mjs	11188	3b0282c5c3a9c8d71529e5600baa59c128973a8c74d965fe6e781cd81d3c53d7
scripts/pass36/verify-a102r10-current-root-descendant.mjs	3298	7f8859f01c9935833c80da201a5d893738cd12567199cc1188c72c85ae9d1dd7
scripts/pass36/verify-a102r10-final-packages.mjs	7293	4d188d0991ae9b1423a012f8385087b48c2aaf2946c3d66a280a1bdef1d05e5c
scripts/pass36/verify-a102r10-local-regression-receipt.mjs	3913	ddef900c7850b128c010eaa945dc975ae2d7b111b2f4196b82722aa14acfcc5a
scripts/pass36/verify-a102r11-action-required-authority.mjs	8675	134b719f75ff9a14e2cb9ae03ee2d7d810d1c756465f7ffe2802647c2edda056
scripts/pass36/verify-a102r11-approved-client-pdf-blob-changes.mjs	2687	30ce64d2d9f98955fed34c6b3838db443439397a0e8841e1c40d2e44b2dca5c2
scripts/pass36/verify-a102r11-current-root-descendant.mjs	3037	18c904f6d886fc57dc1c7d5654baba27f2625d7a54344f1a416fc162ec7defdc
scripts/pass36/verify-a102r11-final-packages.mjs	7293	8c22e1a6cf85e630c9bae60d55e4469fb25401997d011ce632f37e9e565d8e69
scripts/pass36/verify-a102r11-local-regression-receipt.mjs	3865	5534694378d69cbf6b390b8afbae30840093bc239f697025e9b06b463357c3e3
scripts/pass36/verify-a102r12-action-required-authority.mjs	9034	8030e60d2853780741c5abfc2007a36b7fc30054f4f6fecb65d8a3fba100f546
scripts/pass36/verify-a102r12-approved-admin-product-draft-browser-state-changes.mjs	2904	45230fe4d1bc6bfaec05296fddc155a3241186016e5c73a2741e25b0bd24f335
scripts/pass36/verify-a102r12-current-root-descendant.mjs	3019	20a2d250110c4d9d282b3f3214198e007ff61d30d073fefc251fe1b52070db13
scripts/pass36/verify-a102r12-final-packages.mjs	7293	1e2158c71c0ed2c2319a03c3b2fa9847cb8791fe648b82bcfbdab1e30d3d52a0
scripts/pass36/verify-a102r12-local-regression-receipt.mjs	3814	8b48fd84e29322f7aa18a443a1a57d2aa4ae83ad5829dbdc8bfed182d4f7c374
scripts/pass36/verify-a102r13-action-required-authority.mjs	5148	5c311c2efc38589036ca514b43fc4d1c45b3832f375c6178af2de77173023a6c
scripts/pass36/verify-a102r13-approved-operational-log-client-error-redaction-changes.mjs	2885	c09561e7f1cc7e8311289e6ec76fc1527420e844a73ffd368947e410880325fb
scripts/pass36/verify-a102r13-current-root-descendant.mjs	2557	d77c6dfab44273e4a39bf453b05b6ce01e55ddd01423754384c13f4cbc703f52
scripts/pass36/verify-a102r13-final-packages.mjs	7293	7572678b0e7dfaef106c9fd2b38c603d3df4f9ac23cd3f54eb8babbe4c32eb18
scripts/pass36/verify-a102r13-local-regression-receipt.mjs	3223	731063840d4103c9c76aea860bb578102ee0ab3568d6d3961588e0e0a6669a40
scripts/pass36/verify-a102r14-action-required-authority.mjs	3905	d4a4c532a595bad5ec0a9e93ba86df77460759c93b064ee4e7e978da02200e63
scripts/pass36/verify-a102r14-approved-source-recovery-browser-shield-handoff-changes.mjs	2690	71f85d2ed14e3b4705cc621d79d4dde4aa9733362c1dcb70a27c84c7a28b0f19
scripts/pass36/verify-a102r14-current-root-descendant.mjs	2010	d0a929104332e97af77fa96ad3cc32c0a64d21b45b0d73321970187cd3a69613
scripts/pass36/verify-a102r14-final-packages.mjs	7293	5fca38f6dc7d4e0b67175d631971c5dabac9d30543cb66f426005c33adf418f7
scripts/pass36/verify-a102r14-local-regression-receipt.mjs	2711	e6127c6ebf0dae953ae56228b0786607bde7e1e904f9ca0e7b9d87bef092978e
scripts/pass36/verify-a102r15-action-required-authority.mjs	5038	4414e811ef5e4c7f481cbd8473e9a13ff6ad59a77936b2af3effa9469619e0b5
scripts/pass36/verify-a102r15-approved-asset-analysis-system-clipboard-redaction-changes.mjs	3034	98ac1dc8a00c5aa66a3842fed7a3d2eb5568c6d504b237b0db2a439413ec5465
scripts/pass36/verify-a102r15-current-root-descendant.mjs	2516	5b8079c5f79aec339838b43a854b5ae0b929f3315960dced35a7540897a43f69
scripts/pass36/verify-a102r15-final-packages.mjs	7293	3be9e052ad52ba8c45b4d269079b5870ac985d3fa84d293c762fb67fdcf6a07c
scripts/pass36/verify-a102r15-local-regression-receipt.mjs	3117	a561e8ffbc615eba1dfdb22bda669ab60429b3f52af1cabcc4d2727eb8ad72d3
scripts/pass36/verify-a102r16-action-required-authority.mjs	5088	a9454c2dc7b244696694528d9cf3a7e695c1c9a968febaecf47db07ca895ee37
scripts/pass36/verify-a102r16-approved-cookie-consent-granular-expiry-changes.mjs	2690	c503c7a2d65af2b5ebe31d0eb2ff51576298d83ac0df1719f1e0c2f48425e47b
scripts/pass36/verify-a102r16-current-root-descendant.mjs	2774	ffa77697e01b6a7fa3408a34670e4edd83c03dcde1df58755892b3506dda5818
scripts/pass36/verify-a102r16-final-packages.mjs	7293	3a62ddbcc08ccf326cb7f1d7fd67c46fb8560676dc531159159af9daa77ecf53
scripts/pass36/verify-a102r16-local-regression-receipt.mjs	3001	07742f372c731e4e037448543bb49dd9ee200ef12fc87787f2441baf020971f3
scripts/pass36/verify-a102r17-action-required-authority.mjs	5318	00eb9b7b7ea1465347422f18fc28f089226535bb642589ec566a4b2fcaed0c8b
scripts/pass36/verify-a102r17-approved-browser-response-strict-json-error-redaction-changes.mjs	3059	386948802e95387ee07e4374d09fe1c656523f17f098889cb9159d4d81a20873
scripts/pass36/verify-a102r17-current-root-descendant.mjs	3202	548140475e49141a6ee53d052d7df79ba282f409f511a6af398416d10b2602bf
scripts/pass36/verify-a102r17-final-packages.mjs	7293	0fdf4434b5af726812988c15fb3c1fcf6039a5da6a69ef741d270c5937290d51
scripts/pass36/verify-a102r17-local-regression-receipt.mjs	3139	c6e05cd9767b62e86f3e31857723d331c5c8bb7aa06b5156a31080776be3e421
scripts/pass36/verify-a102r18-action-required-authority.mjs	4936	acb0c726c8a2329d78dc74375405b647097e69d8e892564eaf253c3b815399f3
scripts/pass36/verify-a102r18-approved-public-community-system-clipboard-changes.mjs	2873	293ed58fff9a4c1b0ebb60e12b22ba3e673c90b2199f70986bb1050f1fa0c599
scripts/pass36/verify-a102r18-current-root-descendant.mjs	2348	83051c3e41cc4f3c1f0aeeca51a7cc07bb961c87b97c31e6e982f20d754a0d3e
scripts/pass36/verify-a102r18-final-packages.mjs	7293	e6dc6c77cda3c4290ac194b7d63be153635d2167739a2dd0453e3ed598491880
scripts/pass36/verify-a102r18-local-regression-receipt.mjs	2871	d71db5947eedb0cf7640cb198088117947e58153950a128f36f624f441fd7992
scripts/pass36/verify-a102r19-action-required-authority.mjs	5504	9de524fcde999018ae48518d51c39a0077a0ed9ed65307c69d71538580356e06
scripts/pass36/verify-a102r19-approved-css-customer-minimalism-changes.mjs	2840	1768c45ec3c93e8ea97378323ca7d8d7b4e144f32b2bc43eb39da70a1d724832
scripts/pass36/verify-a102r19-current-root-descendant.mjs	2421	1c28dc23c06e146e0ed825c59b1f351e05a1d8aff9b68d0a4880d6a009b08768
scripts/pass36/verify-a102r19-final-packages.mjs	7293	a4ecfe145b9ec6ecc5281598a158a0ad5630b91ccf3233556d8a55652f8d43ac
scripts/pass36/verify-a102r19-local-regression-receipt.mjs	2923	1165b5ceb38ff09b8410bf9c735a8209a3684cbcc1603b805de0a7747c1010c1
scripts/pass36/verify-a102r2-action-required-authority.mjs	8346	b8fe7bcc9659dc9d6f1215d9450917dce4c87e6d6dfbcfecb7f5a5292e0c627d
scripts/pass36/verify-a102r2-clean-unpack.mjs	13895	16577582651719c110e49027332d5e15210a4bb39c521b3fbeb19f28466c8dfc
scripts/pass36/verify-a102r2-current-root-descendant.mjs	2843	cb7845ba5c3702d07d9c0869d9bcdbd54e8e62d1ed07af947b486b0b5500a52c
scripts/pass36/verify-a102r2-final-packages.mjs	7275	a5ef740457b9cd7aac2452d00c4cb38f3b15b53f8fcf59134a06e4df179e1d63
scripts/pass36/verify-a102r20-action-required-authority.mjs	7379	65af21e42d1cd45795bca3d86883cb760eb7ee7ec4211d0edeccea057cb2ae4a
scripts/pass36/verify-a102r20-approved-authority-handoff-changes.mjs	3537	2ef75b87a4759f0b9ad9592bf499d8fea071c6eb5657328b87d2def297dfa945
scripts/pass36/verify-a102r20-current-root-descendant.mjs	2678	063c206327a7b6ceac19adbcd0c35b74d59e7ffccf6d7a8242ba46fc342b52f6
scripts/pass36/verify-a102r20-final-packages.mjs	7293	386fa6c7f4f12a24a413f20106bf09cd29b058c00d34bc28078a73be5fc59bc2
scripts/pass36/verify-a102r20-local-regression-receipt.mjs	3071	c2a8e3dc0822895e9cbede366c8cd7e8abd048760043aa477a8424fbef4b10ba
scripts/pass36/verify-a102r21-action-required-authority.mjs	6470	583a5c20535fee3e072ea763ddafbd10ef79421b2feb7f73ccf5989c4fea56fb
scripts/pass36/verify-a102r21-approved-customer-jargon-minimalism-changes.mjs	3255	b0dd7434c4cdd943db42776dff7b21b1d69156af7601fdb325409c903b8164dc
scripts/pass36/verify-a102r21-current-root-descendant.mjs	2688	3686c339aa4026cdb2d122cff03cdcdb06d59a406217ca44f253cfa0686f6530
scripts/pass36/verify-a102r21-final-packages.mjs	7293	26aa9a9a8b212a5b986315ba71d0b6df3bb675b5ed89d3640d93bab3430637a4
scripts/pass36/verify-a102r21-local-regression-receipt.mjs	3075	c9806ab59e6082abda6726070cb18700a6acd76b876eadea427beba657c0544b
scripts/pass36/verify-a102r22-action-required-authority.mjs	2543	fd1e7d645181bcee09ca456c8694bb0820df30ccc766584f50c39bfbaf976971
scripts/pass36/verify-a102r22-approved-runtime-data-transition-changes.mjs	1393	a53be98fd6d6358e57630d9a348f11a37dd0425821195d9fa7dc3f5da15e8953
scripts/pass36/verify-a102r22-current-root-descendant.mjs	1490	d86de769bea9ceb3424c0096a9556efaada6e63bbe7379fc0cfdf86eaac9c1c7
scripts/pass36/verify-a102r22-local-regression-receipt.mjs	2732	2eae173bb7de8be3b4446b2f04b5e3b83c7971c351d03c21b618acc3d20afb62
scripts/pass36/verify-a102r23-action-required-authority.mjs	2548	f722d07c44878771470b1a732b8e12e3912a1fae6e91b154ca2d8545bb711737
scripts/pass36/verify-a102r23-approved-kline-prefetch-logo-changes.mjs	1421	9d6aa98be74a53737967b14b7512a1dbf7642ae98c26b9866cf923f6f9a4fdf4
scripts/pass36/verify-a102r23-current-root-descendant.mjs	1490	2ef87425fc222e4715d6c407321cfe163e2d09df741ca357e804a6de77760cb7
scripts/pass36/verify-a102r23-final-packages.mjs	7293	bd9fec0dc3c57da3f7ad3683bf5f40d34e700c513963ff96e2cd514e4f41ade7
scripts/pass36/verify-a102r23-local-regression-receipt.mjs	2732	742cc10e461f57a8a2c535b34fc93ce74cc9d8bf432b9d35e7f79464be7a18c5
scripts/pass36/verify-a102r24-action-required-authority.mjs	2543	6ecb36d60c05484f1e6abdedb4d607766abd558d6abb6663d1ef72f3377343dc
scripts/pass36/verify-a102r24-approved-shared-catalog-reference-changes.mjs	1426	76c78c628aaccd7fbd66adff6eab24d4c8ba8f4d68d28cf21f842dd33caa8e44
scripts/pass36/verify-a102r24-current-root-descendant.mjs	1490	dced64fb7fb94c766d5570a327c42a5aa263d8522112e3576a651389eb9a5b83
scripts/pass36/verify-a102r24-final-packages.mjs	7293	b50ff4f03dcd0aa209a04b560f0eee647593e2ed0fe26e1aa2cc1e86bccbd9b5
scripts/pass36/verify-a102r24-local-regression-receipt.mjs	2783	cf9c1f68b6cd2015a13be81216e64f07361c721d613c9a0b6795a6b6069b002f
scripts/pass36/verify-a102r25-action-required-authority.mjs	3037	7376322c47065484a52f6102fa98f0e8c4510682b147028fbde813eb036df903
scripts/pass36/verify-a102r25-approved-market-intelligence-changes.mjs	1424	d3a93241a27886170565c747041b5f9efbd96011b5a7447c4c9163de9bdcc719
scripts/pass36/verify-a102r25-current-root-descendant.mjs	1490	3ae506fc8767d077f78494a2ac6dc137cf128c195e459887948a86a1d5f6d183
scripts/pass36/verify-a102r25-final-packages.mjs	7293	a0b2e2d795e30b61e661f65b5a147cc08d7d309aaa316af8e7efebfe4789c18a
scripts/pass36/verify-a102r25-local-regression-receipt.mjs	2910	90a42842405c0a397106bba0143222a5da07180adacfea97b7372c2388227ba0
scripts/pass36/verify-a102r26-action-required-authority.mjs	3601	947b19cb9cadd6f15ada2442a4b85083cbdbc7cba312b14e6b55d79d60032671
scripts/pass36/verify-a102r26-approved-chart-runtime-changes.mjs	2086	69c924956dd14e0104ba08b019737533435163d05cad9681ffa95532d2360114
scripts/pass36/verify-a102r26-current-root-descendant.mjs	1490	29ea1ea91e17441b6644c45956a8b09a04b0c5a53fe17a72790c6abe4ac0b6da
scripts/pass36/verify-a102r26-final-packages.mjs	7293	01c14b867e99f8f40084b45a7798b3073aa8ad1bbd301dd48284ca7662da1ace
scripts/pass36/verify-a102r26-local-regression-receipt.mjs	3481	f049dbc059b6c00a45bfa1bda2354f1ba9f3897c11a58d9202723dd66dce7d16
scripts/pass36/verify-a102r27-action-required-authority.mjs	3113	375a2c18fd3908381b4e9fd7ea1429993724423521d7d65f28a8bbcaab230d6d
scripts/pass36/verify-a102r27-approved-provider-identity-changes.mjs	2092	383daa1df1235f245f7381d6f32effaeedec9dc673eb41506cd550b34a95cd04
scripts/pass36/verify-a102r27-current-root-descendant.mjs	1490	8100db6295c117b23cf35d337d025a8d0fcab5f40e36d371a0fa7f1522bf3698
scripts/pass36/verify-a102r27-final-packages.mjs	7293	30df6bddc6b67244a4bcb6f901f4ece555cba47e95c12ddbf000f650654a9301
scripts/pass36/verify-a102r27-local-regression-receipt.mjs	3085	e9a9fe14d98678d273f841923afed0b7bfcb92afcaba564b30569bd927d8bed7
scripts/pass36/verify-a102r28-action-required-authority.mjs	3676	029caba52b37118280c800dea74074bf059d809e4cf88a00c32f1aba70d6f258
scripts/pass36/verify-a102r28-approved-chart-race-changes.mjs	2069	53ef90bfa5082ea9a7e75d866b5ea76dcedc79ebaac7c6860d83d22f7e8ddc1b
scripts/pass36/verify-a102r28-current-root-descendant.mjs	1490	970a06faf2cbd723c81f3b32dd5e60e3ef671c849056e205297d678980d040ee
scripts/pass36/verify-a102r28-final-packages.mjs	7293	f90b551d7367ea41264a2a8f569d363c3824ff45fd6ffb6df4941c1763b636d3
scripts/pass36/verify-a102r28-local-regression-receipt.mjs	3134	0f1a8356983bc214ff632a16a2f7c1a00a1fff55aacd3aa9b7e61da34706fa73
scripts/pass36/verify-a102r29-action-required-authority.mjs	6054	ccd9d693b0388b6cbb197fe4880a61c1c4994f830993cc7d427068918184d93f
scripts/pass36/verify-a102r29-approved-route-cache-authority-changes.mjs	2191	4c34aa18ee62041d054a66a932840cf269ab979b1cd46ea6b4ae2ba4f0679d79
scripts/pass36/verify-a102r29-current-root-descendant.mjs	1772	ab01783c9f5dddb588722a282b8f5eb8c5cb95fcd5663131738a60971f3b99ae
scripts/pass36/verify-a102r29-final-packages.mjs	7293	64c6d0f151e659941c717a1063ee45022ee87645acd68807d6978f6b5e090b89
scripts/pass36/verify-a102r29-local-regression-receipt.mjs	2567	035a6da97af350b7e3a76b6a57ffc35b3648691f768bbb829b765848cda97dfa
scripts/pass36/verify-a102r3-action-required-authority.mjs	7883	8f224755402cbaa253965b50d2ae30b4386d77c1d549344777d1aca6606d5c6f
scripts/pass36/verify-a102r3-clean-unpack.mjs	11302	884f0cc8116e9eee1a399ba07606e34b1d2c971b85fd9a8b79479710b26d7587
scripts/pass36/verify-a102r3-current-root-descendant.mjs	3082	f7c347cfff083ed5c21aa7f1511fae2b362d2f68d01acf3c26b067f428cc888e
scripts/pass36/verify-a102r3-final-packages.mjs	7275	5fb732e45ce4c10266ba26f16adb1e014bf23af29a1def78cfe67e85f86b269f
scripts/pass36/verify-a102r3-local-regression-receipt.mjs	3594	10eae3c25297c44cbc86dbefb4cb96a9266c15500ce222b414935193ef4be5ee
scripts/pass36/verify-a102r30-action-required-authority.mjs	5996	060ba634e16c4e46794ddf3833e2f1c347e4841b4cf345dc6c2cbbd9d215eeca
scripts/pass36/verify-a102r30-approved-route-cache-authority-changes.mjs	2187	1fb96ade3cfeddd807fa9cac96ee7f29707224e6da171794139b682f40c8bdfe
scripts/pass36/verify-a102r30-current-root-descendant.mjs	1749	2084b527ed5f0844e0ed5e71cc4b4a64328016594cfdc945596ebacd52028f2e
scripts/pass36/verify-a102r30-final-packages.mjs	7293	ba1a50a07c30e9cb35f6c0aec78fcbee0949ad3137c9183c10b647c021b61546
scripts/pass36/verify-a102r30-local-regression-receipt.mjs	2324	52d911ed07dd4c7f435496c84ff2e95f04137fb2ef7675d10ec8af7dbfae5e49
scripts/pass36/verify-a102r31-action-required-authority.mjs	6322	41ffa7c30ebb186b2cfa2fed885f3a9e1e6aed8dcb7bcf3b2238774c36f06a73
scripts/pass36/verify-a102r31-approved-route-cache-authority-changes.mjs	2165	90386e9c2f02533a53e80a30ad11f8f49dbaf8a90e5aca631f79ff7ccd83a09e
scripts/pass36/verify-a102r31-current-root-descendant.mjs	1444	9ec1fbe4f5e5df3323f15fc8927105b4609753314f3cc2eaca2914dcbdd800d8
scripts/pass36/verify-a102r31-final-packages.mjs	7293	682ad97b70b6c4d4f0a6afd94819e1f11a528d97222dc00e9d3e2f93f3d8f714
scripts/pass36/verify-a102r31-local-regression-receipt.mjs	2359	47b1d7d11b2511999edf730f065904908ef4b288d48835d7ff2c138f1ae1e850
scripts/pass36/verify-a102r32-action-required-authority.mjs	5119	e7b7072544f465dd5252a2f3da0ef4402da2054976a373c439243a275082587b
scripts/pass36/verify-a102r32-approved-route-cache-authority-changes.mjs	2169	5f30a744a54388583c6d51e8f4f2c1c142f428f1f9f675af341457763c264b1c
scripts/pass36/verify-a102r32-current-root-descendant.mjs	1592	640e344f0514de86a378fd84860c4becc7a66e2e2721412b1d81b2e8d95eb495
scripts/pass36/verify-a102r32-final-packages.mjs	7293	582e68a2ddfb6892607bcc7d945ce7d08a8287a3d098654c11ae585fb8c62bcd
scripts/pass36/verify-a102r32-local-regression-receipt.mjs	2231	428147b2c92bc2991f419aa32ae96e2b6e08e6eee80bdb2972d63631bdbbde24
scripts/pass36/verify-a102r33-action-required-authority.mjs	5252	79a420bc4d5b79e8180cae64c9d32c2df6f5b7d62ca3cd41214987ffccc97386
scripts/pass36/verify-a102r33-approved-route-cache-authority-changes.mjs	2169	cb1ede90645c6f47a71643ae4bddeebe7b394c5f86418970a68c1157271ccdc3
scripts/pass36/verify-a102r33-current-root-descendant.mjs	1604	0f14e18464dadd548f27d2026c8a6ebf80aeba312db3b82e42104dd63ee0fb0f
scripts/pass36/verify-a102r33-final-packages.mjs	7293	23df2f7fe3e64252ca201a6540d8e99396e8a6147b547b269e6760b19e82f05c
scripts/pass36/verify-a102r33-local-regression-receipt.mjs	2473	a8ca98ba440ca40b64c68247a7cb1125c4d8ed8c7f73946aa896328ef709c3aa
scripts/pass36/verify-a102r34-action-required-authority.mjs	6374	8de080613b357bb91f255d005787b7e1ba7910a569b92aa5b0338f0829dbcc17
scripts/pass36/verify-a102r34-approved-route-cache-authority-changes.mjs	1878	bc5d4c5523cc49208cf352405c24385b7b040de1ca7233a066794f2789acd7cd
scripts/pass36/verify-a102r34-current-root-descendant.mjs	1627	8511ea80a61b173ac6816ddaa208e6f523bdc6821de856c2ef79b382564ba47b
scripts/pass36/verify-a102r34-final-packages.mjs	7293	67d507121107c7bd6b404e07b148b11f6aec990cd8d3c57e9108152a3023e4df
scripts/pass36/verify-a102r34-local-regression-receipt.mjs	2013	cb82ab7635ae61d1a35037fcc1e97b323893ec60bd67bac861e7a477460f6bc4
scripts/pass36/verify-a102r35-action-required-authority.mjs	6335	fa5c8b188a568fc0d52bafa4642744dbc528789f07e2f39750a922c8eae14aaa
scripts/pass36/verify-a102r35-approved-modal-scroll-lock-changes.mjs	1863	51b6f96edeeab6e387b54d602d94bedd99b3dc92738e9a01bfc6fd99f432c15e
scripts/pass36/verify-a102r35-current-root-descendant.mjs	1609	38578e10bb4267a83794bb275c93b8db828a0367818db3c94825dfd310171978
scripts/pass36/verify-a102r35-final-packages.mjs	7293	60c5e6d462853bc96ad6b47aee037c94437d40c18f682c70431cc70fc49fcc87
scripts/pass36/verify-a102r35-local-regression-receipt.mjs	1969	92eee5c4c5ad7c100d5da0798f498903677d75ce9e3949a880ecdd924ac541e7
scripts/pass36/verify-a102r36-action-required-authority.mjs	4530	ff88bbec27d48e8e5b4a89df8b3846b16a042ca567d349109a9dc8ea188f594f
scripts/pass36/verify-a102r36-approved-eslint-runner-changes.mjs	1846	80981012fe2fa02b09987d9edf931e9671342d568f259a6bdfb3de324e618784
scripts/pass36/verify-a102r36-current-root-descendant.mjs	1508	5a889b3f1966f944d6c7be041fd4268305d0124063221661e13801d89d58171c
scripts/pass36/verify-a102r36-final-packages.mjs	7293	48d68fe5dd534c6983bc017d02f3693a39584f13598471c68f5437b55a897b81
scripts/pass36/verify-a102r36-local-regression-receipt.mjs	1747	bc6cc3ff8dade874ff0acf47f38100785372979ab810b3b01796655bccc1e2e8
scripts/pass36/verify-a102r38-a42-critical-rebaseline.mjs	2293	67dd9d791124b00846e3ce16ae424a83b146227fac73e18e7db2a36120530a3b
scripts/pass36/verify-a102r38-action-required-authority.mjs	4786	8a75ef37b6ded24296ca0fa98636e9be9209ce8de6ab67e7e64830c6c884e033
scripts/pass36/verify-a102r38-approved-production-smoke-evidence-changes.mjs	2049	68402bb3c7aeff248587838ed85e997a530978187129d5e0dd12576c908b8f6e
scripts/pass36/verify-a102r38-current-root-descendant.mjs	1693	f13e8a5578188216eaca3deb3acc36e1b6192a4cd510de994359da8ed6632eaa
scripts/pass36/verify-a102r38-final-packages.mjs	7293	67233a64b897af25832a30cdf0e117f0ef4dcb38492ee334491b79863002626b
scripts/pass36/verify-a102r38-local-regression-receipt.mjs	2162	2c4d3c921fef32397bdd7154fefefcb40a090ee9cf33438ed4bf3f4bfa1f3956
scripts/pass36/verify-a102r39-a42-critical-rebaseline.mjs	2114	d4e6be7208276087c96abba92274fcb7b5ef6dc9d5e0eb2919b0adf828b2187f
scripts/pass36/verify-a102r39-action-required-authority.mjs	6640	9f716d49255bf789e284c5bbf16872af3c82c50be9def6a15852355969ba6415
scripts/pass36/verify-a102r39-approved-source-mode-changes.mjs	3679	52fd36ab2a8ddea9d1422d29ef8be08c28ee7322d9d907bc700bfacd3fe78200
scripts/pass36/verify-a102r39-current-root-descendant.mjs	2663	8c4a39a70aa7a9bc9ec11abdab0620b5bae6a07f21fcc87a23bb0264c7f05ff6
scripts/pass36/verify-a102r39-final-packages.mjs	7293	d68bf308dd3428562b58b5210bbad909879ce2fdd266b7b27ee511f296218ae0
scripts/pass36/verify-a102r39-local-regression-receipt.mjs	2310	fc549b01c4b88f3a4438e04bc0e3b170b6661093af037062bc7bc23de226de39
scripts/pass36/verify-a102r4-action-required-authority.mjs	6038	0c70a4701365152b21b6db07dfbb00957ee31b395e917f93c0ec0b95c7853121
scripts/pass36/verify-a102r4-clean-unpack.mjs	12040	f4b9317041e2fb17926dfe96aa9fe237f505ec669566632a35fc3601b03e1eb6
scripts/pass36/verify-a102r4-current-root-descendant.mjs	3082	ba5b4d4904364e9c7b6192d81fda0daaac485f0786f5dd3f9d4c947348a6444b
scripts/pass36/verify-a102r4-final-packages.mjs	7275	d4e161fe85d9d108158808048b2912bd4c63c59c7a739afc3546b8e73810454b
scripts/pass36/verify-a102r4-local-regression-receipt.mjs	2779	07331821d6216994b6fb89972658c7fbe608e178813bc37dc031736b364aea91
scripts/pass36/verify-a102r40-a42-critical-rebaseline.mjs	2113	ace35476ca82deaec95a9b7dd837eb1bc9305f0bcc861a86b870ef3028e04f1a
scripts/pass36/verify-a102r40-action-required-authority.mjs	7365	44d11ded026e66cf5a34782f057c8307bf9a12b03abf3f4cb0a368e74b83b0bc
scripts/pass36/verify-a102r40-approved-current-source-changes.mjs	3756	dc90c67557495096420de3f66dc9895e2b50f3c3b710cdf7611172be09e7d206
scripts/pass36/verify-a102r40-current-root-descendant.mjs	2271	c2766b72d0eff791d203f933436b22267184e7a9461899129a98dd1fa6f4856b
scripts/pass36/verify-a102r40-final-packages.mjs	7293	7e3840b2bb96f040b2d2246f39f39fc0e0b268412579cd0c87546630a4644bc9
scripts/pass36/verify-a102r40-local-regression-receipt.mjs	3085	c6efeff778814b4a703f06a1dc8876cc73637b73579fdbc8d06787b7689e4d61
scripts/pass36/verify-a102r41-a42-critical-rebaseline.mjs	7087	d6e647f204583c7249e72f3725c7995c43e83c9e68f7e93b437e8bd7da4a1529
scripts/pass36/verify-a102r41-a60-browser-fixture-evidence-denominator-migration.mjs	42823	bb5ebdcf58fb1dec63e8dd210d8107fd8a924dc18f6c3074b9d0e2d9d0ea1db4
scripts/pass36/verify-a102r41-a60-post-build-typescript-denominator-migration.mjs	10599	78fdc3c61d9b008ed06531d977a943499303badcf849fb44e4d836b6bad9f5f5
scripts/pass36/verify-a102r41-a60-runtime-smoke-denominator-migration.mjs	7476	50c0f4bdb380400e9db4d6ee3ce95d4a0262a2305928a9a9c6c2a930c6681634
scripts/pass36/verify-a102r41-a60-stage-authority-migration.mjs	5927	c22a30d0ef14de5699ca2cf676f2a3c7de0c565acf6b150560a94035f66d4ebd
scripts/pass36/verify-a102r41-a78-lockfile-denominator-migration.mjs	6434	24e2e3e8e60b300434c957520c755f287bf08724f558ed58081eefa0ecb7ec7f
scripts/pass36/verify-a102r41-action-required-authority.mjs	25915	b7b3cace3e85f8a34c80f77a9eafbab91478425bbdca2091a3c4d6e40163ffc6
scripts/pass36/verify-a102r41-approved-current-source-changes.mjs	5852	6ad3d125cfecf4edba609fc467b91f69f05bffd6781a466eaec60ef7f9dc8172
scripts/pass36/verify-a102r41-clean-unpack.mjs	35084	b3c5473ef4339acb2a6d420d920132365492d62d3039492d9846b6ab33857dcc
scripts/pass36/verify-a102r41-current-root-descendant.mjs	4348	034f5152f64791d4af4133973c65ebd585fd0b00adfe85bfdf13673214867c0f
scripts/pass36/verify-a102r41-current-source-authority-denominator-migration.mjs	5173	51b1b9550b6ecc2a586cf8f993f19e5bf4279a6d021e620e781a722899905704
scripts/pass36/verify-a102r41-final-packages.mjs	11944	1dc559deff0bbfb08915345e1501fad1e8c7e77fcbcfb940d69b88324608154b
scripts/pass36/verify-a102r41-next-tracing-root-and-build-receipt.mjs	5752	0e16f820229b67e0aa834154a5a1a28ef0ebd3b7906004cb619dddc4502c0d0d
scripts/pass36/verify-a102r41-package-boundary-denominator-migration.mjs	4535	b924950551a48f2d7f6233b348273e9947f2fc120f2347ce72eaa1dfbe2a7d86
scripts/pass36/verify-a102r41-windows-segmented-build-lock-migration.mjs	6879	f3da45aa0135708c51e5e01c0f6d6ed25e4cf32aff2ef9b9d039736b5267aac0
scripts/pass36/verify-a102r42-a42-critical-rebaseline.mjs	8656	cf14b959659cf261a99d81515c04b61b38b2669b46135d46d1bff432937f55b5
scripts/pass36/verify-a102r42-a60-failure-finalization-denominator-migration.mjs	9123	2e7d1dedf4e95b5e0f71188b95a84ba1600c558da0ca947d181975ea6e32ba1e
scripts/pass36/verify-a102r42-a80r1-receipt-denominator-migration.mjs	7329	517847d5ad92ba226d94a31f06dda8dec410cbc56221f766825b85879bca58df
scripts/pass36/verify-a102r42-action-required-authority.mjs	22332	068f6a1ddc4d9d4359f55051eab960ae0c2af0a1cbb9eda40c77f97389f7a432
scripts/pass36/verify-a102r42-approved-current-source-changes.mjs	9624	9865c99524fa7bb0d068aff1548e7cc20f2f86aad6b590325d7f9a86f0377469
scripts/pass36/verify-a102r42-clean-unpack.mjs	35859	147145bb3597e7dba962833ce4f400f6cbda08d014371be9473e5567a9f5059d
scripts/pass36/verify-a102r42-current-root-descendant.mjs	6525	79e7bb79d5e5c60f4fb0fd30b1ad7f60c98bf865e93fcf628084135836f20b7f
scripts/pass36/verify-a102r42-current-source-authority-denominator-migration.mjs	6034	364a5c682041b7555cb4e4e3bf9a741c944ca7b20abe172e2b7c0e40ada9b220
scripts/pass36/verify-a102r42-descendant-verifier-denominator-migration.mjs	7344	5801317c54c5b7ea835f8b1ff31115890df2858945b403623c2e835af395e960
scripts/pass36/verify-a102r42-final-packages.mjs	11900	19a93830d3902a1eb71dbcd57172c72b7ec1d5b1d6742278715b49afc789b78d
scripts/pass36/verify-a102r42-frozen-regression-denominator-migration.mjs	5695	52eb5b29c6b66db6ae48c3c18157f340369351613a6eb16c0f76fe3f4d2911d1
scripts/pass36/verify-a102r42-package-boundary-denominator-migration.mjs	7125	986e751bcff3e1bab0045f2da95b937f0e11f26c054f03f506d0404fd21c688e
scripts/pass36/verify-a102r42-static-semantic-documents.mjs	4657	5173205bc420b9e13fd8819529da211e383974792a6928cd7c337b3cb45783cc
scripts/pass36/verify-a102r43-ui-performance-authority.mjs	7832	0c96af6a9f5442246d904bb78b2fd08b16aabc6f7deafdd8fdc778258d114674
scripts/pass36/verify-a102r44-final-ui-polish-authority.mjs	8428	9d44e80e281e2080f985e300567f68ec72aa1fb33645f95044104260cb6bd6fa
scripts/pass36/verify-a102r44p1-current-visual-freeze.mjs	3172	15fe0540a9b062542d82978bd696f6437598ea9107418b0a43010aa74eed1f5e
scripts/pass36/verify-a102r44p1-product-reality-wave1.mjs	3868	7733c2eeb5a15f3a86b820348b6fe6c80f115d908377282ece2061bce2ba2afc
scripts/pass36/verify-a102r44p10-independent-final-audit.mjs	6796	7d5499a8f9b25eacba2e6855484f668273226c213157d799f067cff339be1038
scripts/pass36/verify-a102r44p10-route-dispatch-rebaseline.mjs	1807	49a129c08bfc8e2dba4a9282b012224b9533004afe0838150cfa3b7d928882df
scripts/pass36/verify-a102r44p10-source-authority.mjs	3706	9baecd064754cd21d95828a56c4c02852fc072a5f93ff9c09bc70583ecc4960e
scripts/pass36/verify-a102r44p10-targeted-closure.mjs	8322	39478fbcc2ba4114ceb0828674d78c93475571ddb32d4de5a991209cff4359b4
scripts/pass36/verify-a102r44p11-audit-pdf-corpus.py	11261	c1e78c75dca81ec1a07734fa451ba43c039d86e77f69dacb6292c7024b3b0038
scripts/pass36/verify-a102r44p11-compiler-ast-policy.mjs	6125	44c1d1b7bc02a7da0f499261e24a3ff68778475d4fa8bfe76260e5398da871c1
scripts/pass36/verify-a102r44p11-independent-final-audit.mjs	5245	bcc54bb9e442ca70a82eb759e363adb4f3ddbe2ea74c4dfb17bd998e11a2a542
scripts/pass36/verify-a102r44p11-pdf-customer-truth-policy.mjs	4351	c72c17f3b1825a52235db55cb9ae467506dbb2b72fdf5fee9fb622638f7459ab
scripts/pass36/verify-a102r44p11-route-runtime-rebaseline.mjs	2460	d585f0332669623a4569907cc5ff0beed1ccd8376cf3e3ec98b6064e8999fbb6
scripts/pass36/verify-a102r44p11-runtime-customer-truth.mjs	5450	eb83af89830efefff0f51c87edf2de7fdc1317590e1c526b2858a12d670e2e1b
scripts/pass36/verify-a102r44p11-source-authority.mjs	4789	920c9fc11e11920ae01d9870e228e78ceba1b47b2310b35f00bbf60e5569a3b3
scripts/pass36/verify-a102r44p11-targeted-closure.mjs	4854	f3c2b037479d9a341778765a2bc4f2cce47f99346a80a00a93a71d0f9ff9a0ee
scripts/pass36/verify-a102r44p12-a60-typescript-root-denominator-migration.mjs	6855	cdcc3a098544e0424ae30b5a6a616b68659ccfaefb34f29506211789ef370c57
scripts/pass36/verify-a102r44p12-approved-source-changes.mjs	4907	e2b28cf20fc8eeb2b9c4383fd118d1652a1145651af43b4098e839c250cc4f59
scripts/pass36/verify-a102r44p12-browser-process-isolation-and-verifier-identity-migration.mjs	9933	aea24cc198651b2d3c96e6c48fcf54cf1834bf5cc6df3173de60020b7f8274da
scripts/pass36/verify-a102r44p12-clean-unpack.mjs	3533	85123d739dcbe044ff12e7d56fd4e385652b35f6ef1bcda1ec581546e56c3088
scripts/pass36/verify-a102r44p12-independent-final-audit.mjs	7302	cfbc6a505d63d2e243e96f4332545dc788db13467dcdcc0d98aefb560e9b7134
scripts/pass36/verify-a102r44p12-real-provider-diagnostic.mjs	583	e57a9393f551df69898cc46538c55fc6119131fac15d899b917f65aa17459a90
scripts/pass36/verify-a102r44p12-source-authority.mjs	5574	57480a3df8f8ecf5da71069086362cb44a16aca60fbc3ab0d9cfa53dfa26058f
scripts/pass36/verify-a102r44p12-static-policy.mjs	11243	60553129af1fcb66bb3118603e2f70622d692d873bb585a65260839c3f6974fb
scripts/pass36/verify-a102r44p12-turbopack-rss-budget-migration.mjs	11468	7d58105918ef85c5e1bab6a81e6cde598e294b770c15d4649c6f1086fa8a86bf
scripts/pass36/verify-a102r44p13-approved-source-changes.mjs	3577	fe4fe76fb31862c82a04dfead22f8e2ac4a409bab37863a1086ca6c4d0c60db8
scripts/pass36/verify-a102r44p13-clean-unpack.mjs	3204	aa37d8519e18fbb917cf58e806b0cd53bee0dfa6bbaa360674dd83527722746a
scripts/pass36/verify-a102r44p13-external-labeled-accuracy-policy.mjs	1008	e0e2730c9eae27c28a37fe414c64f47b5870032f2fc6ab482f463a5bb1ee136f
scripts/pass36/verify-a102r44p13-final-linux-browser-evidence.mjs	4168	b3d704681878be7f97dbb3f11980c123ed159fe56de688914d24527c8d48af18
scripts/pass36/verify-a102r44p13-independent-final-audit.mjs	2117	4b44c6d504e9e96d4a831091385326cc450f4b194adb919f02a6372dbf9c1d41
scripts/pass36/verify-a102r44p13-source-authority.mjs	3824	d177a9530c422cd69ca2f0a55a067b96a44d2cb3441602b0f6f6986b942747a0
scripts/pass36/verify-a102r44p13-static-policy.mjs	4076	7ddbc117683dc749a51b65def813a91244948be0cbe97f6697980cf105e5dcea
scripts/pass36/verify-a102r44p14-source-authority.mjs	4681	faff808064767d52d46ccfdc3b019f2c9ae3c27451680068154793d797dfee17
scripts/pass36/verify-a102r44p14-static-policy.mjs	4675	f11959b56de56a17cb5e877ef3e1f6483f182ec25583616b137dcdf873c1b898
scripts/pass36/verify-a102r44p15-approved-source-changes.mjs	3762	8a7a8ea3fe809a78505ee524f6744bb98c0f3857e6f12a9b173052e4e4e598a2
scripts/pass36/verify-a102r44p15-external-evidence.mjs	3683	748dbd6130677e6880a4efe9c39707926579dbbe9069fc882265b225c3b7a354
scripts/pass36/verify-a102r44p15-source-authority.mjs	4691	51f2356e0f947c527aef3450cc86939cede0eb6db00f6c43e78a3bcb2c8f2b9e
scripts/pass36/verify-a102r44p15-static-policy.mjs	5708	f8a015aabaf1dc1c1dc72c37c2567328018a2d25526875d3919b57a50a5b9806
scripts/pass36/verify-a102r44p16-a88-input-hash-migration.mjs	5021	59caa950dc1cf861569f390d911262be068a7427dd029355ec624ca41f0e8c2a
scripts/pass36/verify-a102r44p16-approved-source-changes.mjs	3926	fe01acca6d1375fc6a18775d533a156591f481a67ae0950bf55636dd118cbc16
scripts/pass36/verify-a102r44p16-route-ast-registry-migration.mjs	3162	04f41c8047dd66e845fde4ee3eccad639f9b114ea08ad73a649849d5baf6ee6f
scripts/pass36/verify-a102r44p16-source-authority.mjs	5034	6fb98f6fdd83b55a1586a372673387f2c51559cc270b41e0f07f676ec0d941c6
scripts/pass36/verify-a102r44p16-static-policy.mjs	3538	5df3c644ccc1d6948ceb6ad44c7cbe4c0266484307a1d83a87d38095caa7bf88
scripts/pass36/verify-a102r44p17-approved-source-changes.mjs	3512	36ccc6791de8cb869d947906ee4e9ce7d29b59d8afa91b35869f5559390956f6
scripts/pass36/verify-a102r44p17-lazy-route-denominator-migration.mjs	2724	7fed449605f7b529c2032582226e27a2ddcf472698cb173262a8daf0e8b89945
scripts/pass36/verify-a102r44p17-route-ast-denominator-migration.mjs	2485	e246349367b44a2290e07eb48e54c560f301048f06fb8970bf3889b8aa6ad0db
scripts/pass36/verify-a102r44p17-source-authority.mjs	5575	53ebed7d9ab5684874b63a6904f30c5222f33ccb20234112b3cacfc3ab0188fa
scripts/pass36/verify-a102r44p17-static-policy.mjs	6421	64022ae2851c2f05b571d582b9c08a4ba1d21635a0bcf174db1621022d6248d7
scripts/pass36/verify-a102r44p18-approved-source-changes.mjs	3468	933e01374f59777b64daae8c867111e6d75d10047bd11c5b6130c16da2575c33
scripts/pass36/verify-a102r44p18-source-authority.mjs	4818	3b517fcc610bd79db5af15dd36b8c467ec3d94725e9398b8e8d15f70f8dd69c8
scripts/pass36/verify-a102r44p18-static-policy.mjs	3579	853acd7d819595f1723ae2433e510d3cebeca903aff9fd73297e145e6b594f18
scripts/pass36/verify-a102r44p19-a88-input-hash-migration.mjs	3468	ada592da68616dc934214f472a92bc8eed48314eca0fd40e5b92ec2a7bc14f0d
scripts/pass36/verify-a102r44p19-approved-source-changes.mjs	4314	d907aa13c97759299c1e2a156c4b801808bdb18b5f6b64f1211f56ea8809fd94
scripts/pass36/verify-a102r44p19-source-authority.mjs	5445	0f851d578f876a6e9e6285ad45e351ad7858c773524df36071c0d957ee4bf765
scripts/pass36/verify-a102r44p19-static-policy.mjs	5507	b809290e8b4a3fa3fe63d60bae844c481a845bec1d47efdc004b99048b58f7ff
scripts/pass36/verify-a102r44p2-a66-denominator-migration.mjs	3720	203a4640838613dd14eb1dd23f0d2e1fa812d686a082073ccaa63a5f5f6e308e
scripts/pass36/verify-a102r44p2-automated-audit-pdf-corpus.py	8397	fc5a097f64b14a7c7a9311aa09dbd5e58d7516e0b121046864c1502df268653a
scripts/pass36/verify-a102r44p2-automated-audit-tier-value.mjs	14899	d100c95832f90f511618df4b81c3912a7fa92b9e0f98050a7cefa5a71bfbdbfe
scripts/pass36/verify-a102r44p2-official-audit-toolchain-admission.mjs	480	8c1b73e5bd33695d3302031a9a70188aef91e7715ef4aab072b7dd30e77dbda1
scripts/pass36/verify-a102r44p2-official-tool-readiness.mjs	5265	8e771da1fa120295b4f7429f1d1f8b4c627767b830880bbfddd6968c8d5166c6
scripts/pass36/verify-a102r44p2-product-reality-wave2.mjs	11656	3f5ccf2c36a2214506cf6d0d68b81aee409bdb72b290b3fb070f7be20b76a56f
scripts/pass36/verify-a102r44p2-product-wave2.mjs	148	6c056820a3ccdc932b3e4293cc2790e74f56cf453698a0ad6b1d177a01091564
scripts/pass36/verify-a102r44p20-source-authority.mjs	4926	6265fe477f96f14543bf6f920136e9d856b8dc7ddedbb73c730ecfe4ec498efe
scripts/pass36/verify-a102r44p20-static-policy.mjs	3019	26afe1c190c882b330217e412caa3540f474cce339094b8199f6314d14a08263
scripts/pass36/verify-a102r44p21-approved-source-changes.mjs	5191	935cba2a63e8fefd69d9d6161ce0ad60f02df4ac2ab4aaf2046eb8c95a957e94
scripts/pass36/verify-a102r44p21-source-authority.mjs	5244	13faf720ba502b49271ebbcf57e570e528809e78f4f966659721d746e3706d1e
scripts/pass36/verify-a102r44p21-static-policy.mjs	4018	c7a72bd9594038eaebf289c67ce48d2b94cbd389171c7c88060af5d1a100b2e3
scripts/pass36/verify-a102r44p22-approved-current-source-changes.mjs	5102	bf6317a2f663c103a38dcdde8bdd4e772ee37ae8315225721bb82ed4fbfd6e2e
scripts/pass36/verify-a102r44p22-commercial-readiness-methodology-migration.mjs	1713	9eba62d178651ea2a012bf24bf824d55668d40d264170b1f2975a0bfebe5d744
scripts/pass36/verify-a102r44p22-community-clipboard-policy-migration.mjs	2842	22333bdc1151441390fa49a7784afc719094c3734a45cd2bafef5ac4b64dc9b4
scripts/pass36/verify-a102r44p22-current-visual-freeze.mjs	1584	aa336fe27254550087dd04fb9c0fe70625815c61adef222707802c2101fa576d
scripts/pass36/verify-a102r44p22-download-boundary-migration.mjs	2334	64fa36b3995b8e5b2762aa4cd8b67bbf27dfcf5ae666e4369c354546d5a62573
scripts/pass36/verify-a102r44p22-lazy-route-denominator-migration.mjs	1373	da3d6de01a964a5d401ba7302f9fbb1a1d5446760b57ce3010e08913ce704bfa
scripts/pass36/verify-a102r44p22-paid-entitlement-reason-migration.mjs	1886	f5c1cc7e2c9dfdb9dddeafed8decb5f42f9aa4c2bb5272752df810230fa9323d
scripts/pass36/verify-a102r44p22-source-authority.mjs	5606	61263d4ad86f043e3fd8fc2a802dd280a5408a5c50d7b49b9a134f1470bfbed5
scripts/pass36/verify-a102r44p22-static-policy.mjs	4784	1907a0e6172499d4dd6c290cfaf6d0170544182ad63cba79d9e3c778d56efc14
scripts/pass36/verify-a102r44p23-approved-current-source-changes.mjs	6223	2082183cccaaf5f04292ba9819d27e7de574bffae929944b729242b1709093ad
scripts/pass36/verify-a102r44p23-local-e2e-denominator-migration.mjs	1909	c4d04874166fb7d2fd990bc745caa7a3d4cc54762b6262607103768ebeb2ef05
scripts/pass36/verify-a102r44p23-source-authority.mjs	6364	25a6241cb3624774302318f891ace6614c420ff9a1f5337d7ad0a563fd44dbd7
scripts/pass36/verify-a102r44p23-static-policy.mjs	7725	82cc4228bf68d2eae147229f6066101948a51d04d05c670a419690420604a6c1
scripts/pass36/verify-a102r44p24-approved-current-source-changes.mjs	5324	0d2a7c7db985832255fe02d5937accd23b4f365a8aa6423960d7b0e7aa060c46
scripts/pass36/verify-a102r44p24-historical-test-lint-migration.mjs	2399	25ced870773ab3431847b6f7b9efbd0a9d96bffee8d9be05b7c2b7f00b6dcfc9
scripts/pass36/verify-a102r44p24-source-authority.mjs	5016	40569bf6b24838d6d0372f9a70c49858348ed85637f7e6e84285cdefb2f9b3cc
scripts/pass36/verify-a102r44p24-static-policy.mjs	3445	f5debb7f46a28ab62f6dd2fd48f762f872525478d159a71095865b2e130663f1
scripts/pass36/verify-a102r44p25-approved-current-source-changes.mjs	5057	45ef67703b55870ac37987a996998191f2dae6199da35b8bda7eac00f0f54af0
scripts/pass36/verify-a102r44p25-authority-reconciliation.mjs	2829	e16be90814283e7dbf9d9bad46d37d433a47b85dff36ca6add8543335e746f4c
scripts/pass36/verify-a102r44p25-current-release-pointers.mjs	2462	fb1f7284773b376fc1c4eba727fc9dd1f767f1e674e5762f8fdc2cc6d222fdd6
scripts/pass36/verify-a102r44p25-source-authority.mjs	5827	91a08b8294d840dad9d1f84c48531b19b200e793f8e7ef12a478ddcec1e4e5f9
scripts/pass36/verify-a102r44p25-static-policy.mjs	3136	c407073c193567b9f3dbb100dd7836b704199f6290e6cd08d68156ba3c996d84
scripts/pass36/verify-a102r44p26-approved-current-source-changes.mjs	4566	39587cd0c80decba86ad030b9f20cde62d4043217f8ca5cfdba1fd92065c5d77
scripts/pass36/verify-a102r44p26-current-release-pointers.mjs	2694	21a219edbd257b76e1bdf2c71240f96b8b5961252ef993de764c4667665c6a9a
scripts/pass36/verify-a102r44p26-source-authority.mjs	6029	194928b709d3473b71ccf535657d4de05e5d3113449a1c271da7eac00e653ac0
scripts/pass36/verify-a102r44p26-static-policy.mjs	2764	ca94e7b624e608b4e117c63060ef509616847067d5409bf31d953d87f85c219f
scripts/pass36/verify-a102r44p27-approved-current-source-changes.mjs	4624	46dfef65bb67281a61ba940465e7b402b99ac62b4d4eb7429159620c7adfad7c
scripts/pass36/verify-a102r44p27-current-release-pointers.mjs	2367	ed820cdf693dbd451027eda6a5dd4766f0f7b5ea1b22777cd02623bddbaed751
scripts/pass36/verify-a102r44p27-source-authority.mjs	6873	36c21d3a5f1f49397d42edbb4b19188cb04e7d033e9ff4a12c94f95676035845
scripts/pass36/verify-a102r44p27-static-policy.mjs	4729	0903d29f7937c133727c824ecafb29232a70fc820f0092d96a9ea20ec28ee02c
scripts/pass36/verify-a102r44p28-approved-current-source-changes.mjs	4596	789b8498ce29671d03953e0d78aee5d0b354ffeb6618e31b8a291b6ac4bd8bd8
scripts/pass36/verify-a102r44p28-current-release-pointers.mjs	2247	96103067e3abbc1a94097be68d387fd032f7825dabffb9f033686165222b1d97
scripts/pass36/verify-a102r44p28-external-ci-evidence.mjs	7425	3c9f71503df50d2b1a996f0531e500a970f739d33b3fac50fa1a1f22e3d31b7d
scripts/pass36/verify-a102r44p28-source-authority.mjs	6046	f638811a62b18aaa5abba99a04746f802e102820b1b8550603f662cdf9dfbebd
scripts/pass36/verify-a102r44p28-static-policy.mjs	3060	0682b989d1a3dcae3e284210035bd9c465718eae0b35e5819b6b40fb7f55294c
scripts/pass36/verify-a102r44p29-approved-current-source-changes.mjs	4706	5b44b992ed22020df72dbf483d219f14810654e43aebc4417d2e6c7256e0e464
scripts/pass36/verify-a102r44p29-current-release-pointers.mjs	2470	c8ec7153057c00bd8d381d4f74669977b9fe542b8323265882bbe8b33a3a4d13
scripts/pass36/verify-a102r44p29-source-authority.mjs	7356	75c930fb6abeb86f91d2a0f449f1266bca57ab000664a9cb3698bb7b6c55c5df
scripts/pass36/verify-a102r44p29-static-policy.mjs	4348	c03cdedaa0001a3dd7c96046d9bb3e444d0dd17964bbaf0d9cc6f211933d8ae5
scripts/pass36/verify-a102r44p3-current-byte-product-matrix-rebaseline.mjs	9204	c15282ff926c23c9a8605f05c4e2951fe759b04a9077e0e1b9e6f9cf502bd2d5
scripts/pass36/verify-a102r44p3-product-data-ai-matrix.mjs	9711	c98f121e4fd5483ddbbf8110fcd9dee3b67db77d63686367ce1b74855f957f6f
scripts/pass36/verify-a102r44p3-product-reality-wave3.mjs	10797	f829a41440598230d3a91e5b7271ac5ee819b4ef6d52ea4acfd210633051a1c4
scripts/pass36/verify-a102r44p30-approved-current-source-changes.mjs	5591	c6f72451112752f21b567f035a21b6edfcfe591f85b1bfa316f7acc1243ad33c
scripts/pass36/verify-a102r44p30-current-release-pointers.mjs	1515	b443bb43c9a09ca56cd6bcaa70838fd1b7085b539cefe78f2b8dfbb061f4be67
scripts/pass36/verify-a102r44p30-source-authority.mjs	5052	5f3f3af402d4b677543a4a7519c6c7977f4a5aedfd9ebc8d33184c5d8cd8c656
scripts/pass36/verify-a102r44p30-static-policy.mjs	3751	be88df0d19eb3bb4422789ead1abd8e41adfb9f4f0ebfc7757b8c59ec94f395b
scripts/pass36/verify-a102r44p31-approved-current-source-changes.mjs	4773	16b2670e279405bb5a7afb6ce3208c23b94b4ce88405ba14b88f1c258a777088
scripts/pass36/verify-a102r44p31-current-release-pointers.mjs	1802	27fd413c4287363faa2982f87ef79e8100f66f50de6e38c6cf1f373d80537283
scripts/pass36/verify-a102r44p31-external-ci-storage-kms-email-evidence.mjs	9574	f2e06fba098d954bb3af7fcdc4dd80bed3a350ceaa6173cbaf14c6c62accc518
scripts/pass36/verify-a102r44p31-source-authority.mjs	5531	b34903b426f784cae02b19a4efece60f5ddb65b3b560932a13868e4a3a5fbac7
scripts/pass36/verify-a102r44p31-static-policy.mjs	3313	2ad1244a4a07c497c0fcae1d343c7fd65001a7afdeb4c3ec6ab2b988d41318f6
scripts/pass36/verify-a102r44p32-approved-current-source-changes.mjs	5642	45457d19a588ca07de505f8e6d034004f4d2e82270d2b0c4b25ec54915beccc2
scripts/pass36/verify-a102r44p32-current-release-pointers.mjs	3133	9245c4bf59350b2e27bbc72165e5b082141c257caa9a807748a06f730c5039f6
scripts/pass36/verify-a102r44p32-local-stripe-evidence.mjs	10040	bbd2f75a0a675fa1e72905ea7d6456abca2d32b97528afbef19ce1ef830d1f6c
scripts/pass36/verify-a102r44p32-source-authority.mjs	7050	bafed97d79d0175783ef7d309c2c2f73c74a35b3ede4b74269b471262d0c2d3d
scripts/pass36/verify-a102r44p32-static-policy.mjs	4677	723db0b4eee030cd5d6ed217e6d957c29bc878b2caefeb19ffb52875bdca7b75
scripts/pass36/verify-a102r44p33-approved-current-source-changes.mjs	3374	7f855fc4ffd83d5fc9508dddcd51cd43beed48be072aa77aae59949b3928730f
scripts/pass36/verify-a102r44p33-current-release-pointers.mjs	2073	a814a2ff8cb7b5050ff207927586d49a5204b95afd653dbfba3ed0750bf70554
scripts/pass36/verify-a102r44p33-external-ci-stripe-mock-evidence.mjs	11342	e3c90b42e64e912d5f4c3889f709ed104db5b2450d4259007355f04141e8c43c
scripts/pass36/verify-a102r44p33-source-authority.mjs	5940	2e2d0023392b13639d653db09372ded262fa1c8eef50d1edc023e3bbf62d11d8
scripts/pass36/verify-a102r44p33-static-policy.mjs	4088	c85c9381aea90c751b83e418252c17712944a8a6106fb3364570095602e472e0
scripts/pass36/verify-a102r44p34-approved-current-source-changes.mjs	5169	3bc6bfce0af6efc35a88c8cb00cbdfdb74e654c533829caa150af64a13d15b11
scripts/pass36/verify-a102r44p34-clean-unpack.mjs	2170	63816a06ccb77c5b736845a711a3bc1f7a9916deca5740884049f1f6ac6d8bb8
scripts/pass36/verify-a102r44p34-current-release-pointers.mjs	2328	159183e6f6e805b946aac7b2832ace80847b665bbc2a6f796ca02059715325e8
scripts/pass36/verify-a102r44p34-source-authority.mjs	7317	d310278c09c3b39557c52f7158d394f69e3ef29cbe77c0e1243ff966adb5862c
scripts/pass36/verify-a102r44p34-static-policy.mjs	5211	81973b493bfdd4e88bdb197ca022c8e7dfbdf3d079d3feacb32a8bb13829a052
scripts/pass36/verify-a102r44p34-targeted-typescript.mjs	1383	0c9b87ce2673819ab74014c62cf0463be62b27ba94d7844ae991835bae77971c
scripts/pass36/verify-a102r44p35-approved-current-source-changes.mjs	4697	a121d3c159a7ca6f00b6e3e76ec56f60acbc88a2e63df105ea61508fe02b0d74
scripts/pass36/verify-a102r44p35-clean-unpack.mjs	2944	e33254cb547b257c92c938998d3c619b10dbea93aef9a73e508d3dcaaa48e2c0
scripts/pass36/verify-a102r44p35-current-release-pointers.mjs	2865	df33c1eb064d8fdf4aae602ecd13ce00f139c8876fa5129ba4b218b07c5a16de
scripts/pass36/verify-a102r44p35-source-authority.mjs	6500	ef3674a5e8c8cf37f63276b997afa8b6f8f1ee3ad112181e07cafb8b3e84c139
scripts/pass36/verify-a102r44p35-static-policy.mjs	8494	89391d6b88e0716a5ba6198c16843d39949718520b9d09c57e8028985fc93ac2
scripts/pass36/verify-a102r44p35-targeted-typescript.mjs	4196	80f924f6e988e4dca06b2c9ea55c1ced4ee75bca43cf0e132d025722b65b06b7
scripts/pass36/verify-a102r44p36-approved-changes.mjs	3187	70f6c651cf5d9e1b222226b9fcb2c71c75810ce62e2e994cff4abede74080eed
scripts/pass36/verify-a102r44p36-current-release-pointers.mjs	916	12cc9fe990cf8a81df6e16addea3753b66b35ecb06f4177deeb2f0fd2b99395b
scripts/pass36/verify-a102r44p36-dynamic-scorecard.mjs	1023	8f544c9c526325cc8dce95f24f1c214c424aab176023ed2c8388916e267f1233
scripts/pass36/verify-a102r44p36-psychology30.mjs	1097	0aaf3166c52f06500a30398a60e8af67aba4421f8ecb573723a5d94c13f66b1f
scripts/pass36/verify-a102r44p36-source-authority.mjs	3142	a0b9c3c2bb1c3b68ed0abfe5b2e05330ed696e3e8a8fcfea23c1d2ac695aa9ff
scripts/pass36/verify-a102r44p36-static-policy.mjs	2223	a3c9a9fc464230dccd320835d3b0bb320616d27053c99c92e771baf0875e9a8e
scripts/pass36/verify-a102r44p37-a42-critical-rebaseline.mjs	2009	4eaa6beb494e54a69ab29d6a9008e5ba547a6ad409f51cdeb6dc73a2b41ab985
scripts/pass36/verify-a102r44p37-a83-label-alias-determinism-migration.mjs	3222	f2e3b50cc468e508ada97135de2b4655a454c8bfae3e08590ca8fac3f920beb9
scripts/pass36/verify-a102r44p37-a87-a88-input-hash-migration.mjs	2355	33df01ff9a609b2cb4a20569e5f43344ba554363001b34346ab9e3963df8a571
scripts/pass36/verify-a102r44p37-approved-source-changes.mjs	2405	98011dff217c9934208784fb8a884f58d3698dc2cfa838657a4ec77235d66359
scripts/pass36/verify-a102r44p37-clean-unpack-sequence.mjs	1895	f7e5b5205cf36bbd14064be25c615d00e70a998129959c5584917dfa938cbc58
scripts/pass36/verify-a102r44p37-current-release-pointers.mjs	2769	20ba56e2e9e39951e8ff93e2ce5cb4e056bc05c98375afd3f4f9a5fad3a4506b
scripts/pass36/verify-a102r44p37-source-authority.mjs	3996	e8735c688d8a0b2f174e32b0b46904452bfe13282d406ef12e86fe6cc4f09607
scripts/pass36/verify-a102r44p38-approved-source-changes.mjs	2304	16b04dc34c7d67aae4f79e7607724057c64b5ac3745ba92eb93ecc17c40bbdce
scripts/pass36/verify-a102r44p38-clean-unpack-sequence.mjs	2163	8e67804203deb5d16b4f3fd023c248c01f82bdabdd75e8e3e420075afb42fad4
scripts/pass36/verify-a102r44p38-compiler-ast-evidence.mjs	3241	d93d07e71ebbb72e1e0f74d7d736cf0de3bf60667561448a87663054980947e2
scripts/pass36/verify-a102r44p38-compiler-ast-results.mjs	3842	4c7d0eefc193c89f350bb4e5bbbf3c994b8d8adf0f5386b37c40c0a3fafdf227
scripts/pass36/verify-a102r44p38-current-release-pointers.mjs	2567	8b5dc4f2f82e195c41243e8f316cdcfe9e23dcb880954e194944f246d6a7b94d
scripts/pass36/verify-a102r44p38-source-authority.mjs	3912	d7805e443761ca3e7439291895427a0fd48f9b675b2206b8427a8d1868ab2370
scripts/pass36/verify-a102r44p39-approved-source-changes.mjs	2738	df996941129c99a5069635eb781cd343433f4e34b33729fcff4413ca1dfe7a0c
scripts/pass36/verify-a102r44p39-clean-unpack-sequence.mjs	1729	de96d7441994231b59901528ee350b3e1c3d7170073187ae590d265ca22f0450
scripts/pass36/verify-a102r44p39-current-release-pointers.mjs	2436	13178d9806d5aca0a85867f3a997962ef790da74179d60e6308f351f858c5fb0
scripts/pass36/verify-a102r44p39-dynamic-scorecard.mjs	2010	1fcbdd4660d2acb343c95171624d3fa75a15f31cfce51a67b9e0ea8815b15c57
scripts/pass36/verify-a102r44p39-source-authority.mjs	3813	5ce811cafc49f3c09510582f29df27d73ae4af9567a6afdf21e5924ce228fccf
scripts/pass36/verify-a102r44p39-targeted-evidence.mjs	2218	cf910cce514ad8c1f5fbc0ec0ec1aa9e3c37b343727faa587a62d59922fd604e
scripts/pass36/verify-a102r44p4-official-artifact.py	13439	d455b1e84b598f45c9a727c00fb0152c5583ec8eb51af64ec77702f8dfeba22a
scripts/pass36/verify-a102r44p4-official-tool-evidence.mjs	636	2feae3858d0e6afdee53810eef0f9a465a47dcaa668264e910ef7f0c7cad585c
scripts/pass36/verify-a102r44p4-official-tool-pdf-policy.mjs	2856	dde6adb7e65f09ac7d52fff9be150e33a79cc2bc1cf407d5a812b6f8e15b45f2
scripts/pass36/verify-a102r44p4-official-tool-tier-pdf-binding.py	4388	f7413cc375a254e26a6d118699d144a1189aa914aef6d2179c910c8bd12024e3
scripts/pass36/verify-a102r44p4-product-reality-wave4.mjs	4716	4d3c3cb2fb91bc5e60f658c11904ee0d310f001119a8e634ebcd9cd8aa6ed8d2
scripts/pass36/verify-a102r44p4-semgrep-version-migration.mjs	2616	4b9466e7202f73bf33db1a4b1eb06b56d7e396958ae67b51fbb8a3f0e9650883
scripts/pass36/verify-a102r44p41-approved-source-changes.mjs	2412	1c3f5edc2dce1ff7fcf8361d53ce7567ff6d754b6db52c2e90da8fe1991f4cf6
scripts/pass36/verify-a102r44p41-clean-unpack-sequence.mjs	1355	074a31c5cba79512d900183ab87df7303fc80594dba65b38d7ef6efc3154ecd3
scripts/pass36/verify-a102r44p41-current-release-pointers.mjs	2707	93bcf72e8fd0b260ca065fafa68d4410be918ccb9e34cebd5a08b460b35b67a3
scripts/pass36/verify-a102r44p41-dependency-recovery.mjs	2680	c408b036fd029d720c2d1350cb1d60c27834de5ffb7b5221926cfd19a4e3f06d
scripts/pass36/verify-a102r44p41-dynamic-scorecard.mjs	2149	224cb845f760e3f38a86dbf3b1c43e36e0b4bb69fc091a2b5e4c66af63e5362b
scripts/pass36/verify-a102r44p41-foundry-invariant-evidence.mjs	1733	722b7882ea012e738c20886c72aabdc49fa12046936520bce22d3019481e5b94
scripts/pass36/verify-a102r44p41-source-authority.mjs	3298	27d658ade9a8c94a129df86cc4970ee6ecde9fac586e253806d310e60de4dd72
scripts/pass36/verify-a102r44p43-approved-source-changes.mjs	2451	7927ce3b58981e328d7d37d5014b5066b10c51f940af26cd279454d5463213f2
scripts/pass36/verify-a102r44p43-clean-unpack-sequence.mjs	4927	fb8bbf58a92899c647cd25dc40fef0949b70e7ad4beb834c18e70c859379cbb9
scripts/pass36/verify-a102r44p43-current-release-pointers.mjs	1381	e99081318516cc6562eb0c9309311ae94e15631393bb220c93520e43a06d77dd
scripts/pass36/verify-a102r44p43-dynamic-scorecard.mjs	1470	a96576476b1cb03feb955cc111eb1744b64b273c428fede00788a671f7737fce
scripts/pass36/verify-a102r44p43-public-balanced-holdout.mjs	6414	d5981acc8fad6f56df085580dadff50828114d058fbeb2b3f6dbb3d0f23fb47b
scripts/pass36/verify-a102r44p43-repeatability.mjs	1157	b8c9358e0eab1156b6a7919b511f939f5626b9bf830f8abb69ac104b9596d893
scripts/pass36/verify-a102r44p43-source-authority.mjs	3308	102a7fa50dc7b98e5cc9f186e050ed5dd0b441c552892ea5e6e55fc20622f8d5
scripts/pass36/verify-a102r44p44-a88-input-hash-migration.mjs	1221	a0cc08062945c39b453e6d358f8b388105a09353cddd4aab5cdb954dc4eaf3bd
scripts/pass36/verify-a102r44p44-approved-source-changes.mjs	4074	77f375afb28024eda3f891a9a501fec722db3e109164d328edc28cc8bca2d43d
scripts/pass36/verify-a102r44p44-brutal-reports.mjs	2602	0f4e2f1b555f20a009c8ccaa5203f90a9a1886e4f646415bda00d9e7fe254646
scripts/pass36/verify-a102r44p44-clean-unpack-sequence.mjs	1084	70c7382ed7802d1a9aa22e876880525cecf91ae86714feafe1181643b76ad460
scripts/pass36/verify-a102r44p44-current-release-pointers.mjs	1217	a30ad8c0da1153f4c8790226a8c26c00651cf4008547867eeb48f8bac6586ffb
scripts/pass36/verify-a102r44p44-customer-evidence-separation.mjs	3088	e9fd3812c8a5580a91ea1e461643d9fe1185b191c5583e9d4b5b24dd86873944
scripts/pass36/verify-a102r44p44-font-asset-boundary.mjs	2914	1d5148402b476227e5bfbf0bcfb10e97810e173df52bafe5fb6175e82c8ed7d4
scripts/pass36/verify-a102r44p44-source-authority.mjs	1687	7c0a0f95ae92c0c1dcc5ebda21ed0e5d65cb5e765bf7a6ef81d9904cd483f3d7
scripts/pass36/verify-a102r44p45-ai-panels.mjs	2734	810266e2a6a5983cfcabb53b6f391de06600a7121f19bb0bfe5ca0f956d2e889
scripts/pass36/verify-a102r44p45-approved-source-changes.mjs	2436	43bba6ce59f660078814f62a1b3a53b864062cf73e038ac689acf4ffccf1cea6
scripts/pass36/verify-a102r44p45-continuous-current-state.mjs	2751	7d2d7269b088dac805b33ce600fc79f669c3e444901fef9a5c71122bd74ea876
scripts/pass36/verify-a102r44p45-current-evidence-bundle.mjs	9692	f5b7b772bdd5ee5b8f1c1b496c883d972f46f836269ed92f85bd566f0de01a19
scripts/pass36/verify-a102r44p45-current-release-pointers.mjs	1802	9489873ba084bbf6f3f949db0b281f841c65607d51c949a2bf100abf164107f2
scripts/pass36/verify-a102r44p45-interaction-context-evidence.mjs	3617	6355ed11e55c01ca20f1165c016428ab406a559231dd856707d168cc002ed6b8
scripts/pass36/verify-a102r44p45-source-authority.mjs	1629	889544d8028a818b515c776ef8276567180bfcc95ff9ede241aabaca20ecc1dd
scripts/pass36/verify-a102r44p46-a60-typescript-denominator-migration.mjs	16415	a2ecc93999af78fc4b17e145aba04d487a89332b1eda472c84c932a82dd4a9f0
scripts/pass36/verify-a102r44p46-approved-changes.mjs	1229	988ff4a3df526c14f2d34883ec4e4710eca042335ff5f1f606a5584265f77872
scripts/pass36/verify-a102r44p46-canonical-trio.mjs	5223	75591e125f0673f0148f68bf68e7f34bdce5d2a4c959b9441be9e7f4c1602c2b
scripts/pass36/verify-a102r44p46-clean-source-authority.mjs	3917	09fc299c02fc1bc41a2bf5f2a979dd44163e83921da66f7ab7ce92b7a0de6214
scripts/pass36/verify-a102r44p46-clean-unpack.mjs	6434	56214d87012d9a81dea67716bc264893709e757883a66da5e8ad6b11058103f0
scripts/pass36/verify-a102r44p46-current-pointers.mjs	9845	6ff1607a106928e8337c48ce03a1cbc52b1a7026e611e1485298e7ad8931f766
scripts/pass36/verify-a102r44p46-current-source-authority.mjs	2033	4d1282ae42902058587163ffd590eb3867ecd00b8d660474d601b6a9a1bbd5ce
scripts/pass36/verify-a102r44p46-truth-rebaseline.mjs	63450	d3d5abe90591e17246784fcc9bb0a824e083ed070a01781498a5abf1cef140dd
scripts/pass36/verify-a102r44p5-action-required-authority.mjs	2450	ff18a8e5d98315003ec0e7e961f5d6f085fc2801b236005bca8b4c48d61269a8
scripts/pass36/verify-a102r44p5-exact-npm-lockfile-migration.mjs	6859	aa6d680c8621b42f6e57bb174811c5000097222953a67ebe3bb8939c400fb895
scripts/pass36/verify-a102r44p6-action-required-authority.mjs	3486	b5288fc8b4e34295af618f43e4ba54e70f9f760a1c7429c56866a1bebf22ed0c
scripts/pass36/verify-a102r44p6-product-value-scorecard.mjs	7781	1fa5e11152fa62f388c3b530a40451f3d4edf13994c1f3d6618cd994d57e9397
scripts/pass36/verify-a102r44p7-action-required-authority.mjs	7313	9039d415ed51903b0d91e326084c4c7f9c5b9047d8f7717c278446d79f2c3ef1
scripts/pass36/verify-a102r44p7-advanced-evidence-pdf-corpus.py	9283	36044fee2c4b84e8292fec4a020ad8693b11fa9c557be0d18cabaaf71314bcfe
scripts/pass36/verify-a102r44p7-advanced-evidence-value.py	10754	a00a093b3e267b56020035a62a6dfebef27a1bf9693fa0709d2e9a6fa9e951f9
scripts/pass36/verify-a102r44p7-static-policy.mjs	8448	156bf137a27960ce06dd794ee160a0fbcbf8d88d1688fb9433f05e374c64e1de
scripts/pass36/verify-a102r44p8-accuracy-customer-truth-pdf-corpus.py	9283	16393ea299767775b6ab43bb2f4e8bc81cf51c46c1a66c68e23179b9522fbb97
scripts/pass36/verify-a102r44p8-action-required-authority.mjs	5664	0c89d56b26a5ae3ee91d24084cc4428c56ddb8e7f57d005148416b3b9a522ee9
scripts/pass36/verify-a102r44p8-customer-truth.py	4119	112f8dc1a90682c1faab20d6a3a2f61159614fda6da52e09e7ad0e952320ba8d
scripts/pass36/verify-a102r44p8-static-policy.mjs	4344	442c324ce3d079714290fa9eabc3211730eac0f33773a70390f5e872369988f0
scripts/pass36/verify-a102r44p9-independent-final-audit.mjs	5944	65cb8ea382e527ba1a19d0eff9fc803b8f160a5881d3dad7a0ee623584664a1a
scripts/pass36/verify-a102r44p9-source-authority.mjs	4014	d318e45fa13a0c9d39d065396c5d01d70ad5154f13dd970ae0e6e06a52deddde
scripts/pass36/verify-a102r5-action-required-authority.mjs	6466	f620e8570cc3634caa054b0f1eec43d172d9840fa57d424957e4653938c659b2
scripts/pass36/verify-a102r5-clean-unpack.mjs	12309	13626d778aae3184a8c338ac4c0d822eae11708d3e4af49387b224564a5cf931
scripts/pass36/verify-a102r5-current-root-descendant.mjs	3082	5d39cb2295b014c049194963db1534e937c6ebe02534564ef3f58d7d1cb6969c
scripts/pass36/verify-a102r5-final-packages.mjs	7275	024cd5edf18426c88e817989d7c1055d2a1b31393e6e31cc998a21b3ea6533e0
scripts/pass36/verify-a102r5-local-regression-receipt.mjs	3326	dee856025a612c04f6beb49472d44f286d9d487552e6c346b52c2150387ec8c3
scripts/pass36/verify-a102r6-action-required-authority.mjs	7818	4241f7e3fa2054b5f5feb17b9ae2d61895b0477ec1fea1bb84cc327e15ad86b7
scripts/pass36/verify-a102r6-approved-private-account-browser-state-changes.mjs	2275	15c63c9605ac60668b40bad9af39d720927ec9f51fe6cd68e9869131c2e7c06e
scripts/pass36/verify-a102r6-clean-unpack.mjs	12589	3a24cabd0f620e76981b51f3effe2987f0e0ad945b62919bc5326f6fbc889c76
scripts/pass36/verify-a102r6-current-root-descendant.mjs	3082	a0f70ffdbdffa763179818db2ae98d2bb6af54b7077ac5c3917e5e4832b73e50
scripts/pass36/verify-a102r6-final-packages.mjs	7275	f8c59794e3a605a4a0e7aec170bcdf80ee511fd1519a982bdb9b14892f8ac23a
scripts/pass36/verify-a102r6-local-regression-receipt.mjs	3481	af7970b10270403de4dd5e4f30b39223b18deaf13a95e1be2f12e349d38a08e7
scripts/pass36/verify-a102r7-action-required-authority.mjs	7892	fad8de592fdffea084b7f295dda413d4516d46b2911bc25c1cfd5da6ff1d4d90
scripts/pass36/verify-a102r7-approved-mobile-wallet-deeplink-privacy-changes.mjs	2315	b21a7a44f7403f87e17192e20f064a7af9749b6e5442929c954b85d6e61e619d
scripts/pass36/verify-a102r7-clean-unpack-tail.mjs	11881	2e9dc18cb7dacf804923f7f4ad580f3a22d33807bded705872bd606439d41525
scripts/pass36/verify-a102r7-clean-unpack.mjs	10944	9d2d2b79be8f871a96fea381f141595902c4497abd8952ef8b3e6c94795aebf3
scripts/pass36/verify-a102r7-current-root-descendant.mjs	3082	240e8a9be969c40c8604e54229b04fed3f8dc959d565c9ff90c694443b4226c2
scripts/pass36/verify-a102r7-final-packages.mjs	7275	15be64654f707b540a0126d86b81d2eadbbfc61340c6a7ea89a6b34d76b2e018
scripts/pass36/verify-a102r7-local-regression-receipt.mjs	3744	ff865aaf8a6f80920d163a5d01cf8e1108c64c4ecf2dae563f0cf66b5d2478b6
scripts/pass36/verify-a102r8-action-required-authority.mjs	8367	9c58856c6ec343285650f0e35654841e663be3309fead00165e289c0e20810e7
scripts/pass36/verify-a102r8-approved-checkout-customer-browser-privacy-changes.mjs	2657	f2f8595006415cd88b591ef004d79d4754f585feab0660848893e6551daf41de
scripts/pass36/verify-a102r8-clean-unpack-tail.mjs	12205	707ddb25fb1743c79d69464d1a25e0eddd537f61114125d3281ad614600fa33f
scripts/pass36/verify-a102r8-clean-unpack.mjs	11070	244ed747b6dc97ff9277c85ac534c7ebfacb7b29659d3ade81507e936dd24629
scripts/pass36/verify-a102r8-current-root-descendant.mjs	3082	de100dfe9541291a6f04a9af8e537b9cb69c229ae5b14205d289e085c2ff6269
scripts/pass36/verify-a102r8-final-packages.mjs	7275	6188a1a77e09bed8e94bf50414f86f7362468404133bd65d426546f180a95d02
scripts/pass36/verify-a102r8-local-regression-receipt.mjs	3796	7730ec630872eaa7904cc058a039f98e7f4ea1316fcaddafeaa12e5c7e09eff9
scripts/pass36/verify-a102r9-action-required-authority.mjs	8383	89b298517992fb5e6bdc3fc6d1d8e2f7e099c7327a5b267d49e42efb97a0d6bd
scripts/pass36/verify-a102r9-approved-system-clipboard-privacy-changes.mjs	2606	9cacb08dda9af1e38a107bbc268e59b5c1399bd68befc22c9a9d2844efc86d8a
scripts/pass36/verify-a102r9-clean-unpack-tail.mjs	12984	2bfe013df5d424e9ad54b263cef21b098f5250397aaa37e1f49934b5f761c065
scripts/pass36/verify-a102r9-clean-unpack.mjs	11168	2688e72b2b23cee6faff1703b2e65b969f352fd8224f34f298654eaf0361c555
scripts/pass36/verify-a102r9-current-root-descendant.mjs	3459	cad311c0176f73a814fb9c9219877db7e1d87a64420e5ef0658833151a09167a
scripts/pass36/verify-a102r9-final-packages.mjs	7275	9eafa4193912d5636a1b03eabc26d2cb594a0a857a201d7238c217d03cd93096
scripts/pass36/verify-a102r9-local-regression-receipt.mjs	3938	7d17d6bc4a7d8a40b1a31b5d704e10cf4fbb8895e6c29810b8b61dc5d786b623
scripts/pass36/verify-a58-release-integrity.mjs	24749	a2491e3b4e3bc7a609450372af9689efbbbca423ac7792690c9eadbff646c801
scripts/pass36/verify-a59-build-graph-route-css-budget-recovery.mjs	1786	5a87b15015f728d42321d4b3480267ef76e92b2b6318d2921dbc3aabd1f9fc43
scripts/pass36/verify-a61-historical-artifact-recovery.mjs	2270	f84783462f6171f761d8d17e3b3e8d7cc5b4d1c24f9e39a566bdc36dfa726aca
scripts/pass36/verify-a62-offline-exact-runtime-dependency-bootstrap.mjs	1861	4bb3410f2e0f2ec635906b3354d49a758ec197b0fb6e54c63ca50337795082ca
scripts/pass36/verify-a63-staging-program-orchestrator.mjs	3067	ebe17d7735c6e89a593703194e9adc2da48acc9e77b92623c34abb338d619d91
scripts/pass36/verify-a64-historical-control-metadata-recovery.mjs	1685	a139ac5419c881d0692b858810dfe77c2aa78de5479c23af4b4b49109cc0f257
scripts/pass36/verify-a65-external-command-trust-boundary.mjs	5530	d5591d61188d04159b70fbbd142cbf72e40459961aedfdfd332a1107c6b105de
scripts/pass36/verify-a66-audit-tool-execution-boundary.mjs	6631	b14579ef047cbfffcfb3b6ad2a5cf4d632c659d3bfe043bc75ece35e61c6f817
scripts/pass36/verify-a67-network-egress-trust-boundary.mjs	7607	f5b297da7e471d92aefab5c224b629d98c42198a4ddb28c79235265878368a70
scripts/pass36/verify-a68-filesystem-persistence-trust-boundary.mjs	5548	b6d29247f8e8c1e735244f48e33c3fbbafb29761514374036329e78e13e6ede5
scripts/pass36/verify-a69-structured-data-deserialization-boundary.mjs	5150	1afcb0b1181e784c806fa970795eea429611fb56ceca0b80137786160bcb89b5
scripts/pass36/verify-a70-multipart-upload-boundary.mjs	6065	9d40911c559286b446853be8bae6a67ba7e79cda111cb1645b0a95406d439eda
scripts/pass36/verify-a71-release-signature-trust-boundary.mjs	8455	b36de7323771d393a7f6f3662f0c03a45ed428e2870197c853b917e9af1f1059
scripts/pass36/verify-a72-download-response-boundary.mjs	7369	2911683076277d1c8d376188048dc4c20eaa60be445d0084a32492558d7de49d
scripts/pass36/verify-a73-cookie-session-boundary.mjs	9318	2cea7c3e13f978b415766e49fed9ba0da6b49c186420e7d140134cae0a9e3dc4
scripts/pass36/verify-a74-navigation-redirect-boundary.mjs	9799	61b9a6311f167f2dd91d9cc5506844299de6729b938cd886f67605fe8299b677
scripts/pass36/verify-a75-trusted-request-client-identity-boundary.mjs	9750	cdd9c75ae28c34093527eef30a97a0fe3d194bbb9fea693a038682a2c936d387
scripts/pass36/verify-a76-current-release-roadmap-regulatory-truth-authority.mjs	1734	391999f0c2ced6118aaa38ddff15cfc7a3579ac1e92d9d22c686177cd6df2320
scripts/pass36/verify-a77-clean-root-migration.mjs	3795	d29b496a3af6c531c2eaea89c1c315f5740842120412d933c0b841d0e69641f9
scripts/pass36/verify-a77-legacy-lineage-isolation.mjs	3094	eb89c18e60cc1d71f593e92fe4a8fbca978f0772baaee6a0840802b8e50af410
scripts/pass36/verify-a78-current-root-descendant.mjs	2119	6dc3312832f99de199aa6ca8d3b92376585c0196402d6017f4f49412033465a5
scripts/pass36/verify-a78-exact-runtime-lockfile-browser-bootstrap.mjs	3477	f6cb546045258e49da7ca6d4bd29e8515bafbbf6fde06ef3b326d23027ae5ad9
scripts/pass36/verify-a79-current-root-descendant.mjs	1847	d494aac3593b4e94feffeffa17df8bdcc0801d12002a38bf2746c44899f1cba2
scripts/pass36/verify-a79-exact-final-byte-build-browser-evidence-binding.mjs	5438	0557d7df91a776f515fb93799ddc732c4971a693d82cb9482242197223387599
scripts/pass36/verify-a80-current-root-descendant.mjs	1877	6a844797903390a7604b9b5cedc25021ac18d34f28fd13953a61f5f60ed5c8b4
scripts/pass36/verify-a80-frozen-local-release-candidate-admission.mjs	4197	83967757403b077f410d09dfeec412f2b493421a6096d2221b514645016adcc4
scripts/pass36/verify-a81-canonical-mega-matrix-orchestrator.ts	6314	c9af81261a2c2356cd439f19efb2089e0a705ee11274b78e9402b59f081ac27c
scripts/pass36/verify-a81-clean-unpack-sequence.mjs	4179	b2e2e421aa130a1f46e5c90c258f124e6db3f618a544e2775ed93752c505052f
scripts/pass36/verify-a81-current-root-descendant.mjs	2169	46e28ba7928603ac0e2de065c26757736623c8d0cde7675c091737e108a907dc
scripts/pass36/verify-a82-audit-real-contract-matrix.mjs	5029	423c87d200836099bc529023ff7f33b97c14858bb53236a8a13b6e7ed3153685
scripts/pass36/verify-a82-clean-unpack-sequence.mjs	3968	35b1a0577241bb408b4cc31a89c450702051b0ccecea740c7c8e35bf827bbd7a
scripts/pass36/verify-a82-current-root-descendant.mjs	2254	e4631a9408c7ff2f2c38c1acbe0fb388f0f14f19fb3a354cc117e20888b3ae7e
scripts/pass36/verify-a83-browser-lens-pdf-real-packet-matrix.ts	15551	f3d847d9d8ac9fe83be6826d6fb35ba3a6f58e5a29538ded94122d635d8991c4
scripts/pass36/verify-a83-clean-unpack-sequence.mjs	4276	109287ed8bd8a173ba98922ad7fd89e64ee38fa76794f1ae07ac2c770ed879fe
scripts/pass36/verify-a83-current-root-descendant.mjs	3106	1b6425a42ba433d1bad832f1ae4ab175aaf24b358eb17ac236eac735c55f785d
scripts/pass36/verify-a84-clean-unpack-sequence.mjs	4345	0e80cd3ca0cd1879954602f315ccafb11665d53428c5b94c5b115ecde098891e
scripts/pass36/verify-a84-current-root-descendant.mjs	3196	4be23fb51c1b8182abd904127b9eb877b2937359d446cba3dbf161b99a9accb0
scripts/pass36/verify-a84-shield-full-catalog-tier-matrix.ts	4258	b1e20129d47868805de640ca0ac67f9c40463102f40dfbaf1ee78cd4a1ebc1b1
scripts/pass36/verify-a85-clean-unpack-sequence.mjs	5057	ecee797389d9b3e56a02bf51c98a7e68c1968748278db51740b87f6adc21df1f
scripts/pass36/verify-a85-current-root-descendant.mjs	4216	d056290259fbebd48b8b9b5819a4a6e60856a265daa27fd4583c870e03c93fd9
scripts/pass36/verify-a85-shield-pro-map-full-depth-matrix.ts	4275	9c236cc411c1287d1042f37438e59b626420bce831478c84a8c16820979a7c04
scripts/pass36/verify-a86-clean-unpack-sequence.mjs	6624	51318c89751554b9adccf20a9fd5925e7ce0a37a6834290a532db495b9f07d6d
scripts/pass36/verify-a86-current-root-descendant.mjs	4157	2843e2744782ae86a5d0c9e64502077f9dda6e63742b1ab8197d1b80d7ac0afd
scripts/pass36/verify-a86-real-markets-cross-asset-matrix.ts	5917	fcc41a59cce4bff29cb44ad3a11d3947f58df2bbc9ac20d310c1e92a3a143bca
scripts/pass36/verify-a87-clean-unpack-sequence.mjs	6990	5060367c422fa346d875d242cd4ce80dba2153673109aa19d54bf7cbbc45e3f7
scripts/pass36/verify-a87-current-root-descendant.mjs	4432	fc43107f52ca15a05c0875d8f232f7d205601feaca28d5bd971e885be2e785c2
scripts/pass36/verify-a87-market-impact-whale-watch-matrix.ts	4812	b9b9371bb6db47a87303859ae4040e1f6adcff8a5afb64d7f6b1d1d26442fcc2
scripts/pass36/verify-a88-brain-angel-risk-eval.ts	4631	12e1f5f01d391c4ef30fb93ea59c4b47c24232d40557ed9426707d792165c890
scripts/pass36/verify-a88-clean-unpack-sequence.mjs	1062	409a5bd04d486180fb91c7dd94367fce4c5b7d21518ba47de0fd9522a61800ed
scripts/pass36/verify-a88-clean-unpack-sequence.py	14473	a3d0b400f865f682d86141f36376b581c74ee169a3eb9e3b2688daa4823da594
scripts/pass36/verify-a88-current-root-descendant.mjs	3894	ee54dcea26f3e7f44ae60bab8a944bb7c0f88a24ea0fe88b75ea30b883f01dfc
scripts/pass36/verify-a88r1-clean-unpack-sequence.mjs	4086	29929bc6c700e93e6b9a5960d3b9afba0a580fb94a4226f61098a36cb6443c13
scripts/pass36/verify-a88r1-clean-unpack-sequence.py	8248	4b4148edda91c6078b33f32f35567f8ca46a5225e5d6943dceadfb74154f7664
scripts/pass36/verify-a88r1-current-root-descendant.mjs	4449	2611753037bef85ce936abaf009aace455257fa5b43d9ce8cc7eae4f86e9566e
scripts/pass36/verify-a88r1-pdf-evidence-summary.mjs	3794	df198eb7370b7f8c1d17c0a19c8f4514ac867accb6a25dce957eb9bd2c4967a0
scripts/pass36/verify-a88r1-semantic-route-privacy-pdf.ts	8779	f21c4cd46bb6e3fb077e104b6d0768738b1a4381fc4db1e779e02414b0a9f454
scripts/pass36/verify-a88r2-materials-receipt.ts	3144	6c2b764fb9434ae9ab0dffcef8e3996ec40d7813224a8f6af1b769ff41f259a4
scripts/pass36/verify-a89-account-auth-tenant-privacy-red-team.ts	9411	4a080d4778eebce3dfdb8374ec878a3472e9a378b394164432816fdd7bbeac1a
scripts/pass36/verify-a89-clean-unpack-sequence.mjs	3973	f6c6f3623ff9bf909773136fa1285bc4cc4bb0f3f512c2d1ad297f5be9ac50ee
scripts/pass36/verify-a89-clean-unpack-sequence.py	9129	ae32fa0621509bc982de31cc65c097a3b323d2a79e4a30f79273fd54877acb97
scripts/pass36/verify-a89-current-root-descendant.mjs	4583	a1c00cd28e97cd7abfd361a4bbb0dac3061a6b17e8a5c770a842ef5ccdb4afb3
scripts/pass36/verify-a94r1-action-required-authority.mjs	7604	88db3734677d81cd23f44ddc35723e1c76c3eb041409528a9d29124f98b22a20
scripts/pass36/verify-a94r1-clean-unpack.mjs	35647	24ba445cf9b6a671ebd1cbb363ed011da978b837df0bf1049a2c890087fc1386
scripts/pass36/verify-a94r2-action-required-authority.mjs	10844	12905d81761e66cbef99293701531027e1eeb3495735bc19322a2f1685351076
scripts/pass36/verify-a94r2-clean-unpack.py	11416	8e8d9467013d43afa0823acd5f40072fc91e11d1c8d86dfb8d457909baca95d2
scripts/pass36/verify-a94r2-cross-surface-value-truth.mjs	3623	be54eaddcfdba8e3fa2c05f088d9a5f7fc273bb25040f31a62a7fe2093356b42
scripts/pass36/verify-a94r2-final-package.py	5773	37acfaf1c5a02db12bcfc148e1ec37b0da0a5064b79c63f043696a0f46400336
scripts/pass36/verify-a94r2-retained-pdf-evidence.py	4828	716fa40a197ba583bc185719dda8478fa2a091b14e9eeb9a334215b7d7eba0ca
scripts/pass36/verify-a94r2-retained-pdf-summary.mjs	3889	a642039481340c5b2833cb94f5f5c1954c7f99c67f3baf99c7d82f7957107261
scripts/pass36/verify-a95-action-required-authority.mjs	4504	dde0db9918e58d1605c7f09e623d43b4fb1eb5978db854e1d41c4f0b893ccd2f
scripts/pass36/verify-a95-clean-unpack.py	11577	8bd028f7443d10cbae83b685cc0275301018321d69f8c1d3778300ea7d03a2f8
scripts/pass36/verify-a95-current-root-descendant.mjs	1703	2e45cd50ce1e3a8efa604d6d8c6d95d6586909eb227807fd96da2b41a22b5cbb
scripts/pass36/verify-a95-final-package.py	5779	ce9c303864952bd6872a6ec0ca4b4be898cd805458c6be43a6c85cf2d89a5f05
scripts/pass36/verify-a95-staging-subject-admission.mjs	6606	474321490167e26427e4fb1c76d3c4da1efb6031b331caa7220dfddd73c30471
scripts/pass36/verify-a96-action-required-authority.mjs	4893	0b22f8a2fecfb607e1e1a4f8fe6930adee255cf6592dbfe7d0634f1cf1c4461f
scripts/pass36/verify-a96-clean-unpack.py	11267	4a3d9279ab0e058906e8a40e43ca35b9a82fe79b0e1399fae86fb3b5210f20ef
scripts/pass36/verify-a96-current-root-descendant.mjs	2190	1c3878e2a2f31e038abe7409da10c41a8601a0b2d43c0fe1d893a2bb5277fa83
scripts/pass36/verify-a96-final-package.py	5779	db04e759dd6dff05e4a9afc7cc63fe7037c6f4703edd6c4f123cc4c7a9d5db84
scripts/pass36/verify-a96-rls-tenant-isolation.mjs	4735	c440169f8efe89d5e5cee9ff283acbe96154148217ba6dd9ccd96b2f540cdc3d
scripts/pass36/verify-a97-action-required-authority.mjs	3651	f258786e950b029b9a7becb107ba8f7d3f2d294776965be48853eab45a4df60d
scripts/pass36/verify-a97-clean-unpack.py	11415	17f38570a4b0030fc3d41c09a396e4746b2e245a42fe65b3afbef4ecab6be625
scripts/pass36/verify-a97-current-root-descendant.mjs	2068	c733f68843f849e65c6561fcc4b0a10368e798f56f1d47f2a60283ad9ac67e73
scripts/pass36/verify-a97-final-package.py	5775	ecfd0c3fcb5213e8e77ef073ce167bd1f8565e36582e6d22825d5590999f94eb
scripts/pass36/verify-a97-stripe-payment-boundaries.mjs	4460	4cc0c734931f1188927ab2b93d165d2d6254838fbdeb51a71cc4d0f39970e0d7
scripts/pass36/verify-a97r1-action-required-authority.mjs	3829	f2f72a09d6424499848c714221f9062cde40798cade8c744b9718e91644a39f7
scripts/pass36/verify-a97r1-clean-unpack.py	11426	ab19ffd85056676b77f48f40d7819f240b85e3642c850e7347d64ea40725e3d8
scripts/pass36/verify-a97r1-current-root-descendant.mjs	2408	d5b2cd5eb467ef0a2f38e1eb6f6baec9097beaa1937a2d9ab27d422e8d792728
scripts/pass36/verify-a97r1-final-package.py	5777	84aabdf26ec420f5d4def984ce6d122cf9e0dd0f3299d7450154cdf7087e5476
scripts/pass36/verify-a97r1-payment-operator-assertions.mjs	5962	385ffb362928375c85bde1c6427d03e7d206d22de2f447e25e9e2b85de684fa0
scripts/pass36/verify-a98-action-required-authority.mjs	3359	39004f752fe6f92ef4617fddadc57a31397d9eeb2962ef00fd03a275540a0ae8
scripts/pass36/verify-a98-clean-unpack.py	11622	f757111574e0fb7827ac00d3012b96ca00fd7fbc543cffe4962be02f4f3586f8
scripts/pass36/verify-a98-current-root-descendant.mjs	2238	57ee214b924a1c65dbeb1f044afc4e8d6ba5a75e57a0daf93c7bf162a1f6fc59
scripts/pass36/verify-a98-email-storage-kms-boundaries.mjs	4414	ab38db0396f291b1bff8fe7b3542d0b384bad145e649d06262d6ad952ee46418
scripts/pass36/verify-a98-final-package.py	5773	23f356b84433e1a31aa0be5930970d2592a153f61290b879ba9e2d2ffca163cb
scripts/pass36/verify-a99-action-required-authority.mjs	2765	0b70f556522c812e71d0654b298b0a4a32e3c917b89337a27069b19de50b8b44
scripts/pass36/verify-a99-backup-restore-provider-loss-boundaries.mjs	4840	cf10e54e3cbd15366910deb5dcd4c090ebe56da59187c2a198157ef0d2b056e6
scripts/pass36/verify-a99-clean-unpack.py	11873	a26011b8847e366cc543779d4b489e1197f15d18fe05c9ae45bba5f6297fef93
scripts/pass36/verify-a99-current-root-descendant.mjs	2756	20e67f9e5096e9195b1bb56a4777a46cc2c3adcf650ff16ef4397ea5d01f4aaf
scripts/pass36/verify-a99-final-package.py	5774	3b858d7fcd2a1246e01fd9f7b3b92f3bcf51f2a4b2379a01b247be8659f0e351
scripts/pass36/verify-current-source-authority.mjs	612	ee94b09de2e0eac4abf225da6222920367ba97e395ee2edc755ebef4b26dbbad
scripts/pass36/verify-p32-a82-current-byte-revalidation.mjs	5527	bddc29e2c87bda441311d50d4f566c0770618ba5c7a5c365031e8251f2024916
scripts/pass36/verify-p32-a83-current-byte-revalidation.ts	8537	2e9741258eb3cc319d7c18b30f80ac9bf73259c0b27c8188bf6935a0c7f107ab
scripts/pass36/verify-staging-source-archive.py	9173	029458e3071e4deebdd1b9977f2634d064fabc8ebf400a75d12696b1cd9692f8
scripts/pass38/build-p38-current-lockfile-local-cas.py	17630	d4ff03530734aba1ac1e5a670b6d15b4098c4bf1d3dfe1d9697990dd744b81bb
scripts/pass38/run-p38-node-major-differential.py	14482	bae1f2487f3d716ae46050a2020fba5cfa3ad8aef8523c40b2bd0c95958f1b88
scripts/pass38/verify-p38-current-lockfile-local-cas.py	5051	191f818fa308e9041099145449e67036007550edd5869a9fc6714133024ebd0a
scripts/pass38/verify-p38-node-major-differential.py	3626	e9f7ca31f26ec2d34b62cb07e2cabdf70c1102b4afc406a9c3fbb63cd6e0808d
scripts/pass39/build-p39-current-output-rights-baseline.py	9347	4204c4e4bf8f09eef70b7fd03c296b547ac252c951acf3cb42cf196a2e524b19
scripts/pass39/build-p39-v16-topology.mjs	11191	b11b4a379687c549b0841f18b4a34319d5130b1dbda51cd6148011289d088342
scripts/pass39/run-p39-exact-node24-fixture-campaign.py	16510	2ab3a61988345190fd947cec5b0a4066928f4074836d35b80f1d849cba2abb68
scripts/pass39/run-p39-exact-node24-linux-authority-topology.py	13147	cd7b396c3877eb9e8ff1ee6b5b227b7349617f6462db3b0f4e09d81b9dca520f
scripts/pass39/run-p39-exact-toolchain-dependency-baseline.py	15638	e718766ebbf85bf9d40924d4467dfe759bb67cd2b3fa6399c2be0c72044e60db
scripts/pass39/verify-p39-v16-authority-topology-receipts.py	25036	424b4e88e884d689971c36cf93e68b33f38c10879bcf9a60cfa119fe4c3d8729
scripts/pass39/verify-p39-v16-topology.mjs	6205	107305aa1ca5cefbf638e36ae829c4c8d0ee7439b22cf30082473340ec373b42
scripts/pass40/build-p40-fixture-profile-rights-baseline.py	29812	a6b824634999a468f71d543167b1429b9f5be172506fffc4168d7eb4887651c0
scripts/pass40/build-p40-source-differential.py	7707	148c31de85fefe6c43f2081f27e65f1cf8747d97dc519d047ab3f239041ca237
scripts/pass40/run-p40-a85-canonical-and-a83-replay.py	11289	e89601a201dd76e2af3380b569b92c501e18df1609e640bc42eac825b40e9cea
scripts/pass40/verify-p40-closure-receipts.py	5481	e8ff7435e28e0bd0e0fa0d6eafd7f3685edee56a170db9e21e2835d42e7ae5a3
scripts/pass41/run-p41-exact-windows-closure.mjs	17776	7abafe24367afb9333089e7c49e259cb81a976a06497ed60ab78e5b61a832631
scripts/pass41/verify-p41-closure-receipts.py	8071	d8205f9cb2ba74436ea844ee9fffd25a9f1ef4adc5b83a172fdaf29c8328b508
scripts/pass41/verify-p41-exact-windows-closure.py	11329	40c6c3a235de4f042f7820b45b42ce36e9d674790d0c7cf1b1e8f412fff9a23e
scripts/pass42/acquire-p42-lifecycle-evidence.py	7423	b2b3cfd90afc6089656661b91a6f4625e404c794c8d8f901fb5f7fa239c191f7
scripts/pass42/build-p42-lifecycle-inventory.py	16015	a17ac3cf0143e69f6fd43b8f02322ae2d0d3817de8b4a9d25ef3f1ed894a8e20
scripts/pass42/build-p42-lifecycle-quarantine-controls.py	9783	0562810feafce3fd84b45003716b543be920154b9b24dd87e4a2a258c6c5b734
scripts/pass42/build-p42-semantic-dual-build-policy.py	4040	0f43a0216ac378c012541473331b5f45012697e0ecd0307916c0517632230f26
scripts/pass42/run-p42-exact-windows-semantic-dual-build.mjs	8242	de108793dea24bfe855cbfa98a1f7ebe28effec02f8a74f034c43cdda574d5ce
scripts/pass42/verify-p42-closure-receipts.py	2450	d585e425a98da31a910112294ddbb24f6f44faef2b95f91476178398a9f68085
scripts/pass42/verify-p42-exact-windows-dependency-closure.py	6731	f86fc4834cd26bc9b547d16257153b1456eeb468aa0c83e063734474a3614b68
scripts/pass42/verify-p42-lifecycle-quarantine.py	20224	697711e05f15d6b1ae1cfd3451fa4237920a925963d3ab363248d5734f6f9103
scripts/pass42/verify-p42-native-platform-availability.mjs	4976	0977f96c4ef0d7ab554217a2c504fffb2676789c218f43e8f6df78ab941307b7
scripts/pass42/verify-p42-semantic-dual-build-bridge.py	2786	a624352e74b08a01e6354a6a762a7d9b38f4a333e3effb968caacd5e8399de83
scripts/pass4666-next-build.mjs	10301	429c016b2c483e2e7eecdadfc3c249e56f42ed9f03938cd8c31cf838f0970405
scripts/pass4666-partitioned-typecheck.mjs	11113	468d8e11c0bbbaed0edead09f85b98685f8098f06d272aec73996840148bec47
scripts/pass47/reconstruct-p47-projection.py	11397	a6ee4f0f8c760967cfb73f8fa7aee0c37cca2414a39e898a57d2ade14d63dae4
scripts/pass47/run-p47-product-windows-projection.mjs	14399	687b14858ec05972b97640e3943de1c779f3b7bcfbe819d9367ee9a9e2b3abe4
scripts/pass4800/test-mega-pass.ts	23323	b56b02141fe91e6796f1fa6ac00b90fd7d68e4e153de5eb8dc807981955a583d
scripts/pass4823/test-audit-malformed-json-routes.ts	2967	e5f09d5b3cee21cefcfbbe38692c253acfdbee83eedea583ee9a3b79e77d01d2
scripts/pass4823/typecheck-source-contract.mjs	6569	caf6f3f790e761a107c5b5d766ff0bc478822dc09729937f3499e46992a66fcd
scripts/pass4825/appearance-freeze-contract.mjs	38206	8a0a4dd98c72cbb1f7cc68d4cdb02059c93abf80c8f062074fde94eb6d71f135
scripts/pass4825/build-output-contract.mjs	14325	2a5813c755115732244c74c48be8e2a05f139468b552e802d2459faa28d69196
scripts/pass4825/quality-inventory-contract.mjs	8110	f647e67a8f7281a1a65a13a41b4508dbbede06c0c32f4b96a4b08b92ced97be1
scripts/pass4825/test-csp-proxy-runtime.ts	13248	b2410baab99dd1399c1b4f3934e6dce67f7ea2d7d0373300ef0dda3219aca5c2
scripts/pass4825/verify-appearance-freeze.mjs	4507	394618fbcee30278e27f806845e6bf9caff6ef5f190d68a083a6e9e91feba19c
scripts/pass4826/build-evidence-file-verifier.mjs	5145	6120aca5d8084dafb3a3f2267515bf0a4aed18348a548f632efccba427709080
scripts/pass4826/build-world-class-evidence-index.mjs	7376	56d80f49243e21f7465a602f568aa0e91f6d39781bdd663047f8105d223f811f
scripts/pass4826/create-build-output-binding.mjs	4345	87e9f84843d94ed8f8a94c8edd22df08867ad617369948591e5dace866bfc1ad
scripts/pass4826/dual-build-gate-contract.mjs	3698	b9b8a32531634246edd652a892b465c50d2117b50e2d37976bef0d58194edd92
scripts/pass4826/package-deterministic-release.mjs	4249	a27e26b446b636c733564ec749d4ccdc380a1d773c45ee096e12e9aeff63793e
scripts/pass4826/process-network-deny-preload.cjs	3200	c20e7887ab6e052911329211cd9b9b12da103d1ec64486e58d95d6e496d002ab
scripts/pass4826/release-package-contract.mjs	27984	09e6ef78012fc7b6b4f7b3339a4f6d9c1e40bc93e1bfc7d685b713dde59a1306
scripts/pass4826/repeated-determinism-contract.mjs	2315	36b20358a2c484c22594d5525d2ce403bc2b375576c692ed85aea88ef8337c1c
scripts/pass4826/run-dual-builds.mjs	752	c2cb828f060182e955dc16604a2b57fc229f44ab5e9f7b9de7e8396d696f1f56
scripts/pass4826/run-repeated-release-determinism.mjs	5907	c91eaedf0f57a293bf04d6498703d4eba728c0c4763a2588b683c6503b220308
scripts/pass4826/run-suppression-policy.mjs	5792	6df1183b159c186a9536b3c6cbc4c577812e6c936935e6272d520be2ecf789f9
scripts/pass4826/run-world-class-gate.mjs	4730	4be89b730bae6e818884f0d365cbcfd48396116b1f3141be2ebe216823ac9ee4
scripts/pass4826/suppression-policy-contract.mjs	8906	5bf072c0b7fc0c55da83f016bec57f08bec8ca0cf005eae5b6e57c30ea8365a9
scripts/pass4826/test-binance-fallback-contract.cjs	8810	368984c9553801d286cc14a2deaea66784610ec143d312515e19d68c80d6bfd3
scripts/pass4826/test-dual-build-gate-contract.mjs	5249	1f94e1d1afaff9631781cdf8ada17dc1c1da60a1dbb17b4e0a6a84b6b92be59d
scripts/pass4826/test-durable-market-snapshot-broker-boundary.ts	4832	71ee725946ffa5754ddded374493f7af70d4c7d6761ede28315f0787290c475f
scripts/pass4826/test-durable-market-snapshot.cjs	11436	9fa6df8da5ce6256b62d736d6a4eea07b0bc30b2d0d6f5cdb688196bd50cf55b
scripts/pass4826/test-lens-paid-scope.ts	1691	d271f15096461f1eda65f854559d3e2372dd6f1f3e01d1aeadb308ae5387e939
scripts/pass4826/test-process-network-deny-preload.mjs	2688	4909e5dbdf55fd9de1ebb8485b278d6d8e32db63014624b512969ba0b019f0b5
scripts/pass4826/test-provider-provenance-quorum-p0.ts	40588	a388e92b624842b626ce114cac87522c21c17b084aff86030fe74efcb565195f
scripts/pass4826/test-release-package-contract.mjs	10360	64629654e4904ef42450efb3a35f86beb9c91d4f6122dbf7dcae2c0ba2dac7af
scripts/pass4826/test-repeated-determinism-contract.mjs	1246	eeb7f462003b4fd656ac484346f44a2040c15d925da5cf9f476ac37ce578cb37
scripts/pass4826/test-risk-calibration-invariants.ts	12402	0ed430b10fd0fb76c09821abfb3c4dd627185486a8ea94cac7e3fb69f1329da0
scripts/pass4826/test-risk-input-fail-closed.ts	2971	b28272ad0beeb956103b4e424c48e515d8dcdd4f2ef276aaf32ec453a37fa500
scripts/pass4826/test-suppression-policy-contract.mjs	2476	e408a55eb7151edfa23ee96f201516d4c2066a2e30a8fcfd978ed2de82c9091e
scripts/pass4826/test-world-class-evidence-index-contract.mjs	12020	b841ffdebe9c93c9d2af46b0df3bb0e9b5c859d881da5c730599fecf31e3071e
scripts/pass4826/test-world-class-gate-contract.mjs	12817	7354a7b3d13b064d301ac846136097ec30035ed8db87abb1c6005778fce39ac7
scripts/pass4826/verify-deterministic-release.mjs	2915	173411b2ddeb71860d97721a90ffb52cef650c213a7ff4d966f107a49dd77c86
scripts/pass4826/verify-dual-build-receipts.mjs	2477	7edb7146a5b0d4523f7b1afd3176b976657076db0589025bbe670d893afc3b08
scripts/pass4826/verify-durable-market-snapshot-contract.cjs	3852	f8b423ab77ee973a2cf6726a1a4980fc77b5b98932b763b55598d1f5a6cf4ed5
scripts/pass4826/verify-world-class-evidence-index.mjs	3481	9e2df41048caef9ec4b2ae0eeab06758468baae325b9d49f9ece769735400c1d
scripts/pass4826/world-class-evidence-index-contract.mjs	30053	5086490b417c345161f273755a2f9d29a9baed5a66b2464fb7ff61860b9324dc
scripts/pass4826/world-class-gate-contract.mjs	23802	50009e9935acc38a951f58b683806caf7b77ea98a73f3b65a4013ba6e26727cb
scripts/pass4826/world-class-policy.json	401	83c1a8265f7cae677915535794d77ba5358251f0503b40139b2a7a8c8e1b4337
scripts/pass4992/atomic-commerce-paid-outbox.test.ts	7443	1b2e43e32a3e4a7cec34a73e1ece703b69a9487576efe1232e156b0d4f49ba4e
scripts/pass4992/build-offline-receipt.mjs	7444	87b3611b9761ec7bff21df5f37abba88adb84b826d26c7a718e9ee2edf15f657
scripts/pass4992/supply-chain-release.mjs	34393	fadefbfa124803a8444d69dceb28eb2a25290841073e8a4dc97c285f98076415
scripts/pass4992/test-supply-chain-release.mjs	15961	6a7725fea4170fad34b768e3719a4d15bc613b80ebdacb4e046e5a9884e90cad
scripts/pass4993/source-receipt-identity-projection.test.ts	9111	46917b632ac214914f1af58af012e6d3915effa395118bb9f64b2ab6ddf54dcb
scripts/pass4994/commerce-fulfilment-outbox-worker.test.ts	19692	298f44b802e4c0be1690a01246095e7599595082cbbfc68be436b9e0f87b9dbd
scripts/pass6/build-retired-preflight-source-registry.mjs	7187	7f3460050267540af1509e9fc716ccc1bd615093bef01cb11c14a51337619879
scripts/pass6/recover-missing-preflight-snapshot-sources.mjs	5043	fd2ef510515bc7f63321795e46ef2c0cacb99e785c41fb5255ecc8b99abf4e07
scripts/pass6/run-critical-offline-gate.mjs	27068	5b31dd6fb13814573c6b65fb9bf5edb53720f9f0b8173af787c2358ec9564043
scripts/pass6/test-admin-iam-fail-closed.ts	3650	f669b549d55eda552a25bce2554de91f64badd12a0b87dfdd32e041a517ccd4c
scripts/pass6/test-api-abuse-diagnostics-p1.ts	2459	003ad72ad6c57e260ff0b5810d5c81c81805a9a3d9e5b658584fc95fd90f4efb
scripts/pass6/test-api-body-stream-boundaries.ts	10984	71aa47f391caae6f01521911e296b977fc2f28dbeafb5b329a4140915eb36811
scripts/pass6/test-audit-pdf-paid-completeness.ts	4706	4de9aa252985632d7577eb472e49f3acf249685bb593429fd4d169fe1f5def07
scripts/pass6/test-commercial-completeness-99-9.ts	19665	4c0e978d87f12bdaad8706f34681dbd86e52da9b8da3e5a6d6386750662d3775
scripts/pass6/test-control-plane-boundaries.ts	7416	1ef7944ecc174b890f7970e73c4b31755cf77ad8c53e306cd496702ba524d0f1
scripts/pass6/test-critical-offline-gate-checkpoint-truth.mjs	11984	8260796243856cc38918f25121874098a96dd14c48c2b988f75254589ae80666
scripts/pass6/test-legacy-live-publication-truth.ts	10596	fc49b9d950b1ce2b3498cb0e47ba89f6e3c930e72688d7e070a05ffa60e2419b
scripts/pass6/test-manual-review-authority-p0.ts	14916	ee35fa4cfc3ed2647301f77cd4e8801adce93625d13bdffa0e7106bceeabff65
scripts/pass6/test-market-risk-delivery-gate.ts	17102	a71af8af3b29aad5288380845b5bbcc70a3012db08960a86a412af4157c3543c
scripts/pass6/test-operator-assertion-body-replay.ts	5772	840db39d20919a27a1284bfd48870dd0065d1732e9724494afc70aca7ce9f323
scripts/pass6/test-paid-full-data-slo.ts	5593	027280b153a7af1fd27b891e9ea2aa244c3efdac053480adb54c43728d6d292c
scripts/pass6/test-preflight-snapshot-recovery.mjs	4382	749b3e8ff3db9eceb8764c40959adf87963b763153c099d48b94a70761c4e8c8
scripts/pass6/test-real-markets-asset-field-registry.ts	22827	5342d791074e7114f8e3264010c293735ac85266247f83697d8a0bf573fa7e21
scripts/pass6/test-real-markets-data-receipt-integrity.ts	11405	32c19a10189cecd955e56c844a14b588f20b2d943e68ebc9367c950acea826f6
scripts/pass6/test-retired-preflight-source-registry.mjs	3792	b6f89161ace56fc2dd6e3cf013609fadf96c00380179f89ad1c37ad908d2b269
scripts/pass6/test-shield-klines-p0.ts	27669	c32f022cf2d5c55ff54f54a0551b1dff4727c977cee39cf9c9f72175e3556ddb
scripts/pass6/test-tier-export-completeness-matrix.ts	16558	86d575fef22a02224e6ba5e3c4ae41eac76a1740a022931e45cbfca8b76f4d34
scripts/pass6/test-ui-live-truth.ts	7026	66b4165a5d19d7bd29a9efe52340dd3f0efbdcc7c9a7e9abfb358d33db2bc19d
scripts/pass6/test-worker-mutation-envelope.ts	17081	0bc70aca50c524104b8a53ec009ad04da2f7033e150692c5210c6b8ed21cd5aa
scripts/preflight/context.mjs	36354	2ec1d944841bff523d01e1aaf86a09ffb40310a9c8b18591801f6f7c6040c587
scripts/preflight/failure-event.mjs	931	76b92d5882423d7afed29156732114a50e0bf596ad8fc03892482fc94ccb8acf
scripts/preflight/guards-customer-ai.mjs	74	ec405ff521ed66e46c4196b8341aaade12e94add963456fd73794539140f96e8
scripts/preflight/guards-evidence-providers.mjs	88	26a0b29e3c094ca7970d3d15d95a01b9b8f2fa80af46bec0ac672fd42cb46e0f
scripts/preflight/guards-late-ai-ui.mjs	72	d7111e0765b906f6b729a069cb2ed6d25883b0e60cf6e6cfc696cf7f80061615
scripts/preflight/guards-late-trust-routes.mjs	86	25d70c7f11f10d586621b44980c3db1950e997e3110fb40517b218c112e47228
scripts/preflight/guards-market-risk.mjs	111	c289d6b50ab110f50342c875005b191900b8a9d24aedc873b568cbe8b7476a36
scripts/preflight/guards-post-late-mobile.mjs	42	4a391fc4246fbea5a45bd0a3b9bfc9bc84eed51fcf6a2c8393f3696d34c45540
scripts/preflight/guards-product-commerce.mjs	84	b73be08f25f37a788ac11a763a4e1bd6559845c2432af286def553be192cd6a6
scripts/preflight/guards-runtime-release.mjs	224	2a358228d5b7ddef0724d88de8fbfcdf08dfa713915915ae982827f276bc79ec
scripts/preflight/guards-security-operations.mjs	135	e0ec08a06478bfe17b804096f3cc217b731a206c87bba80a0cda1952f826698c
scripts/preflight/phase-customer-ai-01.mjs	76	d04043edff52872815af4c8328099dedaeb07b32729336df8c18d68b84fce2f8
scripts/preflight/phase-customer-ai-01a.mjs	22599	7858b01f19603bf23b797ccbdeed0b0e6880486d188b6e2637055b07c6213a1a
scripts/preflight/phase-customer-ai-01b.mjs	6124	b5d0548b13e0411ba6849e4f3c0ba4141756454c1840901342f5ded402c14f71
scripts/preflight/phase-customer-ai-02.mjs	76	b669dd7a6e6a42fc29e06d4c82dea7d4c6c121992717cfbab13f795710ec5b2f
scripts/preflight/phase-customer-ai-02a.mjs	19443	a7b0b3e6dc4d20a7c6ad3aaf42d9bc9022ad2d6a34d3c94e9a589c3087d90393
scripts/preflight/phase-customer-ai-02b.mjs	8253	9f41afcfe619169078e23633536b26c016d75f8e5c2eb247323091ec5e24a05c
scripts/preflight/phase-evidence-providers-01.mjs	90	79a7188dfbae8bfd41bcc161068d05c6a27e90ea156472704580736b7ec410b4
scripts/preflight/phase-evidence-providers-01a.mjs	22081	9e26811b9e37a211f848e135a4e69a3c7001dd69e8b00ea159770bb0c2f62f81
scripts/preflight/phase-evidence-providers-01b.mjs	7197	ed46a1e455912ec2cd17b4e09a625456b0c78dfce6c9341008ccd6fb84d28a52
scripts/preflight/phase-evidence-providers-02.mjs	24567	1f37b4d5c5de58a1ccaa28cbee07adbfffed59d37ec8b50b05506169da7a8596
scripts/preflight/phase-late-ai-ui-01.mjs	74	1db3d7e5487c6d3671810b0612e35bdef83d1757e114800b93624095fd995ded
scripts/preflight/phase-late-ai-ui-01a.mjs	22335	eb0213909fd77281429bbba875ba3bd7b8a0150bed9946acc9265b7f915a3e62
scripts/preflight/phase-late-ai-ui-01b.mjs	6096	63d89378e85f02822c90f1401f45051eafc84ed51d9750134f8f8e4b179a8464
scripts/preflight/phase-late-ai-ui-02.mjs	6992	7263fbd3caf0620ce690b1aec2591df9e605aa533642520cdd6a8399853df394
scripts/preflight/phase-late-trust-routes-01.mjs	88	469348b26ec498ce2363fe0d017385f3b6d875c839aed77bbc72143e1acdde42
scripts/preflight/phase-late-trust-routes-01a.mjs	22407	97090a8a9d29c93502b82249da2f6a1073eadc2650956262857e6a5ad4f7e745
scripts/preflight/phase-late-trust-routes-01b.mjs	4050	a0d8df3cd60366ca033bdbd209d755cdf163b6f49795d5836dec545f86ec0e56
scripts/preflight/phase-late-trust-routes-02.mjs	9932	78533c28c40ef1dcdf64d3402f7bb5778c5fbb44b6bced2cd61711699aad643d
scripts/preflight/phase-market-risk-01.mjs	23748	9e6aa93f7ab6d92e1eba8508b49110b7ce548a64307ee4fed7fe2e0d01af5514
scripts/preflight/phase-market-risk-02.mjs	76	59487329083fbe7b0c408c7facced0d51b308aabc401b4ddba504b82c5bf27e5
scripts/preflight/phase-market-risk-02a.mjs	20090	618d1c505325d4cbe4bd1230b5ed48a371f07c6d42eae5a4737a885884833552
scripts/preflight/phase-market-risk-02b.mjs	7646	c067a3385558a88d3be1c2ac870df2b215333f387c6c5bf482510f7127d6eae7
scripts/preflight/phase-market-risk-03.mjs	11667	d26c888e7ab1466a7e543950afe44a1a867502e8f5cf39636e7c2b6030271da8
scripts/preflight/phase-post-late-mobile-01.mjs	4458	471e8f36037633936bc4b5427dcceb556521ff7c25dfb0d8b360ce00c2cca419
scripts/preflight/phase-product-commerce-01.mjs	86	e7d8f436bbde30fa520c48fd033dc050de6b7444a8e5a20898a0194c86a7c873
scripts/preflight/phase-product-commerce-01a.mjs	21788	24495a4a9d70be93c5858c4d0550fd56c2326b3ee4a02a8e88a4ee4145626ab0
scripts/preflight/phase-product-commerce-01b.mjs	5442	aa63ae237c584f36f2d3e9da3ef4ca4c07d9a9a4322963934a136dac3cff39d0
scripts/preflight/phase-product-commerce-02.mjs	86	1af5fb759cd6fbc51f742e37da172c359cc7f7a0ceb368c99a6d5b7919ecc886
scripts/preflight/phase-product-commerce-02a.mjs	18189	4fec82762e941e9d03bf93c52396294f01e3d8d52cc97811715c70a672ec6d23
scripts/preflight/phase-product-commerce-02b.mjs	7968	b433e320c2e01614240bdbe67812e478c45e5f3211afbe69cf966350a836f83b
scripts/preflight/phase-runtime-release-01.mjs	84	1f261a33f7afae70772ce3cbf16384e7439706f186b8f039d34d63fcef02c906
scripts/preflight/phase-runtime-release-01a.mjs	24133	f1b7059e2ae8771e8927e847293cc1f0e6efa4d3501f80844e0fc61109a1fca5
scripts/preflight/phase-runtime-release-01b.mjs	6525	ff1168a262db65c10c5ad7c68dce6865d74b0916064050e949ccdfa3fb5cb773
scripts/preflight/phase-runtime-release-02.mjs	4603	c76de5e100000509b077c0fe9fd93dde0d4ab3da38d48e0f218375d79ab6912d
scripts/preflight/phase-runtime-release-03.mjs	2710	fd09317bed649e3eeda3de16a9cfd1f2697024a3371ac5d3edc5800c4bb59c41
scripts/preflight/phase-runtime-release-04.mjs	8531	3b88ce9b58a6fd25ea52a1fb930c42d7d4fcb9dd5b6a782ed81a626c4e01d118
scripts/preflight/phase-security-operations-01.mjs	92	fe55596f0596dc3161386aeb28816b01a3bb27765d218af9f588ebe72fd19c57
scripts/preflight/phase-security-operations-01a.mjs	23417	76b5c314d461f4a26638181f0d05fca1122d2f9462cb73503d8edcae2cacd9b3
scripts/preflight/phase-security-operations-01b.mjs	6976	41c23becb24327bcdf62b5caffad199302b67644f8c6d7aae7f107b27c919a58
scripts/preflight/phase-security-operations-02.mjs	92	039dcac4f06f4edace6f66d9a2f9ca98ab71db773e16813861bc81e5bd99afb5
scripts/preflight/phase-security-operations-02a.mjs	21819	cf43c973027032ce8b8ac85d41f9a68044bc8d54c3c977974f59a75aba939c95
scripts/preflight/phase-security-operations-02b.mjs	7731	4c19a62ad4469047aa2e0e99111421f2b6c792c9389772eab6196145f04d4b6f
scripts/preflight/phase-security-operations-03.mjs	2445	a246debd385585649045889e0b45fdc3c2d5757c6ab602a65c28687bc25f96e8
scripts/preflight/reseal-domain-snapshots.mjs	3325	ad63b588b4b3e0156c99198f2a9da54eafdc849c8957305ba8032832e06f1d58
scripts/preflight/test-dynamic-route-guard-resolution.mjs	2228	3d2d731dffe584957a782a610375a8954ca29ebfcfbb33692e810f1827a9498c
scripts/printful-debug-token.mjs	2781	28a0ab0ecefc5b488764cefd3c434ec1b57973e4424bbaa8a77596d0fcbe2456
scripts/printful-find-store-id.mjs	2736	e38e6a6d983805ff8d9c6ceae308d10388cdbf0d439aced3d059fbc1a5281c02
scripts/printful-smoke-test.mjs	3086	55c0e91effc96949f018d7825760654fe5079b11357e6ea82a70bf2298df6a6e
scripts/release-integrity/lockfile-portability.mjs	1905	3117d4e1cd5f9cef80a058516ef571a5f7aae7b40b59f9c84055216f81d12bad
scripts/release-integrity/resume-policy.mjs	929	1f4e47856c93bc1a92a2cb4bebea8d05081473ceab35bf640aff6b33b61f9242
scripts/release-integrity/source-snapshot.mjs	4453	fb18061f19e6cc3463a687ae5aeaedee24f68e89960592cde052ecb3679dd499
scripts/release/build-evidence-index.mjs	268	ba4e62574b449d436d1e2566dd60d6f9097d5adc26278425139c2d1c0ca30903
scripts/release/build-master-map.mjs	564	d0369f3f33538ecbc141feed325e9b9419a685f79c238656810f949f1886086e
scripts/release/build-source-identity.mjs	279	245bb43e8e08b5f9330caaf537154371eeb4ba9033c266206149e5b3172c5097
scripts/release/package-full-source.mjs	8174	a0d870e8879c9ee5c34023d2520334c7fde8c465e8fdb73974de063e1de9b6ce
scripts/release/release-common.mjs	958	5b1426550e1356dc2da985b23fbbd54dafad40d8b3854c0c9dcc5528b4a74d71
scripts/release/run-command-receipt.mjs	3035	e359b9485f4241726971f363f8eedd2a80a46b7910ef3ff5818d2038ea4dec79
scripts/release/test-package-full-source.mjs	3035	a69958ec831741af7566e51ce07f51c7eeb88f5ee7ea81201d2cdff60d87726c
scripts/release/verify-current-release.mjs	8961	ac734ec5889a339b6a994400bec2a6c222c338a0553b191bf9e6fa428e1e58ff
scripts/release/verify-pass27-visual-freeze.mjs	1378	0e14c30a2702fee08c04afa708a6fe60d2ab70cc4ad08760d0298ec3be1d694b
scripts/release/verify-pass28-visual-freeze.mjs	1378	520b473be06cfb0e6645e2ec6e72604c8015d0acb423f2fe92340aeabff0a5b8
scripts/release/verify-source-identity.mjs	345	855dce5b506b8dbbd12d242aa0f99b3b19a67c434c8474cab3accc1c8c6dfad6
scripts/runtime-bundle/build-runtime-bundle.mjs	2610	6961001209bf370595ea86dbdb87fd2c7cf9ed8328e01fda04475897f1185907
scripts/runtime-bundle/replay-runtime-bundle.mjs	5120	7d9a968f962f0cc96720b31fd67e5fc87aea2d20e6e8b1edee222f45f132b4c0
scripts/runtime-bundle/runtime-bundle-lib.mjs	20254	2b3bfb8103f887c1c4ad3357da0bed8ca75fd5829a19bebe834a8a327e4f61f3
scripts/runtime-bundle/test-runtime-bundle-current-source-binding.mjs	2945	e9a5e2bb69609dd5674183f337b34b2ec18ff7bd76906ea886bd72cf1d14b1ab
scripts/runtime-bundle/verify-runtime-boundary.mjs	4360	0407455f3a1bcd8767a8ca25adf7f918b063af859785de949fe7d39ef8d6adda
scripts/runtime-bundle/verify-runtime-bundle.mjs	3177	eb93793ae0ceb3cac92f24a0a79dc15a7965c1514c690d75a8f1e125207ae82c
scripts/runtime-config/verify-import-cycles.mjs	4709	afa5efba1b8bb12c9691dde97c489fe1b0df43c52b880836f23575ad62e357ab
scripts/runtime-config/verify-runtime-env-contract.mjs	5181	78dbb4b8ae0b5e4cf7106843af65f37df05ff3cd201196c0372b8427ad272abe
scripts/runtime/rebuild-trusted-native.mjs	2848	e7b0aa6a1b61af5c3a3659a76e5dcb2b599e9932a277fc419a26a63472a7b3a2
scripts/security-hardening/check-soft-rate-limit-migration.mjs	14215	a25a431f34f4e6e8dcf932af7d9d522a28d5ce842072a96a5fd2add0613cc7af
scripts/security-hardening/test-idempotency-outcome-replay.ts	19518	9ff14a8b97186bc0b87b4259864ef7d7211d607700c081dd05e202d323f0f434
scripts/security-hardening/test-production-security-db-hardening.ts	24666	7ecb22b3573b5af327d8fb4e77f2054933ee14e62638331ec259bfa83dcc04f6
scripts/smoke-final-production-candidate.mjs	2276	70fc07af7ed1f6b0cbf91cdb3c1dc5b91d8e3bde0c18c6c03259c39dbaca1f53
scripts/smoke-owner-production-blockers.mjs	2539	b744b25a0b4101489c128a85837fb67ad9be37d1921a86718bf831f4e2a2606f
scripts/smoke-provider-sandbox.mjs	1272	8cd99d220eb603f62077a3c132ad21898d4bb3ad74ccdfe3621456751903c8ec
scripts/smoke-routes-static.mjs	2536	2ae6b48c79bbb06d1da8783fa9e68888b64055ce5d385fa7cad75f1b15913048
scripts/smoke-routes.mjs	2993	d4782ea4c753b967f9b13c153e46e7cc8ecd6581df41a6faae2ecefbac9a90cc
scripts/smoke-stripe-e2e-test-mode.mjs	1396	ccf32cbc825fcb975e6a140dacedb7775fb58e021543604ac06023dddaa3a5c7
scripts/sync-i18n-from-en.mjs	1383	6610f6132d55f2e5d2c7ec465acb98c24f45fcc469321efcb162e0f802e2a326
scripts/test-audit-evidence-fail-closed.ts	11635	3f0bbff1bb8dfddbd02971314352b7c855e60067b3a22987ba069df194b7fd0f
scripts/test-pass4643-tier-value-proof.ts	21661	babf40812eb975e7e3df52469721eb9ddced7dbd0ac67d08b3a63df850f09208
scripts/test-pass4659-api-surface-and-body-boundary.ts	21469	481f72a6fc5dbcedc49c694667f8e5e234e918f71e9ecfe207004ab43857c124
scripts/test-security-helper-path-boundaries.mjs	5519	ce1c953dcda9f9d7f30bdde31ba88e347235cf3f5131117d20b80bbb597cede0
scripts/test-sensitive-helper-output-contract.mjs	6909	db6e29befdbc25315ad0ac624d159b60a277383519be907c9c49e3eb06ba4ea7
scripts/test-vlm-risk-fail-closed.ts	5702	70786f8a4050c81f2c236b6e568ade36163f6a4681f10c256ea8f7377a3d885c
scripts/velmere-angel-evidence-qa.mjs	2587	5db7a2ad1301af912b009fbc808cd1a4e4a5e31be267907cd7e9bb525d254fb5
scripts/velmere-api-guard-gap-scan.mjs	4888	5870e6f302754971c0285539f8e2cbefdaff9b0a76bacbae2481ffa9ef5ddba9
scripts/velmere-build-failure-classifier.mjs	2960	d69d786172d5806dbb6baf26cfc17df9372147a8191c97e8bc1e5b6c9d95c2f8
scripts/velmere-build-log-ingest.mjs	3371	4a871a6d05d63fe31ae378c545e584cd6f383661a891c77b481d37c623768bdb
scripts/velmere-ci-artifact-parser.mjs	1828	9b305976237613b9b987d10b56493eb34c88d1ecdf71cdacb018c4213127fe9a
scripts/velmere-ci-log-triage.mjs	2250	2abc3efb2d33c16d121b7803b672164ffe5941367fa6ac07dc0d24907111c334
scripts/velmere-ci-vercel-runtime-proof-wiring.mjs	3140	01d195c60a4af0d0b2055b4f9f49bc8e9ecbd6523f194fb7665d63b17a0afeda
scripts/velmere-clean-install-build-doctor.mjs	2619	f637817526ba2bf1830cff636a0cb6d359ddeee78a1b9022eeb1e679768aa171
scripts/velmere-command-surface.mjs	1061	ef8f82a22195e63bf06ca2722124adf6205e33de37e71cc92474bdea78f436ed
scripts/velmere-core-product-polish-contract.mjs	2412	3b02a40e74393b5f0fdfd1c5ff8f251bce265f3ef1d021b7d8dffc148dd1732e
scripts/velmere-current-pass.mjs	1201	37a48d7e79adc75ae2d7e575348ae5d2a5f7a5992e9df94c235b88ef06904020
scripts/velmere-db-migration-rehearsal.mjs	1780	4ac967b3a63ecd7d2c9f7e5872e06b0fcd62b8837d1db68c86704d0ffda321e6
scripts/velmere-dev-bootstrap.mjs	8752	73e6161f59e64d3831ac35091d639e69cf7f94ad8e4da07898cd62062c8f4b46
scripts/velmere-dev-runner.mjs	8323	9f46fedcb1b97a14b2b6eb87adfc4f97532ef1f23eb31173c33656f12806b4b3
scripts/velmere-domain-live-receipt-matrix.mjs	10750	47bd7215505b4b66f1dd143bc6b773f172b0b53669921524c94928a309a70268
scripts/velmere-env-checklist-export.mjs	2772	811d02e79c4c9498dab1fbe014e6ceb361fc1317a009cb2ae303004d3a167a14
scripts/velmere-env-example-guard.mjs	4031	12b9bbfbff77f602f5fd5df76e8353e7df3c713b1fa79271e06d40231501f142
scripts/velmere-env-safe-boot-probe.mjs	2597	d1015b0a8394631a73948982b75ab435e9368641b7294fca694c293fdd82972b
scripts/velmere-env-validate.mjs	1442	7580fe4dcb6c07a5f5c454bebb2077daebc5993c9157d0e9d9539d3b0b1f91ab
scripts/velmere-evidence-receipt-forge.mjs	1757	5bca43b5f1df130f5bd16861dd50d030b44a1c22bb8a661343dc1c6d922bee26
scripts/velmere-final-proof-preflight-aggregator.mjs	10953	00d8a645b66e9f0d701e0d3d0c6fc48cc4d424b87ae2855c00b320a3778fe3f5
scripts/velmere-final-public-release-candidate-seal.mjs	13701	f7e8759427ee2d8ff668fbf415887e8c5444aca6297e3e422e31375e5d55fda0
scripts/velmere-final-release-candidate-board.mjs	2155	ea895fd71af112f6b37d90c65d0372ed2571d72d0b426a022202b4bbb94e12cb
scripts/velmere-github-artifact-upload-wiring.mjs	1141	dc5afd582c7a4d9bef0268d0066400f1165836445bac2b64c5c71223fd612eb5
scripts/velmere-hosted-route-smoke-freshness-gate.mjs	11856	eea1ab2705c929bb281e4a269e14af156ee8dac915993f15b0b3331a999eec1b
scripts/velmere-hosted-smoke-pack.mjs	1739	f957c50036dbadd7ed251bab4b84b920056ed732c105713147a1fae55a1b3062
scripts/velmere-hosted-smoke-runner-hardening.mjs	2111	48c5283c791882e52148d2f3c7c103aa5659b146fcdab2305ec661058649e4c4
scripts/velmere-json-health.mjs	3442	cff6f8deee13c716bb288cc6ecbc1a2922a683d9c0ec7a08d5cfdfe5b0ff00da
scripts/velmere-launch-risk-register.mjs	2245	62d64dc7c12e993836702ebf7844e8eace2888bcace6f0e0f088c285d09bcd65
scripts/velmere-legal-de-eu-owner-pack.mjs	3367	937f167e270874bac3ac498781ab2a499b432c0c9c9b9b7e6e59941f8b08a276
scripts/velmere-live-data-freshness-guard.mjs	2315	c60a863f1775c075424aeef40d3c684e6cf01f0a1b9e700813d80567c2b85cb5
scripts/velmere-live-proof-mega-bindings.mjs	9577	37232b9dd540b6a0b8e8217cb10017ab5bd4d99279175a57f6db4aaf952a1f8b
scripts/velmere-live-receipt-store-quarantine.mjs	10062	5fc91be4a12529c9edf9ec1dd62f5a0f963c2b3b71340b319b12fe7c8f548298
scripts/velmere-live-receipt-store-tamper-evidence.mjs	10239	cfeba5f0e224fa89edf7aff2d234fe4486c327e21ccc6ed29117b6ab98768f54
scripts/velmere-lockfile-sync-gate.mjs	2825	cd0c8c884080d5cedc9aa6f3d4f9933d0d3af241f55036e100cd6cdbdeb8e49d
scripts/velmere-observability-slo-incident-pack.mjs	1571	0ef946f7fc8ac7651176583bd3db32190be608e2d1dbd04505de0550ac2f3b19
scripts/velmere-operator-signed-live-manifest.mjs	11814	01a312eaf591c11ccc7c038a85cbea6158d2f31b3172a21980f5c5e096bc24e5
scripts/velmere-owner-command-board.mjs	2046	7c31f06b3cf0ade101443577918323abf8e4e2f36c57ed90cbd0ffcd65e5d019
scripts/velmere-owner-legal-review-receipt.mjs	1667	0bf25847851dbbf7616c26d08eabe703d819ac42cdf47cda553352bf6fc553e1
scripts/velmere-owner-production-proof-pack.mjs	2077	21635d696d64b299d592103621cb5beea4ed142961a259d1a956bb43a21ad2e9
scripts/velmere-owner-runtime-artifact-bundle.mjs	1723	29198f4ad63aec8a822005f41ae22850a91f679a5819aa75fed215ccda3721ef
scripts/velmere-owner-runtime-proof-runner.mjs	7221	a6683e00164c52b49767f8a40dc0d6fc01416c91ad7c6bf5dd61a5e197cc18cb
scripts/velmere-performance-lighthouse-guard.mjs	2094	a7681f5837763d83c5910ef77307ded7a486410e11e5f7a7ca9978faedb1f255
scripts/velmere-post-run-receipt-importer.mjs	9736	e94872bb08b62b95fce9fae5f5dd7f23e18500b95d31aca3a8cc7de87b08b662
scripts/velmere-post-run-receipt-promotion.mjs	8658	015bb840639bf4b714674fe3828c0e1c2e77aacd72ed210ffd8adaa3be3278fc
scripts/velmere-premium-ui-defect-radar.mjs	3831	e04404f6c1446a158842ffb6c21f28d3310a8b4bad54f8ef8a44e8f432d0ffd7
scripts/velmere-production-hard-gate.mjs	5625	3faa4436e1142e5646244ae03133ae58487cfc085eadb0d7a520544b61a23223
scripts/velmere-promotion-board.mjs	2156	e0f805d92ba7ecd537ead75ffd89d9b152fc753deaad4a2874d2796ce6c9a643
scripts/velmere-promotion-evidence-intake.mjs	3081	44dd35d5d7dddaa345f4d8d9d2f48cd38d01b12ee7dd81701b35d181f0292291
scripts/velmere-promotion-receipt-merge.mjs	1648	12600d4ada6da594a65e3ddf3799fd6e4c71afa9ba2dd6f43509a20e4e46f8c4
scripts/velmere-promotion-unlock-evaluator.mjs	1806	e74ea108596d4c62927c312765a9996c2f091b478af53a10137eb8f8b51b46d6
scripts/velmere-proof-route-smoke-hosted.mjs	13270	99d121a141e18b28cc783cec9fe6a701c45556d7df8d4a844780a56030c8b12f
scripts/velmere-proof-route-smoke-local.mjs	12642	a879fbc4c0f53ce9bb0fc956fc6d64c8a987527724f459fc01ac5a4dd542142c
scripts/velmere-proof-route-smoke.mjs	19847	ea8b33ea81d1b31281e3519f511faf7d0ab7c438049d8f908cc8bbe5673677f0
scripts/velmere-provider-live-readiness.mjs	2933	0f11f62d15342ae2d8493fee4ef60a40a9d0079094a4b93088fef9b9ee505cec
scripts/velmere-provider-sandbox-harness.mjs	1961	90a01c9aa42ac9616082f03a1bae18ba9082610c4ed5f2ff73f177a4b96d0296
scripts/velmere-public-claim-auto-remediation-safe-copy.mjs	10613	80bfd2e4d7cfdf2c11ef3d262a22b0fea8e184771831193c4a83810f1b7a9a0b
scripts/velmere-public-claim-firewall-launch-readiness.mjs	9805	748f29b883fcb11231e8207cf95a1b5dd9e827e5ae0e5ef4f846292974328256
scripts/velmere-public-proof-transparency-export.mjs	9316	15567b1a963fd5bcf74ca22b26657fd71b6a25627268f3482fbfa33ca9dea301
scripts/velmere-release-evidence-ledger-provenance.mjs	14098	9ef1bb8541fb6a7ab78dbb9b992bf3e08f4a6310b80ec690407384100f839986
scripts/velmere-release-evidence-qa.mjs	4669	266e2dd7e6e66d52634b23b522b51e11bfb0c19c957f448a754a25299453106d
scripts/velmere-release-gate.mjs	2498	f8485bf4136ca5535673fe5046b3e5cb9a84757099e774a3b37d2398a663e386
scripts/velmere-required-live-receipt-bundle.mjs	8357	d9ccdbb7a8309867f922401691cd1fc2292eeaa61e9b7d50fea74a65cdd8ce3d
scripts/velmere-required-live-receipt-materializer.mjs	9755	ea7f16f8502495ef143c4b1bcef5e0f3b6f9ea68a4b86f18520ace149b86846e
scripts/velmere-runtime-bridge-acceptance.mjs	3398	226ecfe8961a5d81fcd37b30fefde9d135ea34efe8bcfd37823a4e327246663b
scripts/velmere-runtime-receipt-attach.mjs	3840	4410cc8aa4ec8f15a70c5044a7b470ca098e3d4b681dd7b4c5304de0c6952003
scripts/velmere-runtime-receipt-lane.mjs	1555	656af77907b020d5826928c31137fcdafad28cf9305d41fd29a3baa087a4c1cc
scripts/velmere-runtime-receipt-templates.mjs	3892	794fbcb40c99d400631ba2f2bed4d22093ca37a25aca04656b599987ba2df8d0
scripts/velmere-runtime-receipt-validate.mjs	1540	d83baeb50791b7de13f647874c84e7595a2c08a624b63c2d594b33196991b04c
scripts/velmere-runtime-review-queue.mjs	3104	b7f6a35d3d15dd8bebfe04c258924f9885dc7ef805c00668cd1958d1f26294ce
scripts/velmere-stripe-webhook-replay-harness.mjs	2075	ae9ee931101f21c5239f90a00af17718fdfef8685236a2ff1de6df7fb727d843
scripts/velmere-stripe-webhook-replay-plan.mjs	2324	e7be20fb7ba6b171cb2176a2624e68f4161b7b758c5e5b5e651ffff84452b0fa
scripts/velmere-supabase-dry-run-plan.mjs	3172	27fd668f7396fc0f2514bc0d89b94868a6dd2aaa6b71045948e11bbb5f495cff
scripts/velmere-supabase-remote-checklist.mjs	1901	2c47263c14c2ba53a4e8a0005a07d79aac2a6522c63483f25cabcc8c0d7c7022
scripts/velmere-topka-100-acceptance-map.mjs	2570	4e859bee25fd6f13f4154fe0860c26763606cc18d074490a1b28e12fee5e0f4d
scripts/velmere-topka-gap-closer-board.mjs	2377	93f94e040b2afea577951e415bb60e23bf72f89d72c6b6663f90fcdddd3f4d59
scripts/velmere-trust-copy-anti-hype-sweep.mjs	2570	e70659e7b61495e4f12ff11e2802a6319a3a1a0e8d8d0da579605a329be3c7e9
scripts/velmere-trust-copy-autofix-planner.mjs	3112	93ddc51020c88c7c10e28821e96634e2bcbf888d1f3a45a0ed99526816e006a3
scripts/velmere-ts-syntax-gate.mjs	2412	84381935c9ce12c2d192a13c4561d6370dca875eb66f7c4b50a9d127963c5402
scripts/velmere-ui-mobile-proof-matrix.mjs	3756	dfbc87ace2094e4be57187d7ef2c43c8546e2a413b7afcbaffb4eb6b311662f2
scripts/velmere-vercel-deployment-proof-parser.mjs	2016	7570bdefeb8b440552236275bc85c0cfb07a975c11f010e55b58fcbe0a5a3695
scripts/velmere-vercel-proof-input-template.mjs	1991	686572a82ed209a441457dfc80482742531d37c0e169445f510ac76ee0b72d1e
scripts/velmere-visual-receipt-checklist.mjs	1934	ac3035658b763726f60fc87c99646dda7f013636a63ff8375b4ed9017c0be92e
scripts/velmere-vlm-tier-sample-eval.mjs	14411	6a9c9629c87a346ca3dc0a4b58b9a498956c400e5d120be08a789084f1ce27e6
scripts/velmere-worldclass-chaos-drills.mjs	1469	28609034e8035214d031da3d21000ef2c17e48be90e6206c6f99acb77932f528
scripts/velmere-worldclass-claim-ledger.mjs	2719	e49634533be63abff9eb0effb466705ef0deb61d6647e81f7fd6147270e51638
scripts/velmere-worldclass-launch-cockpit.mjs	2003	bb1ec631572324c5259e747299a77e5175af7b00d0a511e6a0791ffaa2ebeb5f
scripts/velmere-worldclass-pii-scan.mjs	2249	671cd12356e90abe917af4f7bcc3b40215da3725a34a70da400d42f749f7805a
scripts/velmere-zero-skip-receipt-coverage-auditor.mjs	12861	30feeb4cc17faaeed1d5ee0a6f050493cff89cba2b7188ba22b00f98ef02ac9f
scripts/velmere/verify-p31-execution-contract.py	881	dfda071312c25735bae6eeb7ba1d2e2a4f734e48df257afda836dab2329dfb67
scripts/vercel-preflight.mjs	1773	41648671d59fff958c101c76796ba071482c8a8257d29bb892fd9fd561b2fcb4
scripts/verify-admin-audit-persistence-safety.mjs	5033	3e959a602c6fc8ce01265326d37eda81167f1f30687106b049688cd187d59a19
scripts/verify-admin-audit-write-api-safety.mjs	4840	1c1d1e4eef6db9b33d12ba40af9cc3f19efe3c2443cd0ab1ebfbec6b941d77d6
scripts/verify-admin-auth-publish-secret-safety.mjs	4893	1811db00cca0b5601bace84526447ae707985ee776eaa0941feff11b8496548b
scripts/verify-admin-auth-session-idempotency-safety.mjs	4907	eaf7ed9edfc5cf9305c631a99ddd149868ce07679750caaa99220fd942777e0c
scripts/verify-admin-environment-gate-safety.mjs	3506	6a1ccc5696572bf2857574f2c5e45dc837241663a9906a281da2a27ef2298265
scripts/verify-admin-mutation-audit-safety.mjs	3931	533319bf04dcb481fee5b1d5b1b756af6a035d73d8af8f35234211263f869501
scripts/verify-admin-route-gate-safety.mjs	3156	fbb2838ee63bb66375b00dd9688b3a4aca512b1f7e79e5d64fe0176d1f24f0b2
scripts/verify-ai-brain-import-contract.mjs	4465	848a4a7d2b2cad4ae68a9b6851030dff54148984a153872828e910a60032a014
scripts/verify-ai-risk-brain-scenarios.mjs	9178	97eb81d91b3e021f42c7f68ec52ca8dc3e5d60e520c47fff8f02cb7b86a2fc5c
scripts/verify-commerce-launch-control-safety.mjs	4982	2c2cdfbcc685427ed5235515b2f385fadd9f6a1e8923d6a0502fd5cf9a8432fb
scripts/verify-commerce-launch-safety.mjs	1903	366202eb0cb81d969d70407dfe3d0d7fe56201d06c9860dec6cb4c6645e4e279
scripts/verify-evidence-export-manifest-safety.mjs	2325	bf5211329f4b7d12f4f9de97f51565fecd02e07d865d833f8695f797a223dd24
scripts/verify-evidence-report-safety.mjs	1715	ae5307796e319c821dd5e234667d9d71189434b2bbc2ad1ee94642da3d190bc1
scripts/verify-locale-surface.mjs	3410	65fc14c8510e422ddb2e7267c1dc6f4b9f6ffc6b0749277be213bf3053f0a723
scripts/verify-market-integrity-no-truncation.mjs	6016	e90ed35ee2eab57513deee52f85818a14e5cb4778d66f5ca7781d0906d63aacb
scripts/verify-operator-casefile-safety.mjs	1916	a4f72a4cf5c9b593c40fe652dd1cf7e2b558f78d0b73d6e8046f338ac0ce94ba
scripts/verify-operator-copy-progress-safety.mjs	2318	98551e95aba6ab082a5591b488bec16537531d7b172093c2ca59885b1cb0b379
scripts/verify-orbit-layout-cleanup-safety.mjs	1518	cead2a137f6683944c894372be52ab7e275092c482cbe79f52af376eb377f28a
scripts/verify-order-event-ledger-safety.mjs	2788	60cfc49833246311b5dacd9f8bb2ff0e229fffa55b938cc06732951be030b5e4
scripts/verify-payment-order-readiness-safety.mjs	2729	cac6eec6f01a07320436a35646dafa5e1d6624febb4e515c4e89e572a0113810
scripts/verify-product-provider-snapshot-safety.mjs	3135	8c43e05b8b54744605c5fa12a708b9f292d7e27e7b2c67c29051b3e302d04073
scripts/verify-product-truth-safety.mjs	2521	e7871442afaf6306a7d08dd3f9082354dc1acff9a4c129b98a8725e4a27bca17
scripts/verify-provider-truth-admin-gate-safety.mjs	5109	ccf8113f190a24f932f197d27be492073f2e05d4440d44824010e0fc5589d428
scripts/verify-release-candidate-attestation.mjs	5113	c1adc6fe29d4e5b2babe76a4c0bf562b800b1c40171ab668168cb9ecedda7fe7
scripts/verify-release-proof-package.mjs	5734	5107c3111eab2e8e17a767db2cecbaa7f03fa2a60efea8634a0d374b839a0d41
scripts/verify-release-provenance-index.mjs	3249	b11595c44113bba68eadb015539ed35c02a1deb58dc42f622d2cab131a941151
scripts/verify-release-transparency-checkpoints.mjs	6793	de4e831e3d0fcba93f3a94a180ad9a7809d1de7a69e32f96bcc90d7dbf28eb70
scripts/verify-release-transparency-log.mjs	5053	4c3bb6a97719be654760974bf106b6bbb06024f39fd0a4200123f35c82e714ae
scripts/verify-release-transparency-witnesses.mjs	4224	59b1a47f8a1819922e72a08327046b09616cae4a94fda6712543a6f664ee05d9
scripts/verify-release-trust-checkpoint.mjs	3821	184122f465df04dfbcddee89daf879163c91809dad575e3cc84b6d861e021d3a
scripts/verify-release-trust-consistency.mjs	3390	1d4f274e45814d6f28f52af535aa4a3628112b5ac52f51acb2122ff7fb2b7ff2
scripts/verify-risk-engine-safety.mjs	4018	f84ea8e8d4e8893938c00123f805d5a0c8f5ff0a29f6fd6e011a45c4b96dbe67
scripts/verify-runtime-contract.mjs	395	5b63d35b1ffe06d00db97f01fb52362a8e472654e923bc45275be9c0c203b0e6
scripts/verify-secret-redaction-static-safety.mjs	2533	9139c56b86ff5ad761c6179fdb0687b79bf450f105aba9b2bcbfa5fa82e10ff1
scripts/verify-shield-design-safety.mjs	23546	6c27fa1a7f4c2c6a7f7023f4f79a572f7232b3138d39319f1bae548ba1dd5896
scripts/verify-shield-runtime-ui-safety.mjs	2455	fd96d1e2beeee1e7c7064052bad9c7169c7bb30f272653091a7573002aae3c27
scripts/verify-shipping-returns-truth-safety.mjs	4557	59919c9b31f0f22b365a332a0fd6eac0d17b638846cca84a203cb4dc961e2c02
scripts/verify-site-page-audit-safety.mjs	2709	5941db07fb51cf509100b77ee34e770623cd177007795ac2ada8524431df1143
scripts/verify-square-vlm-launch-control-safety.mjs	4003	391563ff7cd715091a1233cf31baf9f5db0b23669df6c8382b7b83ab0c404a34
scripts/verify-vercel-static-safety.mjs	3961	2e5bfecc34998ece7e29cb4768c9f8b277c5f0bfc3ca3cfae50d26ac38be06c8
scripts/verify-vlm-brain-board-density-renderer-contract-safety.mjs	1708	844d4a49d93a358884c8ace04153cacce03f06c6c2952d0ed573f387ea8d5fad
scripts/verify-vlm-brain-board-focus-webgl-lane-safety.mjs	2890	de2e2ba8a86eb64effc807ff5420df9f2971f12ae206fad765b44f0f81fa73f1
scripts/verify-vlm-brain-explainer-advanced-guard-safety.mjs	3446	de8084c155ef41ded0a9ace9684ac23a67ab5d086cbc2ca5cfdd363022c98ffe
scripts/verify-vlm-brain-orbit-cleanup-safety.mjs	3142	bb3ceaa687c7429890510521508b9d186d4369993021ce7b8f9445f05bc8e9f1
scripts/verify-vlm-brain-performance-runtime-safety.mjs	2935	e3c7cf84cc60d2c78f41eeb107dc60411d34a89ed4b94f61bb26a63a09f5f3a2
scripts/verify-vlm-brain-performance.mjs	3697	7408bea5f98a4abe6be2069709b042a5197df11536360ccb7a6a0a218badd11a
scripts/verify-vlm-brain-static-advanced-polish-safety.mjs	2738	4bed375dc9bd2a3d6df14cb3c76e33cb500f79258a2f52ee85eccf52e38dfbff
scripts/verify-vlm-brain-unified-orbit-board-safety.mjs	2062	120cd6b9ca7a4a1b27e307c9d22f5e6e3479b75982b249da42621facd778a297
scripts/verify-vlm-motion-governor-safety.mjs	1974	124a6271451f17ca41bf31aa01e61d12c70b7b2ea791254f70a6848fd3cc3ee5
scripts/worldclass/common-implementation-digest.mjs	2997	dd49eb60369c8ad1def68f68929a6128f749f24ba36c6d314b72ccf4aa8e966f
store/useAudioStore.ts	715	1d70d02386bb48937deb0f79f8691c7650587684027c40d7ebcb6369ccc35f13
store/useCartStore.ts	4408	098f29838edba653748bbf0443a439093dff5c1ce40bea6a451170b5953df750
store/useModeStore.ts	2197	8fd924caa0a86b0a9a72c919dec689a40402ee3039f2b77ee595a95143c3fce7
store/useWalletUiStore.ts	1258	f7b050b3f55f33c73f0129549404e16ecc4a9653c8daf08a7ec8a30b3da62fcd
supabase/migrations/20260616000001_2097_velmere_core_truth.sql	25250	3efa517fc12e979d78b13ee35d1c08911a581af7b5d048f537f1f902cdfeace1
supabase/migrations/20260616000002_2121_runtime_bridge_checks.sql	2615	dcb6b4cf1dc7f08be0fc8d2212c21b064303ef7285fa8c490456b56cfda8f039
supabase/migrations/20260617000001_2178_mutation_receipt_vault.sql	2088	f7adf2033c737882ba681fc5f98b76dd829590891e395d2430724dc8463238c0
supabase/migrations/20260617000002_2179_mutation_receipt_runtime_truth.sql	1098	5e7f0bb6fa7a7fbf2d84e81bfd0766de90cd23eec7e7d8c4874fdf8a4a4b3483
supabase/migrations/20260617000003_2182_runtime_receipt_capture.sql	1127	ccb37a4c3cff1f14fbe25ebedb39c4edc1a5051e106ae3c3ecae28ecdd32295c
supabase/migrations/20260617000004_2189_provider_order_fulfilment_receipts.sql	1385	a57a96b62de4369230d1f9eae220826c2743536498b083ca138644e62b7f4003
supabase/migrations/20260618000001_2223_advanced_entitlement_fail_closed.sql	2631	094e3cafee3b0cf7c39c0d19e909b81d7a9eaaadec266ff37df98337c160ac47
supabase/migrations/20260618000002_2227_angel_durable_memory.sql	1734	3abd321a6b42cb99327c8ffd470dc8400d0bde65b2e0d847d93cb60107b24a5b
supabase/migrations/20260621000001_2360_audit_account_messages.sql	3156	9c0a9a8e8fc59b096dbc7c637fdf03a5f962675b0f787eeebd9f4f2f9110fd1c
supabase/migrations/20260621000002_2366_durable_payment_evidence_store.sql	2463	b90949c221c59f8674752035f2be631262319e1b3bf881c2a6e99ba26316ffa9
supabase/migrations/20260621000003_2375_route_health_ping_ledger.sql	2057	3565ae62e96fed30517880acd926484a56840ae06f563884f7bf061d32b40331
supabase/migrations/20260621000004_2377_delivery_receipt_ledger.sql	2245	3b32c87eab1ccc01626964876e0b21a88b480e8119df22fa24d48699ea3cb04b
supabase/migrations/20260621000005_2381_support_handoff_event_ledger.sql	2306	6939eddb1346c1197a95451026cd625c36039719755a9dd71dafef30f9a80fa6
supabase/migrations/20260624000001_2624_audit_account_delivery_production_lock.sql	4754	b18b36ec353383ee650f59f55c5d78fdaab5cfbd51870ba2bc350b36720b06b4
supabase/migrations/20260624000002_2628_release_evidence_board_rls_insert_only.sql	7233	2aae08e40cdb8912ef245eb5240c9aaf5e45adedd502c86869bc89abbff9125d
supabase/migrations/20260624000003_2637_release_board_public_receipt_view_live_rls.sql	1459	76443334d220df960ffa11681f51ee950af93b85562545f51d065633e31c0498
supabase/migrations/20260624000004_2645_safe_pdf_download_token_consumption_ledger_rls.sql	4064	d9232e9e02bdb9065e9ac80e2146d51fc35809f2682a16178f3f8983f4e40757
supabase/migrations/20260625000001_2649_entitlement_revocation_ledger_adapter_rls.sql	3155	671b05c4b6754d96bc7b751e3f082f2bacb647839a961b439411e0e0fe6a265a
supabase/migrations/20260704000001_4435_audit_watch_receipts_rls_write_executor_contract.sql	2806	601c08be7be0a148dd5fa598adce96edcc0d891bcec8447c6bf96687ef41ff79
supabase/migrations/20260707000001_4611_audit_intake_case_vault.sql	2363	7fe503061e2dba7769ba2e707aa1513e2afd7ad97305a67b533085d24176bbb2
supabase/migrations/20260707000002_4612_audit_checkout_case_entitlement_binding.sql	9294	336aef2f43f6ac2a0df2ef984ad5a14a4689e93aa95f067d2ddcf70cab3eebbf
supabase/migrations/20260707000003_4613_audit_status_payment_terminal_events.sql	7014	bbf2244b43c06fa572004aa5c569fb6e09f4c354a41fed3f8d00eefe0825b4b8
supabase/migrations/20260707000004_4615_audit_customer_safe_status_history.sql	12976	cc8e1aea64e72c0d0096490b16ad8422843c069eb368ee9e1b6d280b2fc41210
supabase/migrations/20260707000005_4616_audit_review_assignment_sla_worker_lease.sql	17834	6705b5d377255d2f48bb9b1b548249387495ca4d00694a85ba8a32e93e00047e
supabase/migrations/20260708000001_pass4645_provider_evidence_ledgers.sql	977	aaf844a4a82d6c6f6664178c67f8fa3a2ed38a0585db2dae60ba621af89a97ab
supabase/migrations/20260708000002_pass4653_provider_evidence_snapshots.sql	3465	bdacd160337162edd87045798ddc7d47542ee18c0fdae7b96e3dc760b74bcdc4
supabase/migrations/20260708000003_pass4654_atomic_refresh_leases.sql	1565	0ed53b641b1a180d0c94fddc8290ea8493a295dbca311a3d29e3e9cd0e2431db
supabase/migrations/20260708000004_pass4656_provider_health_snapshots.sql	1017	d456514fe31a85b9a6968398b4b838dc5e012dd30b227c63b03b84deb7bd9de8
supabase/migrations/20260709000001_4657_audit_pdf_token_consumption.sql	842	ed66f023ed0119d3466cdf45c60cb021050c707d5f3511d288c3487bf371134a
supabase/migrations/20260709000002_4657_stripe_webhook_atomic_ordering.sql	6021	c7d95ab448904fe7295fe5106e95935255d1646b75b07a200c2d21620ce19fc7
supabase/migrations/20260709000003_4658_audit_pdf_token_lifecycle.sql	6059	362198fbc8f6ff60775d6ea9581680e0c6f2b9de0d77b9ba8579550209eac711
supabase/migrations/20260709000004_pass4656_provider_health_observations.sql	1259	c77fe997e7824e982b11ed48f84e782c45cd0d7417727bdefb8fc26fb927016d
supabase/migrations/20260711000001_4699_stripe_webhook_effect_ledger.sql	6617	5301ae51cf5745ffbaceb214fc6ddf020af3e1855a2b9119c0b0e03ef2f549de
supabase/migrations/20260711000002_4700_stripe_webhook_effect_reconciler.sql	3704	5cf778a6de4731342150192678f0ddc3ac35905b7ee7993841f8d12adf017adc
supabase/migrations/20260711000003_4703_stripe_webhook_worker_dead_letter.sql	12528	f9c0dcd955cc4195e6c9ad9209957adf8e4b3f63ab50c8dc28ebf79cb62584d3
supabase/migrations/20260711000004_4704_printful_fulfilment_incident_hardening.sql	613	9e0c4ca4b785e5d12e55f3a0a430e41ab98a62063624ab99cac2f7e8328c46f6
supabase/migrations/20260711000005_4707_fulfilment_incident_resolution_outbox.sql	3853	7d6733f4c15cace85127db0a4be01dc466c0fcf0b8c63bc8df1b71c55ff8a8cc
supabase/migrations/20260712000001_4708_fulfilment_outbox_worker_rls_evidence.sql	14893	fed7e0e00673b04cabbb8811c9730691af3efc8f5e24343c887570933c520ba9
supabase/migrations/20260712000002_4709_fulfilment_recovery_subject_binding.sql	7705	f9533b0cc6bbb79d24698874fa76cbd69de7326b33befad2aeac17ebfee55549
supabase/migrations/20260712000003_4711_continuous_fulfilment_provider_sync.sql	15743	cc3f2743f5aef71e69b41b83e2cdd57f3552200ab451ae57c656b30c7e20a2d4
supabase/migrations/20260712000004_4716_profile_square_user_rls.sql	3538	27f1fc3a2bd0f58f26ec2aa0030e5c5349da0de0874548afaa262f7ca5788dcb
supabase/migrations/20260712000005_4717_auth_cookie_owner_read_policy.sql	1350	7b5329b1c3a570b8212f6222243b9331b54986d0c72fbbe10c38ceabd53215f7
supabase/migrations/20260712000006_4718_auth_flow_staging_contract.sql	3658	bad80aa3dfbce88fcae7940b6287b5bc94c77f916cb7c59b02b8bb3c316d1668
supabase/migrations/20260712000007_4719_auth_session_family_alert_pipeline.sql	11113	04680263718fe087d696799ed072791ea32ad69a6d791eb68ac22e112d92a1e0
supabase/migrations/20260713000001_4741_durable_computation_replay.sql	7029	ae36c530fce5a595e0aabff2863bab3bfc58c52e361f42ad24d5aee9d14f5309
supabase/migrations/20260713000002_4743_durable_computation_operations.sql	12599	f3a61096a3f9e708fe13612fee77758fb0892a285971a20daad8a363b9f2c38f
supabase/migrations/20260713000003_4745_durable_computation_sealed_worker.sql	9561	170c8703303d5d891844e449b90fcb3110ab497d7e9d40558bdf99e1cd8751ba
supabase/migrations/20260713000004_4746_durable_computation_all_kind_worker.sql	9806	25558019210c484ea339c9b8eb4af8fe6aac328bd6c6f728faee7c0cdb635899
supabase/migrations/20260713000005_4747_durable_computation_strict_ownership.sql	7556	452895bf5eb89e08244a9246d2f1297afb7cfc260c3653960218dc99e7c8436b
supabase/migrations/20260713000006_4748_durable_computation_budgeted_admission.sql	7565	64a5b417d4b7af7a7c2ecde32aa4ddc3dbadbf21a09714afb89cb7aa34212937
supabase/migrations/20260713000007_4749_durable_computation_cycle_receipts.sql	4851	9f96ed1f824e235d1d184a676f343329f2cfb03391caca68ea35232e6721206b
supabase/migrations/20260713000008_4750_durable_computation_staging_probe_alert_outbox.sql	12647	518045e797251788392894e36656314a464c4ea445ce41b74eda944f4e3d95a9
supabase/migrations/20260713000009_4751_durable_computation_promotion_ledger_reconciliation.sql	13412	c8955ebe43ad7760ecd666b7983c13a3b8c07404e126c96def06a69e538d20ef
supabase/migrations/20260713000010_4752_vlm_paid_entitlement_lifecycle.sql	7073	8f3cce0bbc369b657546da36b3fca8de029dbd2d76071b06600bfe6ada77ee6e
supabase/migrations/20260713000011_4756_provider_observation_ledger.sql	3679	0d4394a0343c522fdc1dbf6a71d9aad59bc5b0d5d6fb608d7c7b20f22f8a8265
supabase/migrations/20260713000012_4757_provider_observation_operations_alert_reconciliation.sql	8689	a4cbbf1e0fb21193c94651aa7803dc22b83e04d79c6031c12a271c1379d659ae
supabase/migrations/20260713000013_4758_provider_quality_promotion_quarantine.sql	19995	a1355ee1ba8364462fa4373369c25c016b64e390c0a5c547586d77a7c3528397
supabase/migrations/20260713000014_4759_provider_quality_incident_release_hold.sql	18619	79513e0cefd4e7e6a7020c82f07a49eb3ff0af548e737f7f8557f4ced8c59f81
supabase/migrations/20260713000015_4760_provider_quality_signed_auto_rollback_verification.sql	23521	f9db9933ec8e2be06788eb85f68efccc599da67109a7da3bc14cf9e83ae3cfb9
supabase/migrations/20260713000016_4761_provider_quality_recovery_proof_repromotion.sql	21468	c03729d40db6ade8a859eb2dbaaf0e3bc1f17ad55d61b6d8886a3347136c1229
supabase/migrations/20260713000017_4762_provider_recovery_smoke_receipt_ledger.sql	12935	611b376dc5fa2baec702f96a6a756b7c1c00c037ff6aceac04141db9b596b801
supabase/migrations/20260713000018_4763_provider_recovery_release_certificate.sql	23570	5e428ed00534d8651e10a129f3db67afaa961ae558d437cc1c31f9e8e3101f42
supabase/migrations/20260713000019_4764_provider_recovery_release_bundle.sql	24616	bb6be1e553749c02422bd13a8a043d40c7769029ca6a1979fbfcd4e7fcb2704d
supabase/migrations/20260713000020_4765_release_candidate_attestation.sql	28009	8d9f18142b2cb0e8b1c02bcc4683016f1f24b4ec5cb02675a8c6e43bc5be5666
supabase/migrations/20260713000021_4766_release_provenance_index_multisigner.sql	17207	aa7f43e08e0570fe056ea0e7af29736bda984fee62ff4fa975d52b2f1557d910
supabase/migrations/20260713000022_4767_release_provenance_promotion_gate_public_feed.sql	16892	4def41dd709ab173b037c64964c7d065d2745d1eecab9e851a7125612fbfc547
supabase/migrations/20260713000023_4768_public_release_proof_packages.sql	15277	8b2ec8e095ac81de6e6e36f19eca7ae6aa02bbeb6787abcb83403fc69ad14373
supabase/migrations/20260713000024_4769_release_trust_checkpoint_revocation_supersession.sql	18583	7c55243618ee7a7bee8ab9649dec7267e2a0e11dc15dbe4e8291fff48c6c4060
supabase/migrations/20260713000025_4770_release_trust_consistency_emergency_rebootstrap.sql	15577	a334dfe486cfc4ab7302d9067eb16c9c9ba27490a39d9ede1cbf01c71723bd71
supabase/migrations/20260713000026_4771_release_transparency_log.sql	17059	38f2dc3daeed1263f82e21106e1c60fbc5cdc6d86da00c1e76e4ba4a465385e0
supabase/migrations/20260713000027_4772_release_transparency_audit_checkpoints.sql	18675	8073093e2323b0334f8a95624509b358f52abc2f180ec927498be90116f4eb81
supabase/migrations/20260713000028_4773_release_transparency_witness_quorum_split_view.sql	17337	89c1c83c04d9f9c395ddc429713672f4c8f48636be8e12d218efb5fa1949041a
supabase/migrations/20260713000029_4774_witness_bound_promotion_atomic_consume.sql	20165	8cbcbf03f78c42cc52da28dde24c155941800a335911f7a73a0e0dd97dbdd543
supabase/migrations/20260713000030_4775_witness_health_suspension_rollback.sql	24949	93e1203e699253209ef5fb0e7ccd8ffbe9aee2e43ad4e810625715e136bc97eb
supabase/migrations/20260713000031_4776_witness_health_signed_recovery_unsuspend.sql	26808	e91cdaea76b257f5fe9402d83287a2749406e90c33a5df2b7bd3b245207012a7
supabase/migrations/20260713000032_4777_witness_rollback_resolution_reactivation.sql	23175	7951fc7e54f4537167f520999a10ae63dfeeed445101ab78640f56b424119cef
supabase/migrations/20260715000001_4802_provider_reliability_shared_state.sql	14306	5d61f16dec576bcf23d34eb32973237787ce18a653c196e978b571ca48fb20f4
supabase/migrations/20260715000002_4803_paid_audit_release_orchestration.sql	21594	2f65de1d117ebd84e8739688c35afb67e5b712163e9f4d2702c4c7dc4211380e
supabase/migrations/20260715000003_4803_stripe_entitlement_revocation_race_safety.sql	8395	fcd30beb1d481a86280eda4b1c4dfc943e0e4addde2c0c343239e5b9f5dabb77
supabase/migrations/20260716000001_4806_audit_report_snapshot_delivery_gate.sql	14281	0aa8eaf748a3c2dbf5b3d892be9ded58d16ba472b31748626fb02ca0b086bb0e
supabase/migrations/20260716000002_4807_audit_source_candidates_and_evidence_roots.sql	894	553fd0ec9af24348a39668449bd1aab32668b7b9bfc76c394c5fcd9ae6e82b35
supabase/migrations/20260716000003_4821_audit_account_canonical_customer_snapshot.sql	4081	2ae051f8f3446c01a7ac4a427aa9ab72099bdd2f4446e5b175bde5bdd8afcae6
supabase/migrations/20260716000004_4822_customer_artifact_snapshots.sql	3220	7dd2041b57eceac53c308b9139b487a4b27e3832e1199561af2aa29fb06f9c98
supabase/migrations/20260717000001_4823_customer_artifact_store_hardening.sql	4825	b816d1dd33797846c118d8cd115ee254d3e838624610cc7cd0f390ae6dce5e65
supabase/migrations/20260717000002_4823_payment_state_monotonicity.sql	18669	88308f58d3cac2559a722ab84326c7b3f37de2b00a863a1857da2b05a69427c0
supabase/migrations/20260717000003_4824_account_session_central_revocation.sql	3660	127cba23afab1d1a88ee1bfd6bd29ba9024e72763fe4be8ac2a08118228e26ec
supabase/migrations/20260717000004_4824_customer_artifact_exact_pdf_blobs.sql	25752	40e73ce695deacd684a99cde67bd6915711ee38492678e1f8b3046acbb885716
supabase/migrations/20260717000005_4826_durable_market_lkg_snapshots.sql	2481	68b371abb33d9266c828e5d9c5b8c23a4349afe38598e92b13f8e2686e02f5ad
supabase/migrations/20260718000001_4990_commerce_payment_integrity.sql	4003	cb12dd946dc0462d2f204d9daf56fe9d70596b31a6f7b33b692751b319221a66
supabase/migrations/20260718000002_4991_operator_nonce_and_square_rls.sql	2568	d8cc7da79ae2719944b88f90e4073aefcc58eb0c76f61c794b0421985baf3f2a
supabase/migrations/20260718000003_4992_atomic_commerce_paid_fulfilment_outbox.sql	13104	0ffbbb6e923e4c7df7fe935f410e80a8097d711424e69d32db215a8d82d9d1f4
supabase/migrations/20260718000004_4994_commerce_fulfilment_outbox_worker.sql	25709	bb41bb7f5eaba436491d3f4fd634c8a9c9a2c79e7499746eff14f0f5f54e85f6
supabase/migrations/20260720000001_5000_pass14_security_definer_trigger_acl.sql	663	f570f355851f2cf785b6f91af2ad65f137f08bb4113ce18349e88e89efb9a7da
supabase/migrations/20260720000002_5001_worldclass_evaluation_registry.sql	3473	9ac5fcbf0adeb489f42df67f9e22c0a9efacba0acdfaf680ee1e72c3afbfb162
supabase/migrations/20260720000003_5002_worldclass_market_adapter_evidence.sql	4183	88e0117c08dde6c85c4c5d2815fc0288a2da137d400caed2c6a32536a901bfc2
supabase/migrations/20260720000004_5003_worldclass_audit_lens_adapter_evidence.sql	4713	01e1913b350ea973f498b5cb6a058825787ba7379d8bbbfcce92fd490f14c72f
supabase/migrations/20260720000005_5004_worldclass_brain_angel_adapter_evidence.sql	1972	f056c8413c7038415d60375f54e8deb8b1ea18a9e8764c2e4c10309277bc4722
supabase/migrations/20260720000006_5005_worldclass_data_license_i18n_receipts.sql	6337	a0993d30e70c5cb981c072039cd43be980969c503be0e94302f6ae3dd3fe256f
supabase/migrations/20260720000007_5006_pass21_provider_legal_rls_receipts.sql	3604	5c544436098d33903e067fc8940800cca0fba616f0a0597f59827837de52b845
supabase/migrations/20260720000008_5007_pass22_owner_operator_rls_and_provider_evidence.sql	17319	5cb51cdcf96a1e5277f4ca6a274d40c2cfd54fa124457d1ac0a04a1d947adb54
supabase/migrations/20260720000009_5008_pass23_explicit_service_role_boundaries.sql	10997	f1476177cf52189b5e6cae6cfdbc053d2f39f55c5c39509f5fc9fe4e9bcd0c87
supabase/migrations/20260728000001_a89_password_recovery_grant_ledger.sql	4894	5b6063296da2acc8b8c7414e7859912ffd2f7587fa05dafc25b5f510e405f1f8
supabase/migrations/20260729000001_a97r1_payment_operator_assertions.sql	4056	aa08cf90ea65a4000f4f5894b0d73ae49c521fde7ad7c7b46599d50315a2dfb3
supabase/migrations/20260729000003_a102r2_salted_account_binding_rls.sql	2564	3bbd7c905ff3f3dfe6dc8d618982931b6015c480f34fcc7013258e46d28d9acd
supabase/migrations/20260801000001_a102r41_entitlement_revocation_ledger_rls_fail_closed.sql	1621	9418ff46c4f296465a8a157e04c0c29ec40c85fd07bffb3b0e2a28f169c015e6
supabase/migrations/20260804000002_a102r44p16_analysis_queue_sku_truth.sql	4237	9279594bc7efa8e043634f87fb5fd230769eb660b4792c0c1c5f805f2892bcca
supabase/migrations/20260813000001_p36_customer_artifact_pdf_limited_classic_xref_boundary.sql	4315	10b2f3c5cb1c35d41523e41f6c77f7c1ed72bc700cc75f31cc59f895e8654504
tailwind.config.ts	1494	3ab993dccf2da7b0ac97eed9a2365c7647fc7603917851651172fa653bad9f33
tests/accessibility/a94-focus-locale-metadata.test.ts	8436	08b6f2eefc728c5de9d6ea1bb4bc6df23ce0825b1ffa20f56125dc654129b4d3
tests/e2e/pass2892-shield-realmarkets-pdf-smoke.spec.ts	2107	940683a3a122418b0c1172b0dbdc5afea21f3197f808c888e849f9bcb0c04452
tests/e2e/pass2893-release-evidence-bundle.spec.ts	2173	24f7b8fdb5b554dcf0ba273244ae7ec9eb6aa08c7ff30d01a6d6bf84a8995646
tests/e2e/pass2894-operator-go-no-go.spec.ts	1669	77c877599e2fb935692fff1158f0095f8b7873c5fc61cc55a724da78e6734676
tests/e2e/pass2895-receipt-freshness-quarantine.spec.ts	1230	8fbcc7c5e40f2be924f1209dbaf87ec52652be5fb89631dd622e1864762757ad
tests/e2e/pass2896-tamper-proof-release-ledger.spec.ts	1634	de6f7fc51f5e2fa948b93c766270f07439f593b8fda3713486b3b9f1207a5e87
tests/e2e/pass2897-release-attestation-verifier.spec.ts	2009	0f9d39f5d40bcea8cafd165c7eabcda3c558268da21632891e0cbec321e8fa2d
tests/e2e/pass2898-release-revocation-rollback-sentinel.spec.ts	1774	daf459d20dcc5ee0a7730bb0d6598a5a55242f3df7b943e42cf607fea4c00873
tests/e2e/pass2899-post-rollback-recovery-reapproval.spec.ts	1764	5f22487e80e25d2218f81add7ca33c56317f584962f5a494c7dc73ffc20031a1
tests/e2e/pass2900-release-continuity-lock.spec.ts	1612	3c129a80483d964414ec33d481050271f808998232a9344bd4e65517e950f241
tests/e2e/pass2901-release-promotion-escrow.spec.ts	1651	ffa642b22a35534da0446400de46a9cd284c8012a42d0d795bc6ba0bb76517e0
tests/e2e/pass2902-production-claim-notarization.spec.ts	1725	80e899420680163715fb9dcd45dfcfb53a6e451008a76348f74900b906742aba
tests/e2e/pass2903-post-claim-surveillance-probation.spec.ts	2026	5fbbb915420982b5b1654a95cd351f28fd6e3ec1efc46ed582e51d8c8071b344
tests/e2e/pass2904-claim-expiry-renewal.spec.ts	1844	04525d15e150f15e8402a2711db370d4518706e4fc5fc704f775c1447c9571ed
tests/e2e/pass2905-public-claim-transparency.spec.ts	1479	a6392ed3b86d93d4ae4f0a706325d8ac1ce4ea99e47ebe740be1e6e8168b996d
tests/e2e/pass2906-public-status-dispute-correction.spec.ts	1300	d877059247e4b67a19d17c3cfc38affe19d2a1160108710b9cfa78ea86777495
tests/e2e/pass2907-public-status-appeal-independent-review.spec.ts	1391	197a72e04a7b0bd2ef30412b51456e442420505fb08f92d897641fb7eacb2d02
tests/e2e/pass2908-public-status-final-arbitration.spec.ts	1785	e1096ffd573f78ee58b485d15840ec5ac0bacefc7c7f90235aa758e2e625386a
tests/e2e/pass2909-post-arbitration-public-resolution-seal.spec.ts	1935	47a2f5815abc81828d4b5f5f68e7a9f5b36dbc5c195bd5856d48cca549cfd612
tests/e2e/pass2910-remediation-execution-closure.spec.ts	1865	9a50671de31e6c218f78cef4a63201bd6ac8e06cd8b2e706361851487c7d53b7
tests/e2e/pass2911-post-remediation-stability-watch.spec.ts	1909	bd28ad6db4bbe5fd7e5461bbac705f42ca231a699b9368597e66a66f0dbdb2b2
tests/e2e/pass2912-post-remediation-trust-restore-handover.spec.ts	1939	8d11e38dace535c90700db44eea0e01ab9900377551119802e91c0e555e47adc
tests/e2e/pass2913-post-restore-continuity-monitor.spec.ts	1137	65c566310c4ad727a356c80539082d38f66a87c1c6c7b46b57f240209ebcdb8f
tests/e2e/pass2914-public-trust-evidence-decay-renewal-escrow.spec.ts	1124	d91aca7a1806ab23ff5ac2e408dc1afa22beb456774c3755b04eef3cf69ef9b1
tests/e2e/pass2915-renewal-escrow-promotion-quarantine.spec.ts	1143	4747b223dadedc693016d3de1a706ce7732ae7130b687d5bb4538b65e3a3cc99
tests/e2e/pass2916-renewal-promotion-final-seal.spec.ts	1150	d73be518ca4d6592829303c19b5452742e0ce783fbc6958b0e8882f22e409811
tests/e2e/pass2917-scheduled-revalidation-execution-breach.spec.ts	1175	27cf8bb7d81add5b5782f17c003faa97f9e0f16c36c0b1c2d56f1e1e001fc46f
tests/e2e/pass2918-downgrade-recovery-escrow.spec.ts	1080	616c1c9274af74de6497fb2577bf96d45e2b7ce2f401bab6109db7e931fa2aa7
tests/e2e/pass2919-recovery-replay-adjudication.spec.ts	1113	bdf80752f02185d174b91c637e288cfac669ef6992c2fffd561e267447b677d7
tests/e2e/pass2920-recovery-restore-candidate-probation.spec.ts	1415	0dc149dd1367e64d75e285885ee2b22ad2168dca2be103c052fbb39f25d9b2ab
tests/e2e/pass2921-probation-exit-seal.spec.ts	1283	98b0d1bcbc26cc7c6e3ca7012e7df1b204b7c512917d2aa419c4a0e2d11160a4
tests/e2e/pass2922-post-graduation-public-restore-seal.spec.ts	1246	649bb38de7c50cd09668afd5a45cf74c7aac160a5aa700d10ac15d7158ba9f68
tests/e2e/pass2935-mega-core-execution-batch.spec.ts	621	41ce764a2648b7440e9396dbd04c2bab4fd4202ab60f3fef254ae6ca2623fe38
tests/e2e/pass2945-2960-worldclass-full-closure.spec.ts	3864	54e684c62b6260c5f73a5b1cc866b29f67d5dbed3f314f7d18823418fba4ea5c
tests/e2e/pass2961-2975-zero-skip-product-launch-closure.spec.ts	665	e97bfdcf5bb03c6c6c5d67d85f14d117ea0404283a56b18a639ecfcccc01a3cf
tests/e2e/pass2976-3000-ultimate-zero-skip-pre-final-closure.spec.ts	648	1810bde0d7151b7f9ed98141ce80786c4ab921a87ee906815682f13ef474160f
tests/e2e/pass3051-3100-execution-readiness-hardening.spec.ts	410	26e449d42f4d70a1333cb7bae7dadecdd4a7d20408dc7d4b977e96ffdbb41234
tests/e2e/pass3101-3150-final-execution-control-plane.spec.ts	595	559a5744031697b33e12a7c7a4a43b9c038ca56603ec4ba3f6d00fb04d43870e
tests/e2e/pass3151-3200-preflight-remediation-control-plane.spec.ts	616	557677d84b63838e46456f12d8c2717fa5af7c7fea3dbe4b1250a0968209659e
tests/e2e/pass3201-3300-100k-zero-skip-prepared.spec.ts	917	277ff3ca19ef29937079e3cd69f5333a931e073f2efb1220268a7554e8d60677
tests/e2e/pass3301-3400-runtime-remediation-expansion.spec.ts	12962	4261220d639f009fe93937798a51f72e27b7f9e6e07645e62fe519cbf86fdc3f
tests/e2e/pass3401-3500-real-code-repair.spec.ts	979	94051e6822acad1e695fab60afadfa6aeea53dbef32a648247ca06c185d01d96
tests/e2e/pass3501-critical-runtime-repair.spec.ts	952	b82c1c206e775d47279040c2d8aa1f949f77c0d315d59da7d432748c7ae21ec9
tests/e2e/pass3601-3700-real-runtime-closure.spec.ts	564	d5d3119a5c6ad5d7ac2c3ef3a6965b7979a4e1beef5872e5ccd3db1e500973bb
tests/e2e/pass3701-3800-real-runtime-enforcement.spec.ts	928	a4c3a6ede81cdae99ece5ca476c3f0a67ec58c4fc47bb8ac6952ab5abc5a9452
tests/e2e/pass3901-4000-real-runtime-proof.spec.ts	590	f6f188f836867381df558116fb7d8fbb4c018998be41a807ec1bb78fec07571c
tests/e2e/pass4678-asset-detail-popup-visual-gates.spec.ts	3642	e177c29d129262ed4adb7ea4e41ad702f2644ab1fe90a37d0f53166c4c9389ce
tests/e2e/pass4687-asset-popup-browser-receipt.spec.ts	6533	51499afbf4ccf18f537e68548262ae67f14f7e4d6ee29cff2cf8030c4811b190
tests/live/pass4791-live-evidence-matrix.json	9209	4e599b92ecac7c24bb467caf4005b6c66cd46bf6efdb7841ce03c6477bc56a8b
tests/pass36/a102r44p10-active-copy-truth.mjs	5342	9ce3ccb153da1e98c8527630a96f0e0d4faa9f087cc6cd4d9e718af35229efe9
tests/pass36/a102r44p10-customer-truth-normalizer.mjs	1689	b748e1a67c9231f8ce74196d5aeb6a3cd2dabcca139060a25dc43cf4392d52ee
tests/pass36/a102r44p10-metamorphic-generalization.mjs	15777	f548e1bbf330902265d8176341a233f45edcc91b6360063222ac80f3d24d9ca9
tests/pass36/a102r44p10-real-local-e2e.mjs	8299	00d888716da12693f634e0e96c136033cf708a860f08cc9121cfc53516a1f976
tests/pass36/a102r44p11-angel-multicoin-safety.ts	6348	156a45b83bbdb9e87d45b75ae85ef5a881a388b8a4e11f6a2d682b18d2e7ed0d
tests/pass36/a102r44p14-weak-category-recall-and-control-suppression.mjs	5134	d728044a228385e2bc3bf62482eb1ad965a79e166737440133b2609d00809bfe
tests/pass36/a102r44p15-reentrancy-recall-and-control-suppression.mjs	8724	45235064edb344aa2174ae8dfdf3e3123217830de07ebf5346927406a7bf796c
tests/pass36/a102r44p15-reentrancy-source-parity-and-control-suppression.mjs	11153	6cdb31fd30c9b964e1d2bb5cd3669aad45b0a98997143527100b2d2b03b908d2
tests/pass36/a102r44p16-current-sku-runtime.ts	7950	4cef36c9947687b9dcfafa23b8c9176aec2edb01e689ad58a43a900a3df26a63
tests/pass36/a102r44p9-customer-truth-normalizer.mjs	1688	1b350119b3fb120146234c54966810ff6935e616a85a2a5a7ee90e4f96501234
tests/pass36/a102r44p9-metamorphic-generalization.mjs	15776	703f89ffe744466ad59d23030dec6a00eedb695e4d31c5549dca143d9097a3f7
tests/pass36/a102r44p9-real-local-e2e.mjs	8295	0aca4aa9d7e94667f9922c6a222dfc692864e435cbcc59816d797bdd5ecaf5be
tests/security/a102-account-artifact-preview-download-parity.test.ts	3091	1192cd2f730b4906c65a8f39121ac9da3ca3b0500733d2a8881b6d9e7e571f35
tests/security/a102-analysis-active-surface-reachability.test.mjs	1848	ffb23fab9a847bece82541ee80497b76273d3e01d82104cf5599037fab6721ce
tests/security/a102-analysis-confidence-calibration-truth.test.ts	3876	245f04c68f0652b6c1d48c9592f66d03c120502375ef1e765309f417940a8809
tests/security/a102-analysis-information-value-truth.test.ts	5417	b0e4d270c38a5aa79daba2c63cfe97571b65110313490abeab33ce0b1a8f693e
tests/security/a102-angel-ai-disclosure-and-public-topology.test.ts	2169	bfea17891a54cf7634c6e5b661a40edeb107c1fc8c24a05bdb372d102e2b7b7b
tests/security/a102-angel-standalone-output-truth.test.ts	2181	0437d1460ab762feec4c0328abac999a97568b106bf0d572c15df2385210b24b
tests/security/a102-asset-detail-shadow-drift.test.ts	2044	3f3a860cb9ff0406aebf32d02010ecf293b688fdc283ef6d9271449d91473e84
tests/security/a102-audit-reachable-customer-output-truth.test.ts	2171	3a8198b8b445c2e109e810f54629e0051b1176d9270b9c62fd7b2ff8bf7b387c
tests/security/a102-browser-pdf-evidence-confidence-separation.test.ts	5070	f8bd464c778a67fec09a5741d184d5f47336c4e1dc1858fe474f23f333caa595
tests/security/a102-current-evidence-availability-matrix.test.ts	5118	34dff9e99da4c0b20a6a88ec7bca557745d525518096bf2fcff09e69fca4f75d
tests/security/a102-evidence-availability-artifact-methodology-binding.test.ts	3805	963930c7b016756f8ead2c9fa14988792b81156d603d9f128e2f15aae27c6ecf
tests/security/a102-evidence-availability-dynamic-tier.test.ts	7942	e691f8201e87fa8a401477f5ccadf57e7a7933599cc04f75264b7d5ae1ac9b2e
tests/security/a102-exact-customer-pdf-delivery.test.ts	8712	cd2e3dec48aadc731cf13115e8048729e8e8b2f562a9f8c983f5bbe6d5e49549
tests/security/a102-internal-ai-dual-ledger.test.mjs	2887	0903d3cfe1e1cd81c13d64d14d9ce32af67085fff17cd494050f19de497edb28
tests/security/a102-lens-public-source-metric-truth.test.ts	5117	6602520710f422d07f1d9017435d098218705ba0215a513e874d03e04b329ad1
tests/security/a102-lens-report-source-metric-truth.test.ts	2625	31f4731d2fcdc29fde7c8f426698c0efd52c7ae65bc7466596f985dbdd4bd144
tests/security/a102-lens-source-token-transport.test.ts	3264	996aedc74f4638e8e070e26559ba078da21d24a567c220689c57127fafef4121
tests/security/a102-market-intelligence-current-output-withheld.test.ts	3031	726d4ec2f54e3fc814b1761f113a6afa6330e546c7bc92e731f3cf0a36d54752
tests/security/a102-p35-authority-handoff.test.mjs	2458	b93ad8559bfa77d8a7a10d2c2e68bb92405b5866da549793a6066159f771cfc9
tests/security/a102-p35-internal-ai-availability-ledger.test.mjs	3133	c8c065b2789f484489f152c2c5578d758f0400579004aa246362d2607123c06d
tests/security/a102-p36-ai-final-output-revalidation.test.mjs	11556	804793a294ef9470909c1d9b2e2781102c14081bbd82803f73f31115bd255803
tests/security/a102-p36-authority-deep-validation.test.mjs	11988	0b0593a3f100e16b29ee401a62ac194d6da816b467098e5fe3305e7744870f9a
tests/security/a102-p36-browser-tier-runtime-profiles.test.mjs	15989	113a2434ff520259b1374808a926c579640572c45f7ccc928d4a3292ab0571aa
tests/security/a102-p36-current-byte-build-gates.test.mjs	25605	fafeb76b8791bc4f5a0845c0485f681d01287eed42256a455a4d65849611fbb0
tests/security/a102-p36-exact-customer-pdf-integration.test.ts	24451	650b4758ca4e6f33471a32e65311cdd59fe7955b9ad6a7741abbe28a066b84ee
tests/security/a102-p36-internal-final-tier-campaign.test.mjs	10342	8236ba833cff5221385a90f8a7d3190567bc9f88e5b401306e1a64674691dd17
tests/security/a102-p36-package-current-source-cross-bindings.test.py	16056	920296655b79fba9d4a371f34e3085540d807801562aa1c51f23da23af1dd207
tests/security/a102-p36-public-readiness-handler-integration.test.ts	4069	ce1d2c42edfb4083c6a40ab43ab5df6f9e2c790025f897368a353284e954e1cf
tests/security/a102-paid-account-delivery-public-contract.test.ts	2798	5f0f40ed725d71e56fc3e2281d675947ce40fa0b108d4c5a4955868c3a67cd1c
tests/security/a102-paid-readiness-decomposition.test.ts	2680	c611bc60c488ebb6432690c4ee63bc5cc4f67af1138382c2ff0cc0327797ffff
tests/security/a102-public-audit-asset-evidence-coverage-truth.test.ts	5683	a9baba875e4ba5724e5049244c87e2987bcc624cce2c9575137202c6b327d47d
tests/security/a102-public-tier-readiness-contract.test.ts	2542	f2270fcbb91892c5f4edd2712ab22d6dd64592e6ada9e0438fc331c4ef04f372
tests/security/a102-real-markets-cross-surface-truth.test.ts	4522	c3c6bd484e29e5bf8ad9ad4380a1559ba2b599724c0aec7314686dae9978ce5b
tests/security/a102-risk-indicator-confidence-truth.test.ts	1771	21adf6cbca676630f3c5e14dfcf98968b6707d3b9cb8b93898062a9b2b90a68a
tests/security/a102-shield-map-input-sufficiency-truth.test.ts	5473	ff447ef17e6ddaff2f540cd54db66a37b6c7af018e131334f0832914d808141f
tests/security/a102-shield-pro-customer-truth.test.ts	6781	326eaae79d368a2db5787e4154b27b893c93fb0d34a0520cacca1024f9c6500f
tests/security/a85-shield-map-exact-identity.test.ts	16167	31a783aaa962d9b38023e7ced83808a081ccfac1fe7cccf80da5ae45a750cef5
tests/security/a90-a92-runtime-boundaries.test.ts	6620	2ccfbc0ce0fb0a26bf0d588706d0ff556dd679507769c1f83b1f220b3008abc7
tests/security/a90-api-edge-boundary.test.ts	6453	7e72e42b133e5b1860ec1f0388431b155acac4893dea4f2a10c9e5c9d3f5bd9a
tests/security/a91-product-image-boundary.test.ts	886	e6ce4387ae65e96c396cb5af962054fa7b4d5d93a7ec389d7db09e92201dd6da
tests/security/a91-raster-container-boundary.test.ts	1136	cd55328f8b291f18e37b7cb6baef9ad8636cd949153ae57652d2012a38bb37ca
tests/security/a94-analysis-client-boundary.test.ts	1752	bea2277bc2a24b4860b8028b40d0f035bdd2648fbb27e79b1c5b2fc1e4ac5491
tests/security/a94-denominator-truth-boundary.test.ts	2721	2c27bed45b95602aec2b89dd282afd9d4089cef4655b8cebf0a49f7a2968bdf0
tests/security/audit-account-message-tenant-isolation.test.ts	8088	f3b0cb748d0366de06cd6216040586efc66741c69ece3e561da2b037686a2fac
tests/security/legacy-market-routes-boundary.test.ts	2221	32224457a88d32de585ade2fa3963747661fa0b4e94cd27f64298db65cdc0383
tests/security/production-fixture-route-guard.test.ts	6494	b1272136185b0c77367716b7559b25919b68df813a9f83d8a5c55b7610aba509
tests/security/security-admin-post-contracts.test.ts	19277	150653eeda68dd0f3afa95e9857d2c4951277a9cfa52f12cd97576529f5493f1
tests/security/stripe-webhook-proxy-route.test.ts	6715	c2899ade1b53eb252e8588b85ebdad9437726b0f7247bfecbb5485c75c60b9f9
tests/security/trusted-provider-ingress-auth.test.ts	5383	f33461f25f27fa833410f9e6424afb2bd7f04474937a86d01ad009cdcfed3103
tests/security/vlm-service-verify-preflight.test.ts	15118	2c18c8e82957ee24fb22e8063d0c7ca858aff4761e601b095881dd8daecf18cf
tests/staging/pass23/rls-policy-structural-preflight.sql	5765	5d774f9534255c14bd158ca8b029f8bebd8c9258ee77a0d9991c11286ccfe30d
tests/staging/pass36/a96-rls-19-case-replay.sql	42223	4d4a44e147a81ecc328666c370406783d23bf8925f64171ce17cbffa58bb9ea1
tsconfig.a44-active.json	20932	5ee176e7a9ee6f98a5654b2c522ce0c6dc14685ce5911fa2480c72bbca58e05a
tsconfig.audit-evidence-p0.json	919	e8e0f52ed43555601a507c803034c47acc01e6ffac575eaa72512a87d4fdfe29
tsconfig.json	1495	f9fd96db7d8e0df92ca2de4d6a7f0b0a390b1c8cc80eb9dffc58da0090ec59af
tsconfig.pass35-audit-a01-a05.json	529	cf72d957c43be42f50e06fd246eb48fa592045b08c01dad89acfeb032c3bec1c
tsconfig.pass35-audit-a4.json	488	33d33a27c355d67d4221a7fdbc06ebde0558603e2d5974f231b38e433e161e5c
tsconfig.pass4441hotfix.json	392	01286c43f12701bff37e16d807c16d912a3dbdd3cbaf21e5e5f603402a380982
tsconfig.pass4626.json	764	0c77da583badacf83bd1c602a715cdcaaaafd5632a173cd274a5dd8813a267b9
tsconfig.pass4640.json	1406	992a2b63329a7fde0082ad6d54b5085aff12dad5f26528d02c108e57a41fd0ea
tsconfig.pass4643.json	510	694bd18d1639d1b446ee006c0163d7d64a1d597a683c5f868424dbe407dfeaa6
tsconfig.pass4649.json	537	bae942d2785b30e1992baec869d48c22bc5f72b1b990abe7880354eeb8ebfaee
tsconfig.pass4650-targeted.json	630	d0613d06c25f2183fecc51e991b33b466ca44364f6760349a553b2e88b4acccf
tsconfig.pass4651-targeted.json	495	cc18e2c83e6357b215d2582642b209027a62ba3560f86dc33c15032c3e48b157
tsconfig.pass4652-targeted.json	284	f7c53458fadef3f8dbabda3f071f3b28ec6716bebadc9585f8b81471c0221089
tsconfig.pass4653-targeted.json	928	e9aaa79d69f36d15f5dd617fce732d53703993ab6b4d1277232c00e4335c6af1
tsconfig.pass4654.json	662	3083985eacb12894fb538c2b9c2c3ef343413709738bb49e9d4f73c3de558062
tsconfig.pass4655.json	633	6a1a1d15018c85a2fc3fbba432067ed299ab0032e98d68098958d3f35f54cbc2
tsconfig.pass4656.json	2742	5f8e65719af49dd1c9307fc4ef6ba4090ea4cfa50bf5afe879816484168f2ebe
tsconfig.pass4657.json	1908	09de1701b51dc81500f79f46883a717a94e1eb23b15dbb27654cd74abeae9f7c
tsconfig.pass4658.json	1091	118507b28cfbdb72c5cc53cf48cf0c2485cfc3249fdb56a82af12a5a0bee11fa
tsconfig.pass4659.json	853	52befba81f765460951c25be93825a43246cbf32e2e3b9857d7bee8f38292985
tsconfig.pass4660.json	913	a933f6bd1849d1a510fb63accab167630b4c36ff95ab63e31e429c3731d3a669
tsconfig.pass4661.json	1056	65a941dbf2c609d4aa2fa7597e4085432b6dc9963cacd1aa30204a7e7cc9869c
tsconfig.pass4662.json	534	473fab4a7fdfd03eb4faead1ae37fbf9a6136a7397fcbf001b849d5f00acdc72
tsconfig.pass4663.json	639	5a198695d8fc366a77d4cb10faae956bc5986a09f4f0c3a4e71f223e5906d4db
tsconfig.pass4664.json	896	ee1b336b5db9b42246015bf69cbaf4c6d2525f474be099e612d859e14cdcb630
tsconfig.pass4665.json	349	f54810cdbe1f96bfd53b8f32c90aea9b4691986e45d53d30b6e08709d1481d6d
tsconfig.pass4665.market.json	207	d44b4b784bf46853f1896368a1ab9b09b8948aaac2bca2595bcc3039530fe630
tsconfig.pass4665.otherapi.json	585	cc848b43f98a44d940e28ff80b7e103c70375a3d8fa9f6b1febd494cbbe3da77
tsconfig.pass4665.pages-commerce.json	603	449324827abedb880e9b6f5efdc4ef99deaf71d686c010bec12f154f3263a7d0
tsconfig.pass4665.pages-risk.json	948	85cf0eb51096edcc0f59cf3974d81e9824fe09e61839def8fefe05fab49299d2
tsconfig.pass4665.pages-root.json	343	c6e06daa6b8b0c22f21c4bb192fcd4198ddb2af22e6c8740f038962193f17ee4
tsconfig.pass4665.security.json	199	379357396bd36d8d135d011cf33b12146e752cbf1c11d340d003a8648891511d
tsconfig.pass4666.json	436	e9ef15e73a58d844b81692daf48dc849ff6e693ec5e1be79615502d2c73c3527
tsconfig.pass4666.pages-market.json	595	98ac926debab8b1ae88542d51c8411d1b28aa56bf7139e5d0d20816f39a0f012
tsconfig.pass4666.pages-rest.json	563	7bd492ccf19fa9d85a0baebb9f8862ae91851c7719245728d53f45b45eff054e
tsconfig.pass4666.pages-runtime-proof.json	348	e6381e14d21fadb274fea206744ab88ac38c53690d14ac4443379b26d0a31969
tsconfig.pass4666.pages-search.json	334	a98e308b340bce70b02528b1297ac4dc9d31fdae6e726d472b1c628dac277404
tsconfig.pass4666.sec-01.json	318	298a8e1de6c44538e40002e6fbab776fd7de1945c15a273656e66fea533929e2
tsconfig.pass4666.sec-02.json	329	f37c9df7f7c923d15036a8b57f822860a99628215809bc7c854fe516f8edaae4
tsconfig.pass4666.sec-03.json	337	291cd4b503bf123796d741cd3c347de59e82157dcdb4b20e24668b3d0006b534
tsconfig.pass4666.sec-04.json	320	43829c5a8fea1e972a3645518db1f900bcc31adcedd756658e4638a131d2903f
tsconfig.pass4666.sec-05.json	308	fe887e19d52d8ed5f498f420424b666802c48f5ed13d9c636a9dd0cb1b750aaa
tsconfig.pass4666.sec-06.json	316	ec3530b606dd98a4962728f23d12f3eda432cb0defd9cd4ca3a2a420940c89fa
tsconfig.pass4666.sec-07.json	317	b15bafacfa7688f0aad16e7e3556b9aed126c7c8b9b014331b8d07bec69ef959
tsconfig.pass4666.sec-08.json	320	a5670dcb91cb1105560527f98138d416741389fd2d6733d486e108269935e5c3
tsconfig.pass4666.sec-09.json	315	ea26de82d551a3975671fe0304849f438f2a8c2f3569c05736b9adf561dab926
tsconfig.pass4666.sec-10.json	336	25a88561274ce032112814163eb61c87d6abc07838b059d7fb9356c227fd686f
tsconfig.pass4666.sec-11.json	301	c8f8d70c0330d9ca296cf3aa976fb7e5178d9451330a5dc36093631170e157df
tsconfig.pass4690.json	1129	eb5f2b804d835adc872552792268c6a225c4fb9c0378ac34b8292f42fba69d07
tsconfig.pass4691.json	468	7ee3100d78c600d624c695b309df8a22997e41f41dc2327f5866321531d558e5
tsconfig.pass4692.json	333	4d7242b4ec7e332219b4789a306372e443922e2f5f64baaa53acf8e0a7804125
tsconfig.pass4693.targeted.json	361	54a430e1062bf5b0e1cdb289cb4c08730974917121e73b08db365eb29aaf11c2
tsconfig.pass4694.targeted.json	344	855ebaff1dc178e58ffa09fd2538d782a975039ba208432db7ae8e89b57de086
tsconfig.pass4695.json	403	117aef0cdb47b676630233a471f67433006c2c55a6aefcec65eb09e739b02523
tsconfig.pass4696.json	453	9aa0c9f08a71617591d9376b4da34763a6ed13c4dd414ac03ea09682d98241aa
tsconfig.pass4699.json	419	402932c9c5d2329ddc4067c050a4d2e084c80c734c824c572c47ff3bcf015ba9
tsconfig.pass4700.json	785	1e5c8d9ebad53f02f300305490c353205f0d853bfbde5502a304595223c11303
tsconfig.pass4701.json	1744	66abbb027ad9b4ceaf7bc5165bc815e8ff06d7b957dd6cafb77538eae3885591
tsconfig.pass4702.json	979	f9b4a6a9a10d5100922592762b5e1ebacf625336f0f9d7e2532f01a5371be265
tsconfig.pass4703.json	731	2597a0049378a443e9e9cf792e12b713f3ed234683437e237c1849cd6f0096e6
tsconfig.pass4704.json	459	4b22ff105c35096f2330f2c1108ab039a5000ef9151687c427e275fb61c5a131
tsconfig.pass4706.json	442	062d5258ea5e57dcd8fe94e21609478d7f1852e97e9a2777682e5bdb393915d8
tsconfig.pass4707.json	651	5334d79575854aac9bdb2a35e65873baf69d240020af44b8d425396973503f3a
tsconfig.pass4708.json	645	eaf10671b1af84a24a0563d99e34c952424a9fd0e1c7d4d418262d8fdfc9e24d
tsconfig.pass4709.json	506	b2625c0108d6c0a163bac5cab2d290859c20e5a73f49ceaedf46b4c2cb4ce417
tsconfig.pass4711.json	389	a15e67b343b2857c9c00557cf4fc65eebd76684541798b7e66c95fb6dc27e09d
tsconfig.pass4712.json	437	891998e684aced02b5a8626fd5d0ea596a29cb9fbe48df2ea939170e3e6adafd
tsconfig.pass4713.json	632	a5062e1f4edef6bc965edacd96a31b29835e8bde80226d6611a4dfe34e59f37d
tsconfig.pass4714.json	390	30743629a74665fb59eeeafb808113b74effbcb94a3850196dcd2440098cee1a
tsconfig.pass4716.json	372	93d8e44b62765477c241c0ba9add0782d5e90f8ffc69b0067a47a7ba177bddb9
tsconfig.pass4717.json	803	48c04b3287593063f5fc07b57efdce6ae2fe7a5bebc0d82347eff9813f8291c8
tsconfig.pass4718.json	623	cbd61cf28d66378e72728b608d04b51ece95295b3e6a92ef606284b7f8d04cc2
tsconfig.pass4719.json	762	3eefcf658dbd41b87ebaa6ae942353e957a069f71080d352a36c958d77ad5e72
tsconfig.pass4720.json	439	e5a05e10dac320cc9516187c41e55349cc74588a3e07e3730644f28754c450cf
tsconfig.pass4741.json	389	1545b8835c5b053994dace7205d631e877c6b37cc34b94698dfba8881db511f9
tsconfig.pass4785.json	652	41a94617d1fb4790a5c2d23aab809a3b1be11cacda64fb409b035554946b9cf3
tsconfig.pass4792-atomic-storage.json	733	6b45a89b9ad91f2e2b715b52a1bf613bf0c20fe63f8ff7f08ea1a17cbd539625
tsconfig.pass4792-market-intelligence.json	1311	58f61abf95c78a119c83755a0db39e8201136be553331961b12935886c038e62
tsconfig.pass4796.json	799	8d12d8cc5acf2b0a795dbb2db0eb18cd7e2ad3a2fe62d6426433cc05d71a1b29
tsconfig.pass4797.json	1030	e92da6ece7a13c2a039391c5f1c5338f2ace3807966758c9d53a9bc95d8ae721
tsconfig.pass4798.json	814	c847e963bbdc7e2903ecbc9299c21973043af9882bf47e79d1010c6af486a46c
tsconfig.pass4800.json	990	d608b8585375d9abd3e09d9d9eba45bad61213427c8b771f33df34210a04ecec
tsconfig.pass4801.json	806	554dc117c911ed2cf703eeb4c66369e54b252ec93937260ceb6ca40e6e73bb86
tsconfig.pass4802.json	989	e040906fe078cd7a1d85ebb57c2776ef1667b3df0e219732abcf13f1ed196258
tsconfig.pass4803.json	850	4bc77b6e55b9930cddb0889b68f8d3ad5c7f1ee45d7e954f166b831a93fa1935
tsconfig.pass4804.json	552	e0005edce1716fd44bf2a339bf070af4c366cc02fb5faa57f8327b4cba64deae
tsconfig.pass4805.json	561	d62b9c2c9ea62c3d4ff5ecbcbe34a5d4af388ab08ab640fd6ce8266798cf2b40
tsconfig.pass4805.risk-regression.json	521	59c10a39bef54d18bb57b015161f75c08508648bb58f7c5f236676dc7aacdd3c
tsconfig.pass4807-core.json	924	a72f7b54f8fdca8d9ac1e640571e8f4a5b3b0c4abc59fd18c9ba263adce525a6
tsconfig.pass4808-account-component.json	579	f8ca743350ab11e36bea4d2878b0964fe5197525b3afbe21a863e81981044a8e
tsconfig.pass4808-core.json	1160	ff250c501aa822b24c1eeab6e2b45f3aa146e70de646a557a10ccb4d6afc0be9
tsconfig.pass4809-commercial-cohort.json	755	ce4d8a2e529cd930abf21127e8a8d137d99f4891bfd73e6a64d31e07e105f99c
tsconfig.pass4809-integrations.json	821	064571700ac16db8904c4b7be2568886e1f949dc183c96497336cf555363d63d
tsconfig.pass4810-anti-cherry-pick.json	1078	2ee102805ae72648a593fd0dc21ad5683c773d01dd1b344fd40e3b08ed9f5635
tsconfig.pass4811-integrations.json	989	3a4a87fd745b7ae1be985299647b7aadd2c31de5aea414f6f821434cc38cf6e7
tsconfig.pass4811-public-checkpoint.json	1234	baf49b5dd8ca6f1f66bc284a928fc4db0357cb8fda5b422c0e6690d1f7838a15
tsconfig.pass4812-core.json	1814	340c27b4a009232676d709c756ec8954899005fd317b01782500e1e24e48dc5e
tsconfig.pass4813-supply-chain.json	1517	445e0f27b68529314659c601e262fad21f809fa85b4298faeb6802c446c23f16
tsconfig.pass4814-staging-e2e.json	1278	30a246977d70b6a40b9b73585a96e16c3f7ab339dcfae952458d2ef38d58ed66
tsconfig.pass4815-chaos-recovery.json	1328	2a5308fefbaf1b00ac46d3556a431b315eae641f218bd531129e1796b6ab7838
tsconfig.pass4816-observability.json	1417	cc02b45a2280b36d7f5a61a923237755778fa1d59a80dbe6c8f86724e57972ef
tsconfig.pass4817-privacy-abuse.json	1515	69b82df6f6c85dc7a68c0067b44128ae17ea5d96d42944448c1f48dba52d12bc
tsconfig.pass4818-product-core.json	1120	d467ed0c89ae41129ea5d4c97fbe9d861697736e63f90fbfafa15d918e20f217
tsconfig.pass4818-routes.json	786	cbce80fb88098e9f8db177b302a03bbd4e99340d161b6c22f58a9d83d58df3c9
tsconfig.pass4819-product-core.json	1304	34a215e04c2d4c3e1f502fc34d4cec940f39cb6ed53117acb2a5e6bd3196f6e5
tsconfig.pass4819-routes.json	854	5e6a44333e3f2f4c3479866240f385399cd1f9a26f0c68a41fb94839a78deb64
tsconfig.pass4820-audit-core.json	880	c84d57892348fe808ce67771b79daeafd4bbea21866b42e0173939acc6b335c9
tsconfig.pass4820-routes.json	881	869c12b2a5200e7b9fd0daa10df40b4e39c7aabc0e716a99553cc94cd40f478b
tsconfig.pass4821-components.json	863	8d44626cd12b02f67ec93c58e8571c9bb6258b659d1a5824ecb8e8b3090401a0
tsconfig.pass4821-core.json	790	0b683e30ab512ede8f22f5428a1f6c7e94282d986d15a8b258975966a1d8efbe
tsconfig.pass4821-handler.json	531	e8f26aad67dfd32cc697cc197784dfd649b1eebf88f045bc8bdede80426cd46f
tsconfig.pass4821-routes.json	920	aa32c543975ee052be4eb644e4f45953ea69b20ab33c3476decab9f6028ff8fc
tsconfig.pass4822-core.json	843	f9eb437d4117ddcc1077129251ce6f75f7e1f850665545fb43dc7c917db70d7f
tsconfig.pass4822-routes.json	700	3d14fc7d3e8bfae838bf6e978556bd16c62a08aa75522fdb5dfae092b303b328
tsconfig.pass4822-search.json	664	526aee30f604a283ab55c57dad9edc739c31e0ae2f320c203d8e9183d82bdc20
tsconfig.pass4823-api-residual.json	624	96d35cc50d578d8ea6822689afa70f90233fb38c3721569aa47f848e67815630
tsconfig.pass4824-api-error.json	1165	0a490743cac4bf8238208a5ee5c3e6550402360791eef562d5fae05127497778
tsconfig.pass4824-exact-pdf.json	588	d7f19fd782a968d7b74068d03a9ccfc24fe7b900943c8d2c349666808950462e
tsconfig.pass4824-field-matrix.json	317	c0161464fe939b434b9b139acbe865538074e966df8aaeba3da51f96987c6ce4
tsconfig.pass4824-safe-egress.json	891	44568fadcd65cb61b26c69db156f23ea9d4063f65d7e8adef057525c5e25afd7
tsconfig.pass4824-wagmi-migration.json	271	c3a53b182383e691678af7e8906dbd4a5c1d4841369b184401e01b07a2ca254d
tsconfig.pass4824.auth-session.json	660	0024ecd4f5cc4776a2f3566d352ee1703d54e4f35f18132e9fe01b23a1e64a52
tsconfig.pass4824.provider-controls.json	624	55a658f725158602ae9160d7dd2010aa001a7654cd8d52489c96315bd36a4f52
tsconfig.pass4825-product-complete.json	574	8ced39766b695e8c68dcf508e28dcb99abaa201d02ce0463ba62aeeabd0688a3
tsconfig.pass4825-tooling-complete.json	369	fb03695687b1fb095d7991e2907ab867af2c90519d8295f660a783ba3082dfc3
tsconfig.pass4990.json	752	d76f87c18f85ecb228afb19e937393ad017df7b1bdc4d73eabe2da17be0d7838
tsconfig.pass4992.json	448	fd167c8ba08e936bff7d50abf8b1df34549b8eade4cc06b6130e499392b0d494
tsconfig.pass4993.json	476	6680ce180621dcc37f8c3239af0f16bcd53d70dec8a081ce58ff5645d21ccc8c
tsconfig.pass4994.json	589	b8d9422625c30a8664b0b43fa627e05c3e0e607fd97e13954d83eebdda17e179
tsconfig.pass4995.json	994	ca2648595403897cf145c4d4642520ba5db40b80def68454f40a6a0e1042a58d
tsconfig.pass6-api-abuse-diagnostics.json	494	22c66ee046fd4070030887c00f2c1ee954aec2e373d8935a726fbaea08aa1e79
tsconfig.pass6-asset-field-registry.json	433	4c283d1953737811833f865f5f815fcaeeef1131eb2f9411d28cb8b15103d3b2
tsconfig.pass6-legacy-live-truth.json	2480	71e929ec93eeb2076bdb412c73d1490147992cef53edc40c06c526026875ce91
tsconfig.pass6-manual-review-authority.json	211	cb547d25382cb24a16872c13d28217b11a2fe72ab86e4b8c06b39311212da275
tsconfig.pass6-paid-full-data-slo.json	418	24a3edf18b1f62b58a986a95f7629ab85ea21a6000e3de4919058c9df53adee0
tsconfig.pass6-real-markets-data.json	747	99975a5d46e4e787fb14ece5d31ad8043eecacc6f30ad41ab62a3e127626a3de
tsconfig.pass6-shield-klines.json	618	d8f90d22770223f739f9e2d18e2968f7c9ea0356c31a0b2f6287cad4f21c9fff
tsconfig.pass6-ui-live-truth.json	809	27f50dcb8f9121be6b95d7afb4b99416b9b8f7417d458026ebac1a741d9041fb
tsconfig.pass6-worker-envelope.json	616	391b929867b00d1023625ccc7dd9fa2bf32494cda95880c07a2c5349a80acb47
tsconfig.security-hardening.json	984	cdd0b2425a31c851cd8dc456b1978f48f01d5dd2c1a9498e3c3a0144344bd581
tsconfig.vlm-risk-p0.json	1367	9763e576624b29f8ab320398c9c4b7365ece3538189382cd0c6a392c55054af7
vercel.json	206	ca2083c5aa0fa9a70bbaf847c3eb9790bdf763951913c69e2fce0ff4e482fce6
